id;cluster;substatus;type;initDate;finalDate;carrierId;carrier;addressTypes;hasBusinessAddress;hasResidentialAddress;hasNotTaggedAddress;hasHelper;hasPlaces;hasBulky;hasPickupBuyer;hasPickupNode;isDeliveryRoute;isPickupRoute;isDeliveryPickupRoute;hasBags;deliveryType;facilityId;serviceCenterId;facilityType;timezone;initHour;hasShipmentsNotDelivered;claims;incidentTypes;hasAmbulance;claimsFilter;outRangeDeliveryFilter;routePerformanceScore;tocTotalCases;isLineHaul;notesQuantity;hasComments;warningsQuantity;isNewAlert;status;vehicleDescriptionForFilter;driver.driverName;driver.driverClaims;driver.contactRate;destinationFacility.destinationFacilityId;destinationFacility.destinationFacilityType;counters.total;counters.delivered;counters.notDelivered;counters.pending;counters.fromRoutes;counters.toRoutes;counters.totalBags;counters.residential;counters.business;counters.pendingBags;counters.deliveredDelivery;counters.notDeliveredDelivery;counters.pendingDelivery;counters.deliveredPickup;counters.notDeliveredPickup;counters.pendingPickup;failedDeliveryIndex.percent;failedDeliveryIndex.shouldDisplayBadge;flags.claimsCount;flags.failedDeliveryIndex.percent;flags.failedDeliveryIndex.shouldDisplayBadge;flags.hasAmbulance;flags.hasInitialDelay;flags.outRangeDelivery.delivered;flags.outRangeDelivery.notDelivered;timingData.orh;timingData.ozh;timingData.stemOut;timingData.stemIn;shipmentData.spr;shipmentData.sprDelivery;shipmentData.sprPickup;shipmentData.delivered;shipmentData.deliveredDelivery;shipmentData.deliveredPickup;shipmentData.failedDeliveries;shipmentData.failedDeliveriesDelivery;shipmentData.failedDeliveriesPickup;inactivityVehicle.startDate;inactivityVehicle.alert;inactivityVehicle.status;inactivityVehicle.priority;inactivityVehicle.severity;delayedRoute.alert;delayedRoute.status;delayedRoute.priority;delayedRoute.severity;pendingSackDelivery.alert;pendingSackDelivery.status;pendingSackDelivery.priority;pendingSackDelivery.severity;odRouteDispatchDelayed.alert;odRouteDispatchDelayed.status;odRouteDispatchDelayed.priority;odRouteDispatchDelayed.severity;commercialStopPending.alert;commercialStopPending.commercialStatus;commercialStopPending.priority;commercialStopPending.severity;commercialStopPending.affectedStopsCount;delayedStemout.alert;delayedStemout.status;delayedStemout.priority;delayedStemout.severity;vehicle.description;vehicle.license;plannedRoute.duration;plannedRoute.progressPercent;plannedRoute.distance;plannedRoute.cycleName;plannedRoute.promise;plannedRoute.promiseFilter;plannedRoute.cpt;plannedRoute.vehicleTypeId;plannedRoute.vehicleTypeDescription;driver.driverId;driver.loyalty.name;driver.loyalty.stats;dateFirstMovement
413957860;148;at_destination_facility;last_mile;0;0;1670870460;JL Castro;['residential', 'business'];True;True;False;False;False;False;False;False;True;False;False;False;driver;BRNPA769;SPA1;nex;America/Belem;;False;[];[];False;0;0;;0;True;0;False;1;True;planned;Moto ME Extra;-;0;0;BRNPA769;nex;38;0;0;38;0;0;0;36;2;0;0;0;38;0;0;0;0;False;0;0;False;False;False;0;0;0;0;0;0;38;38;0;0;0;0;0;0;0;0;False;;0;0;False;;0;0;False;;0;0;True;new;4;2;False;;0;0;0;False;;0;0;;;268;0;11.66;AM1;FAST_PROMISE;FAST_PROMISE;2026-07-22;170;Moto ME Extra;;;;
413957895;147;at_destination_facility;last_mile;0;0;1670870460;JL Castro;['residential', 'business'];True;True;False;False;False;False;False;False;True;False;False;False;driver;BRNPA769;SPA1;nex;America/Belem;;False;[];[];False;0;0;;0;True;0;False;1;True;planned;Moto ME Extra;-;0;0;BRNPA769;nex;39;0;0;39;0;0;0;34;5;0;0;0;39;0;0;0;0;False;0;0;False;False;False;0;0;0;0;0;0;39;39;0;0;0;0;0;0;0;0;False;;0;0;False;;0;0;False;;0;0;True;new;4;2;False;;0;0;0;False;;0;0;;;249;0;9.99;AM1;FAST_PROMISE;FAST_PROMISE;2026-07-25;170;Moto ME Extra;;;;
413959141;2;at_destination_facility;last_mile;0;0;1670870460;JL Castro;['residential', 'business'];True;True;False;False;False;False;False;False;True;False;False;False;driver;BRNPA11440;SPA1;nex;America/Belem;;False;[];[];False;0;0;;0;True;0;False;1;True;planned;Veiculo de Passeio Extra 4h;-;0;0;BRNPA11440;nex;43;0;0;43;0;0;0;40;3;0;0;0;43;0;0;0;0;False;0;0;False;False;False;0;0;0;0;0;0;43;43;0;0;0;0;0;0;0;0;False;;0;0;False;;0;0;False;;0;0;True;new;4;2;False;;0;0;0;False;;0;0;;;247;0;7.42;AM1;FAST_PROMISE;FAST_PROMISE;2026-07-24;173;Veiculo de Passeio Extra 4h;;;;
413969907;98;at_destination_facility;last_mile;0;0;1670870460;JL Castro;['residential', 'business'];True;True;False;False;False;False;False;False;True;False;False;False;driver;BRNPA535;SPA1;nex;America/Belem;;False;[];[];False;0;0;;0;True;0;False;1;True;planned;Moto ME Extra;-;0;0;BRNPA535;nex;40;0;0;40;0;0;0;30;8;0;0;0;40;0;0;0;0;False;0;0;False;False;False;0;0;0;0;0;0;40;40;0;0;0;0;0;0;0;0;False;;0;0;False;;0;0;False;;0;0;True;new;4;2;False;;0;0;0;False;;0;0;;;236;0;9.15;AM1;FAST_PROMISE;FAST_PROMISE;2026-07-25;170;Moto ME Extra;;;;
413969921;101;at_destination_facility;last_mile;0;0;1670870460;JL Castro;['residential', 'business'];True;True;False;False;False;False;False;False;True;False;False;False;driver;BRNPA535;SPA1;nex;America/Belem;;False;[];[];False;0;0;;0;True;0;False;1;True;planned;Moto ME Extra;-;0;0;BRNPA535;nex;40;0;0;40;0;0;0;34;6;0;0;0;40;0;0;0;0;False;0;0;False;False;False;0;0;0;0;0;0;40;40;0;0;0;0;0;0;0;0;False;;0;0;False;;0;0;False;;0;0;True;new;4;2;False;;0;0;0;False;;0;0;;;263;0;13.25;AM1;FAST_PROMISE;FAST_PROMISE;2026-07-24;170;Moto ME Extra;;;;
414358260;103;started;last_mile;1785070224;0;1733570264;Envios Extra;['residential', 'business'];True;True;False;False;False;False;False;False;True;False;False;False;me_extra;BRNPA26;SPA1;nex;America/Belem;09;False;[];[];False;0;0;INACTIVE;0;False;0;False;2;False;active;Veículo de Passeio;Anderson Ruan Gomes Oliveira;2;0,1;BRNPA26;nex;30;0;0;30;0;0;0;24;6;0;0;0;30;0;0;0;0;False;0;0;False;False;False;0;0;850;0;850;0;30;30;0;0;0;0;0;0;0;1785109365;True;;3;0;False;;0;0;False;;0;0;False;;5;0;True;closed;4;3;1;False;;0;0;Veículo de Passeio;NSZ8B13;93;100;7.92;AM1;;;;173;;1331249.0;Bronce;[{'label': '93.06% de entregas exitosas'}, {'label': '99.18% de entregas sin reclamos (sin PNR o lost)'}, {'label': '600 puntos'}];
414358316;87;;last_mile;1785078535;0;1733570264;Envios Extra;['residential', 'business'];True;True;False;False;False;False;False;False;True;False;False;False;me_extra;BRNPA26;SPA1;nex;America/Belem;12;True;[];[161];False;0;0;OK;2;False;0;False;0;False;return_to_station;Veículo de Passeio;Thiago Teixeira Bitencourt Nicacio;2;0,6;BRNPA26;nex;44;42;2;0;0;0;0;1;1;0;42;2;0;0;0;0;4,5;True;0;4,5;True;False;False;0;0;230;187;43;482;44;44;0;42;42;0;2;2;0;0;False;;0;0;False;;0;0;False;;0;0;False;;4;0;False;;0;0;0;False;;0;0;Veículo de Passeio;SHV4B44;284;81,0;13.79;AM1;;;;173;;4950435.0;Bronce;[{'label': '98.77% de entregas exitosas'}, {'label': '99.38% de entregas sin reclamos (sin PNR o lost)'}, {'label': '800 puntos'}];1785081130.0
414347249;127;started;last_mile;1785071740;0;1733570264;Envios Extra;['residential', 'business'];True;True;False;False;False;False;False;False;True;False;False;False;me_extra;BRNPA75;SPA1;nex;America/Belem;10;True;[];[160];False;0;0;OK;2;False;0;False;2;False;active;Veículo de Passeio;Damiana Dos Santos Reis;5;0,2;BRNPA75;nex;44;18;2;24;0;0;0;18;8;0;18;2;24;0;0;0;4,5;True;0;4,5;True;False;False;0;0;825;588;237;0;44;44;0;18;18;0;2;2;0;1785090492;True;;4;0;False;;0;0;False;;0;0;False;;4;0;True;closed;5;3;1;False;;0;0;Veículo de Passeio;OTD7A38;252;100;16.82;AM1;;;;173;;4176525.0;Oro;[{'label': '96.34% de entregas exitosas'}, {'label': '100% de entregas sin reclamos (sin PNR o lost)'}, {'label': '2,100 puntos'}];1785085958.0
414347277;112;started;last_mile;1785070979;0;1733570264;Envios Extra;['residential'];False;True;False;False;False;False;False;False;True;False;False;False;me_extra;BRNPA75;SPA1;nex;America/Belem;10;True;[];[166, 168, 167];False;0;0;OK;6;False;0;False;1;False;active;Veículo de Passeio;Glauber Gomes Dos Santos;2;1,8;BRNPA75;nex;41;35;6;0;0;0;0;6;0;0;35;6;0;0;0;0;14,6;True;0;14,6;True;False;False;0;0;838;718;120;0;41;41;0;35;35;0;6;6;0;1785110168;True;;5;0;False;;0;0;False;;0;0;False;;4;0;False;;0;0;0;False;;0;0;Veículo de Passeio;QVJ2020;258;100;9.25;AM1;;;;173;;3893651.0;Bronce;[{'label': '0% de entregas exitosas'}, {'label': '0% de entregas sin reclamos (sin PNR o lost)'}, {'label': '0 puntos'}];1785078171.0
414347382;128;started;last_mile;1785073024;0;1733570264;Envios Extra;['business'];True;False;False;False;False;False;False;False;True;False;False;False;me_extra;BRNPA75;SPA1;nex;America/Belem;10;True;[];[160];False;0;0;OK;2;False;0;False;0;False;active;Veículo de Passeio;Jose Henrique Amaral Magno Neto;4;0,1;BRNPA75;nex;43;42;1;0;0;0;0;0;1;0;42;1;0;0;0;0;2,3;True;0;2,3;True;False;False;0;0;804;770;34;0;43;43;0;42;42;0;1;1;0;0;False;;0;0;False;;0;0;False;;0;0;False;;4;0;False;;0;0;0;False;;0;0;Veículo de Passeio;TER4E43;257;100;11.15;AM1;;;;173;;3189609.0;Platino;[{'label': '98.25% de entregas exitosas'}, {'label': '99.50% de entregas sin reclamos (sin PNR o lost)'}, {'label': '2,000 puntos'}];1785075068.0
414350119;157;started;last_mile;1785067602;0;1733570264;Envios Extra;['business'];True;False;False;False;False;False;False;False;True;False;False;False;me_extra;BRNPA26;SPA1;nex;America/Belem;09;True;[];[160, 161];False;0;0;OK;2;False;0;False;1;False;active;Veículo de Passeio;Diego Saldanha Correia;9;0,4;BRNPA26;nex;45;43;2;0;0;0;0;0;2;0;43;2;0;0;0;0;4,4;True;0;4,4;True;False;False;0;0;894;846;48;0;45;45;0;43;43;0;2;2;0;1785118118;True;;5;0;False;;0;0;False;;0;0;False;;4;0;False;;0;0;0;False;;0;0;Veículo de Passeio;QDR5990;302;100;24.22;AM1;;;;173;;2780309.0;Bronce;[{'label': '99.07% de entregas exitosas'}, {'label': '99.44% de entregas sin reclamos (sin PNR o lost)'}, {'label': '1,300 puntos'}];1785070455.0
414351687;14;started;last_mile;1785067722;0;1733570264;Envios Extra;['business'];True;False;False;False;False;False;False;False;True;False;False;False;me_extra;BRNPA193;SPA1;nex;America/Belem;09;True;[];[160];False;0;0;OK;2;False;0;False;0;False;active;Veículo de Passeio;Luiz Paulo Paixao da Paixao;3;0,2;BRNPA193;nex;42;41;1;0;0;0;0;0;1;0;41;1;0;0;0;0;2,4;True;0;2,4;True;False;False;0;0;892;868;24;0;42;42;0;41;41;0;1;1;0;0;False;;0;0;False;;0;0;False;;0;0;False;;4;0;False;;0;0;0;False;;0;0;Veículo de Passeio;NTC4C78;246;100;10.86;AM1;;;;173;;4648300.0;Bronce;[{'label': '98% de entregas exitosas'}, {'label': '99.69% de entregas sin reclamos (sin PNR o lost)'}, {'label': '1,600 puntos'}];1785069146.0
414358323;82;started;last_mile;1785069978;0;1733570264;Envios Extra;['residential', 'business'];True;True;False;False;False;False;False;False;True;False;False;False;me_extra;BRNPA26;SPA1;nex;America/Belem;09;True;[];[160];False;0;0;OK;6;False;0;False;0;False;active;Veículo de Passeio;Daniel Vitor Ferreira Lopes;2;0,1;BRNPA26;nex;42;36;6;0;0;0;0;5;1;0;36;6;0;0;0;0;14,3;True;0;14,3;True;False;False;0;0;854;806;48;0;42;42;0;36;36;0;6;6;0;1785083701;False;;0;0;False;;0;0;False;;0;0;False;;4;0;False;;0;0;0;False;;0;0;Veículo de Passeio;OBT2B70;127;100;10.09;AM1;;;;173;;4755703.0;Oro;[{'label': '98.16% de entregas exitosas'}, {'label': '100% de entregas sin reclamos (sin PNR o lost)'}, {'label': '1,900 puntos'}];1785072899.0
414358337;85;started;last_mile;1785072998;0;1733570264;Envios Extra;['business'];True;False;False;False;False;False;False;False;True;False;False;False;me_extra;BRNPA26;SPA1;nex;America/Belem;10;True;[{'status': 'opened', 'count': 1}];[169];False;1;0;OK;4;False;0;False;0;False;active;Veículo de Passeio;Alexandre Alves Sanches;7;0,6;BRNPA26;nex;39;38;1;0;0;0;0;0;1;0;38;1;0;0;0;0;2,6;True;1;2,6;True;False;False;0;0;804;778;26;0;39;39;0;38;38;0;1;1;0;1785073133;False;;0;0;False;;0;0;False;;0;0;False;;4;0;False;;0;0;0;False;;0;0;Veículo de Passeio;OYX8A35;279;100;13.23;AM1;;;;173;;4460084.0;Bronce;[{'label': '100% de entregas exitosas'}, {'label': '98.71% de entregas sin reclamos (sin PNR o lost)'}, {'label': '600 puntos'}];1785074568.0
414358344;88;started;last_mile;1785069746;0;1733570264;Envios Extra;['residential', 'business'];True;True;False;False;False;False;False;False;True;False;False;False;me_extra;BRNPA26;SPA1;nex;America/Belem;09;True;[];[167, 164];False;0;0;OK;9;False;0;False;1;False;active;Veículo de Passeio;Wesley Fernando da Silva Costa;3;0,4;BRNPA26;nex;44;34;10;0;0;0;0;7;2;0;34;10;0;0;0;0;22,7;True;0;22,7;True;False;False;0;0;858;827;31;0;44;44;0;34;34;0;10;10;0;1785081309;True;;5;0;False;;0;0;False;;0;0;False;;4;0;False;;0;0;0;False;;0;0;Veículo de Passeio;OTF8B72;249;100;13.89;AM1;;;;173;;4756571.0;Bronce;[{'label': '90.67% de entregas exitosas'}, {'label': '99.74% de entregas sin reclamos (sin PNR o lost)'}, {'label': '800 puntos'}];1785071622.0
414358407;78;started;last_mile;1785071187;0;1733570264;Envios Extra;['residential', 'business'];True;True;False;False;False;False;False;False;True;False;False;False;me_extra;BRNPA26;SPA1;nex;America/Belem;10;True;[];[169, 167, 160];False;0;0;OK;13;False;0;False;1;False;active;Veículo de Passeio;Jonas Fonseca da Silva;4;0,2;BRNPA26;nex;42;29;13;0;0;0;0;11;2;0;29;13;0;0;0;0;31,0;True;0;31,0;True;False;False;0;0;834;796;38;0;42;42;0;29;29;0;13;13;0;1785113734;True;;5;0;False;;0;0;False;;0;0;False;;4;0;False;;0;0;0;False;;0;0;Veículo de Passeio;QVV8J81;292;100;16.02;AM1;;;;173;;3266746.0;Bronce;[{'label': '89.57% de entregas exitosas'}, {'label': '100% de entregas sin reclamos (sin PNR o lost)'}, {'label': '1,100 puntos'}];1785073474.0
412026931;H1_PM1;at_destination_facility;last_mile;1784658902;0;59903397;RodaCoop;['residential', 'business'];True;True;False;False;True;False;False;False;True;False;False;False;driver;EPA5;SPA2;exchange_point;America/Belem;15;False;[];[];False;0;0;;0;True;0;False;0;False;planned;Vuc;-;0;0;EPA5;exchange_point;148;0;0;148;0;0;0;96;2;0;0;0;148;0;0;0;0;False;0;0;False;False;False;0;0;7706;0;7706;0;148;148;0;0;0;0;0;0;0;0;False;;0;0;False;;0;0;False;;0;0;False;;0;0;False;;0;0;0;False;;0;0;;;399;100;178.94;PM1;FAST_PROMISE;FAST_PROMISE;2026-07-17;16;Vuc;;;;
412598187;>P1_PM1;at_destination_facility;last_mile;1784743681;0;59903397;RodaCoop;['residential', 'business'];True;True;False;False;False;False;False;False;True;False;False;False;driver;EPA5;SPA2;exchange_point;America/Belem;15;False;[];[];False;0;0;;0;True;0;False;0;False;planned;Vuc;-;0;0;EPA5;exchange_point;204;0;0;204;0;0;0;136;68;0;0;0;204;0;0;0;0;False;0;0;False;False;False;0;0;6293;0;6293;0;204;204;0;0;0;0;0;0;0;0;False;;0;0;False;;0;0;False;;0;0;False;;0;0;False;;0;0;0;False;;0;0;;;406;100;70.19;PM1;FAST_PROMISE;FAST_PROMISE;2026-07-11;16;Vuc;;;;
412677931;>H2_PM1;at_destination_facility;last_mile;1784749576;0;59903397;RodaCoop;['residential', 'business'];True;True;False;False;False;False;False;False;True;False;False;False;driver;EPA5;SPA2;exchange_point;America/Belem;16;False;[];[];False;0;0;;0;True;0;False;0;False;planned;Vuc;-;0;0;EPA5;exchange_point;135;0;0;135;0;0;0;88;47;0;0;0;135;0;0;0;0;False;0;0;False;False;False;0;0;6194;0;6194;0;135;135;0;0;0;0;0;0;0;0;False;;0;0;False;;0;0;False;;0;0;False;;0;0;False;;0;0;0;False;;0;0;;;400;100;73.29;PM1;FAST_PROMISE;FAST_PROMISE;2026-07-15;16;Vuc;;;;
413728176;B21_PM1;at_destination_facility;last_mile;1784911192;0;17502440;DHL;['residential', 'business'];True;True;False;False;False;False;False;False;True;False;False;False;driver;ETO4;SPA2;exchange_point;America/Belem;13;False;[];[];False;0;0;;0;True;0;False;0;False;planned;Vuc;-;0;0;ETO4;exchange_point;109;0;0;109;0;0;0;88;21;0;0;0;109;0;0;0;0;False;0;0;False;False;False;0;0;3501;0;3501;0;109;109;0;0;0;0;0;0;0;0;False;;0;0;False;;0;0;False;;0;0;False;;0;0;False;;0;0;0;False;;0;0;;;421;100;27.52;PM1;FAST_PROMISE;FAST_PROMISE;2026-07-22;16;Vuc;;;;
413780830;B16_PM1;at_destination_facility;last_mile;1784915586;0;17502440;DHL;['residential', 'business'];True;True;False;False;False;False;False;False;True;False;False;False;driver;ETO4;SPA2;exchange_point;America/Belem;14;False;[];[];False;0;0;;0;True;0;False;0;False;planned;Van;-;0;0;ETO4;exchange_point;69;0;0;69;0;0;0;53;16;0;0;0;69;0;0;0;0;False;0;0;False;False;False;0;0;3428;0;3428;0;69;69;0;0;0;0;0;0;0;0;False;;0;0;False;;0;0;False;;0;0;False;;0;0;False;;0;0;0;False;;0;0;;;411;100;47.88;PM1;FAST_PROMISE;FAST_PROMISE;2026-07-23;28;Van;;;;
413800927;A2_PM1;at_destination_facility;last_mile;1784917498;0;17502440;DHL;['residential', 'business'];True;True;False;False;False;False;False;False;True;False;False;False;driver;ETO4;SPA2;exchange_point;America/Belem;15;False;[];[];False;0;0;;0;True;0;False;0;False;planned;Veículo de Passeio;-;0;0;ETO4;exchange_point;99;0;0;99;0;0;0;73;26;0;0;0;99;0;0;0;0;False;0;0;False;False;False;0;0;3396;0;3396;0;99;99;0;0;0;0;0;0;0;0;False;;0;0;False;;0;0;False;;0;0;False;;0;0;False;;0;0;0;False;;0;0;;;359;100;22.7;PM1;FAST_PROMISE;FAST_PROMISE;2026-07-25;11;Veículo de Passeio;;;;
413802502;A9_PM1;at_destination_facility;last_mile;1784917626;0;17502440;DHL;['residential', 'business'];True;True;False;False;False;False;False;False;True;False;False;False;driver;ETO4;SPA2;exchange_point;America/Belem;15;False;[];[];False;0;0;;0;True;0;False;0;False;planned;Utilitários;-;0;0;ETO4;exchange_point;98;0;0;98;0;0;0;84;13;0;0;0;98;0;0;0;0;False;0;0;False;False;False;0;0;3394;0;3394;0;98;98;0;0;0;0;0;0;0;0;False;;0;0;False;;0;0;False;;0;0;False;;0;0;False;;0;0;0;False;;0;0;;;404;100;34.02;PM1;FAST_PROMISE;FAST_PROMISE;2026-07-20;2;Utilitários;;;;
413809803;A1_PM1;at_destination_facility;last_mile;1784918234;0;17502440;DHL;['residential', 'business'];True;True;False;False;True;False;False;False;True;False;False;False;driver;ETO4;SPA2;exchange_point;America/Belem;15;False;[];[];False;0;0;;0;True;0;False;0;False;planned;Vuc;-;0;0;ETO4;exchange_point;135;0;0;135;0;0;0;91;33;0;0;0;135;0;0;0;0;False;0;0;False;False;False;0;0;3383;0;3383;0;135;135;0;0;0;0;0;0;0;0;False;;0;0;False;;0;0;False;;0;0;False;;0;0;False;;0;0;0;False;;0;0;;;416;100;30.74;PM1;FAST_PROMISE;FAST_PROMISE;2026-07-23;16;Vuc;;;;
413815501;A5_PM1;at_destination_facility;last_mile;1784918641;0;17502440;DHL;['residential', 'business'];True;True;False;False;False;False;False;False;True;False;False;False;driver;ETO4;SPA2;exchange_point;America/Belem;15;False;[];[];False;0;0;;0;True;0;False;0;False;planned;Utilitários;-;0;0;ETO4;exchange_point;94;0;0;94;0;0;0;67;27;0;0;0;94;0;0;0;0;False;0;0;False;False;False;0;0;3377;0;3377;0;94;94;0;0;0;0;0;0;0;0;False;;0;0;False;;0;0;False;;0;0;False;;0;0;False;;0;0;0;False;;0;0;;;420;100;25.5;PM1;FAST_PROMISE;FAST_PROMISE;2026-07-17;2;Utilitários;;;;
413818042;A16_PM1;at_destination_facility;last_mile;1784918832;0;17502440;DHL;['residential', 'business'];True;True;False;False;False;False;False;False;True;False;False;False;driver;ETO4;SPA2;exchange_point;America/Belem;15;False;[];[];False;0;0;;0;True;0;False;0;False;planned;Utilitários;-;0;0;ETO4;exchange_point;96;0;0;96;0;0;0;61;35;0;0;0;96;0;0;0;0;False;0;0;False;False;False;0;0;3373;0;3373;0;96;96;0;0;0;0;0;0;0;0;False;;0;0;False;;0;0;False;;0;0;False;;0;0;False;;0;0;0;False;;0;0;;;403;100;42.36;PM1;FAST_PROMISE;FAST_PROMISE;2026-07-20;2;Utilitários;;;;
413839105;C3_PM1;at_destination_facility;last_mile;1784920243;0;17502440;DHL;['residential', 'business'];True;True;False;False;True;False;False;False;True;False;False;False;driver;EPA7;SPA2;exchange_point;America/Belem;16;False;[];[];False;0;0;;0;True;0;False;0;False;planned;Utilitários;-;0;0;EPA7;exchange_point;100;0;0;100;0;0;0;66;29;0;0;0;100;0;0;0;0;False;0;0;False;False;False;0;0;3350;0;3350;0;100;100;0;0;0;0;0;0;0;0;False;;0;0;False;;0;0;False;;0;0;False;;0;0;False;;0;0;0;False;;0;0;;;368;100;24.22;PM1;FAST_PROMISE;FAST_PROMISE;2026-07-25;2;Utilitários;;;;
413839294;C1_PM1;at_destination_facility;last_mile;1784920254;0;17502440;DHL;['residential', 'business'];True;True;False;False;True;False;False;False;True;False;False;False;driver;EPA7;SPA2;exchange_point;America/Belem;16;False;[];[];False;0;0;;0;True;0;False;0;False;planned;Vuc;-;0;0;EPA7;exchange_point;141;0;0;141;0;0;0;96;38;0;0;0;141;0;0;0;0;False;0;0;False;False;False;0;0;3350;0;3350;0;141;141;0;0;0;0;0;0;0;0;False;;0;0;False;;0;0;False;;0;0;False;;0;0;False;;0;0;0;False;;0;0;;;417;100;74.12;PM1;FAST_PROMISE;FAST_PROMISE;2026-07-10;16;Vuc;;;;
413840645;C8_PM1;at_destination_facility;last_mile;1784920350;0;17502440;DHL;['residential', 'business'];True;True;False;False;False;False;False;False;True;False;False;False;driver;EPA7;SPA2;exchange_point;America/Belem;16;False;[];[];False;0;0;;0;True;0;False;0;False;planned;Utilitários;-;0;0;EPA7;exchange_point;97;0;0;97;0;0;0;78;19;0;0;0;97;0;0;0;0;False;0;0;False;False;False;0;0;3348;0;3348;0;97;97;0;0;0;0;0;0;0;0;False;;0;0;False;;0;0;False;;0;0;False;;0;0;False;;0;0;0;False;;0;0;;;416;100;19.39;PM1;FAST_PROMISE;FAST_PROMISE;2026-07-22;2;Utilitários;;;;
413842976;C2_PM1;at_destination_facility;last_mile;1784920504;0;17502440;DHL;['residential', 'business'];True;True;False;False;False;False;False;False;True;False;False;False;driver;EPA7;SPA2;exchange_point;America/Belem;16;False;[];[];False;0;0;;0;True;0;False;0;False;planned;Utilitários;-;0;0;EPA7;exchange_point;96;0;0;96;0;0;0;54;42;0;0;0;96;0;0;0;0;False;0;0;False;False;False;0;0;3346;0;3346;0;96;96;0;0;0;0;0;0;0;0;False;;0;0;False;;0;0;False;;0;0;False;;0;0;False;;0;0;0;False;;0;0;;;348;100;17.48;PM1;FAST_PROMISE;FAST_PROMISE;2026-07-25;2;Utilitários;;;;
414213598;>P15_PM1;at_destination_facility;last_mile;1784997255;0;59903397;RodaCoop;['residential', 'business'];True;True;False;False;False;False;False;False;True;False;False;False;driver;EPA5;SPA2;exchange_point;America/Belem;13;False;[];[];False;0;0;;0;True;0;False;0;False;planned;Utilitários;-;0;0;EPA5;exchange_point;97;0;0;97;0;0;0;89;8;0;0;0;97;0;0;0;0;False;0;0;False;False;False;0;0;2066;0;2066;0;97;97;0;0;0;0;0;0;0;0;False;;0;0;False;;0;0;False;;0;0;False;;0;0;False;;0;0;0;False;;0;0;;;381;100;92.06;PM1;FAST_PROMISE;FAST_PROMISE;2026-07-19;2;Utilitários;;;;
414214312;>P7_PM1;at_destination_facility;last_mile;1784997331;0;59903397;RodaCoop;['residential', 'business'];True;True;False;False;False;False;False;False;True;False;False;False;driver;EPA5;SPA2;exchange_point;America/Belem;13;False;[];[];False;0;0;;0;True;0;False;0;False;planned;Vuc;-;0;0;EPA5;exchange_point;105;0;0;105;0;0;0;72;33;0;0;0;105;0;0;0;0;False;0;0;False;False;False;0;0;2065;0;2065;0;105;105;0;0;0;0;0;0;0;0;False;;0;0;False;;0;0;False;;0;0;False;;0;0;False;;0;0;0;False;;0;0;;;417;100;103.69;PM1;FAST_PROMISE;FAST_PROMISE;2026-07-16;16;Vuc;;;;
414222264;>H31_PM1;at_destination_facility;last_mile;1784998298;0;59903397;RodaCoop;['residential', 'business'];True;True;False;False;False;False;False;False;True;False;False;False;driver;EPA5;SPA2;exchange_point;America/Belem;13;False;[];[];False;0;0;;0;True;0;False;0;False;planned;Vuc;-;0;0;EPA5;exchange_point;115;0;0;115;0;0;0;82;33;0;0;0;115;0;0;0;0;False;0;0;False;False;False;0;0;2049;0;2049;0;115;115;0;0;0;0;0;0;0;0;False;;0;0;False;;0;0;False;;0;0;False;;0;0;False;;0;0;0;False;;0;0;;;418;100;120.17;PM1;FAST_PROMISE;FAST_PROMISE;2026-07-14;16;Vuc;;;;
414222964;>H27_PM1;at_destination_facility;last_mile;1784998384;0;59903397;RodaCoop;['residential', 'business'];True;True;False;False;False;False;False;False;True;False;False;False;driver;EPA5;SPA2;exchange_point;America/Belem;13;False;[];[];False;0;0;;0;True;0;False;0;False;planned;Vuc;-;0;0;EPA5;exchange_point;126;0;0;126;0;0;0;114;11;0;0;0;126;0;0;0;0;False;0;0;False;False;False;0;0;2048;0;2048;0;126;126;0;0;0;0;0;0;0;0;False;;0;0;False;;0;0;False;;0;0;False;;0;0;False;;0;0;0;False;;0;0;;;415;100;111.63;PM1;FAST_PROMISE;FAST_PROMISE;2026-07-16;16;Vuc;;;;
414224728;>H6_PM1;at_destination_facility;last_mile;1784998584;0;59903397;RodaCoop;['residential', 'business'];True;True;False;False;False;False;False;False;True;False;False;False;driver;EPA5;SPA2;exchange_point;America/Belem;13;False;[];[];False;0;0;;0;True;0;False;0;False;planned;Utilitários;-;0;0;EPA5;exchange_point;80;0;0;80;0;0;0;77;3;0;0;0;80;0;0;0;0;False;0;0;False;False;False;0;0;2044;0;2044;0;80;80;0;0;0;0;0;0;0;0;False;;0;0;False;;0;0;False;;0;0;False;;0;0;False;;0;0;0;False;;0;0;;;416;100;94.88;PM1;FAST_PROMISE;FAST_PROMISE;2026-07-20;2;Utilitários;;;;
414249795;>M1_PM1;at_destination_facility;last_mile;1785001653;0;1670870460;JL Castro;['residential', 'business'];True;True;False;False;True;False;False;False;True;False;False;False;driver;EPA4;SPA2;exchange_point;America/Belem;14;False;[];[];False;0;0;;0;True;0;False;0;False;planned;Van;-;0;0;EPA4;exchange_point;207;0;0;207;0;0;0;149;40;0;0;0;207;0;0;0;0;False;0;0;False;False;False;0;0;1993;0;1993;0;207;207;0;0;0;0;0;0;0;0;False;;0;0;False;;0;0;False;;0;0;False;;0;0;False;;0;0;0;False;;0;0;;;412;100;36.65;PM1;FAST_PROMISE;FAST_PROMISE;2026-07-23;28;Van;;;;
414258797;>A1_PM1;at_destination_facility;last_mile;1785002858;0;17502440;DHL;['residential', 'business'];True;True;False;False;True;False;False;False;True;False;False;False;driver;ETO4;SPA2;exchange_point;America/Belem;15;False;[];[];False;0;0;;0;True;0;False;0;False;planned;Van;-;0;0;ETO4;exchange_point;469;0;0;469;0;0;0;119;42;0;0;0;469;0;0;0;0;False;0;0;False;False;False;0;0;1973;0;1973;0;469;469;0;0;0;0;0;0;0;0;False;;0;0;False;;0;0;False;;0;0;False;;0;0;False;;0;0;0;False;;0;0;;;421;100;19.32;PM1;FAST_PROMISE;FAST_PROMISE;2026-07-20;28;Van;;;;
414258860;>A20_PM1;at_destination_facility;last_mile;1785002865;0;17502440;DHL;['residential', 'business'];True;True;False;False;True;False;False;False;True;False;False;False;driver;ETO4;SPA2;exchange_point;America/Belem;15;False;[];[];False;0;0;;0;True;0;False;0;False;planned;Vuc;-;0;0;ETO4;exchange_point;155;0;0;155;0;0;0;114;14;0;0;0;155;0;0;0;0;False;0;0;False;False;False;0;0;1973;0;1973;0;155;155;0;0;0;0;0;0;0;0;False;;0;0;False;;0;0;False;;0;0;False;;0;0;False;;0;0;0;False;;0;0;;;424;100;17.48;PM1;FAST_PROMISE;FAST_PROMISE;2026-07-25;16;Vuc;;;;
414259273;>A18_PM1;at_destination_facility;last_mile;1785002922;0;17502440;DHL;['residential', 'business'];True;True;False;False;False;False;False;False;True;False;False;False;driver;ETO4;SPA2;exchange_point;America/Belem;15;False;[];[];False;0;0;;0;True;0;False;0;False;planned;Vuc;-;0;0;ETO4;exchange_point;84;0;0;84;0;0;0;67;17;0;0;0;84;0;0;0;0;False;0;0;False;False;False;0;0;1972;0;1972;0;84;84;0;0;0;0;0;0;0;0;False;;0;0;False;;0;0;False;;0;0;False;;0;0;False;;0;0;0;False;;0;0;;;411;100;36.67;PM1;FAST_PROMISE;FAST_PROMISE;2026-07-19;16;Vuc;;;;
414259357;>A19_PM1;at_destination_facility;last_mile;1785002930;0;17502440;DHL;['residential', 'business'];True;True;False;False;False;False;False;False;True;False;False;False;driver;ETO4;SPA2;exchange_point;America/Belem;15;False;[];[];False;0;0;;0;True;0;False;0;False;planned;Veículo de Passeio;-;0;0;ETO4;exchange_point;69;0;0;69;0;0;0;47;22;0;0;0;69;0;0;0;0;False;0;0;False;False;False;0;0;1972;0;1972;0;69;69;0;0;0;0;0;0;0;0;False;;0;0;False;;0;0;False;;0;0;False;;0;0;False;;0;0;0;False;;0;0;;;238;100;14.16;PM1;FAST_PROMISE;FAST_PROMISE;2026-07-25;11;Veículo de Passeio;;;;
414259686;>A16_PM1;at_destination_facility;last_mile;1785002968;0;17502440;DHL;['residential', 'business'];True;True;False;False;False;False;False;False;True;False;False;False;driver;ETO4;SPA2;exchange_point;America/Belem;15;False;[];[];False;0;0;;0;True;0;False;0;False;planned;Utilitários;-;0;0;ETO4;exchange_point;96;0;0;96;0;0;0;71;25;0;0;0;96;0;0;0;0;False;0;0;False;False;False;0;0;1971;0;1971;0;96;96;0;0;0;0;0;0;0;0;False;;0;0;False;;0;0;False;;0;0;False;;0;0;False;;0;0;0;False;;0;0;;;327;100;18.8;PM1;FAST_PROMISE;FAST_PROMISE;2026-07-17;2;Utilitários;;;;
414260204;>A17_PM1;at_destination_facility;last_mile;1785003030;0;17502440;DHL;['residential', 'business'];True;True;False;False;False;False;False;False;True;False;False;False;driver;ETO4;SPA2;exchange_point;America/Belem;15;False;[];[];False;0;0;;0;True;0;False;0;False;planned;Utilitários;-;0;0;ETO4;exchange_point;93;0;0;93;0;0;0;86;7;0;0;0;93;0;0;0;0;False;0;0;False;False;False;0;0;1970;0;1970;0;93;93;0;0;0;0;0;0;0;0;False;;0;0;False;;0;0;False;;0;0;False;;0;0;False;;0;0;0;False;;0;0;;;419;100;54.72;PM1;FAST_PROMISE;FAST_PROMISE;2026-07-25;2;Utilitários;;;;
414260281;>A15_PM1;at_destination_facility;last_mile;1785003037;0;17502440;DHL;['residential', 'business'];True;True;False;False;False;False;False;False;True;False;False;False;driver;ETO4;SPA2;exchange_point;America/Belem;15;False;[];[];False;0;0;;0;True;0;False;0;False;planned;Utilitários;-;0;0;ETO4;exchange_point;95;0;0;95;0;0;0;63;31;0;0;0;95;0;0;0;0;False;0;0;False;False;False;0;0;1970;0;1970;0;95;95;0;0;0;0;0;0;0;0;False;;0;0;False;;0;0;False;;0;0;False;;0;0;False;;0;0;0;False;;0;0;;;371;100;94.13;PM1;FAST_PROMISE;FAST_PROMISE;2026-07-17;2;Utilitários;;;;
414260358;>A14_PM1;at_destination_facility;last_mile;1785003044;0;17502440;DHL;['residential', 'business'];True;True;False;False;False;False;False;False;True;False;False;False;driver;ETO4;SPA2;exchange_point;America/Belem;15;False;[];[];False;0;0;;0;True;0;False;0;False;planned;Utilitários;-;0;0;ETO4;exchange_point;98;0;0;98;0;0;0;79;19;0;0;0;98;0;0;0;0;False;0;0;False;False;False;0;0;1970;0;1970;0;98;98;0;0;0;0;0;0;0;0;False;;0;0;False;;0;0;False;;0;0;False;;0;0;False;;0;0;0;False;;0;0;;;409;100;57.78;PM1;FAST_PROMISE;FAST_PROMISE;2026-07-26;2;Utilitários;;;;
414260792;>A13_PM1;at_destination_facility;last_mile;1785003107;0;17502440;DHL;['residential', 'business'];True;True;False;False;False;False;False;False;True;False;False;False;driver;ETO4;SPA2;exchange_point;America/Belem;15;False;[];[];False;0;0;;0;True;0;False;0;False;planned;Utilitários;-;0;0;ETO4;exchange_point;97;0;0;97;0;0;0;87;10;0;0;0;97;0;0;0;0;False;0;0;False;False;False;0;0;1969;0;1969;0;97;97;0;0;0;0;0;0;0;0;False;;0;0;False;;0;0;False;;0;0;False;;0;0;False;;0;0;0;False;;0;0;;;304;100;23.05;PM1;FAST_PROMISE;FAST_PROMISE;2026-07-24;2;Utilitários;;;;
414263452;>M16_PM1;at_destination_facility;last_mile;1785003465;0;1670870460;JL Castro;['residential', 'business'];True;True;False;False;False;False;False;False;True;False;False;False;driver;EPA4;SPA2;exchange_point;America/Belem;15;False;[];[];False;0;0;;0;True;0;False;0;False;planned;Veículo de Passeio;-;0;0;EPA4;exchange_point;94;0;0;94;0;0;0;69;24;0;0;0;94;0;0;0;0;False;0;0;False;False;False;0;0;1963;0;1963;0;94;94;0;0;0;0;0;0;0;0;False;;0;0;False;;0;0;False;;0;0;False;;0;0;False;;0;0;0;False;;0;0;;;415;100;35.37;PM1;FAST_PROMISE;FAST_PROMISE;2026-07-21;11;Veículo de Passeio;;;;
414267876;>L14_PM1;at_destination_facility;last_mile;1785004089;0;1670870460;JL Castro;['residential', 'business'];True;True;False;False;False;False;False;False;True;False;False;False;driver;EPA4;SPA2;exchange_point;America/Belem;15;False;[];[];False;0;0;;0;True;0;False;0;False;planned;Utilitários;-;0;0;EPA4;exchange_point;97;0;0;97;0;0;0;56;41;0;0;0;97;0;0;0;0;False;0;0;False;False;False;0;0;1952;0;1952;0;97;97;0;0;0;0;0;0;0;0;False;;0;0;False;;0;0;False;;0;0;False;;0;0;False;;0;0;0;False;;0;0;;;345;100;21.55;PM1;FAST_PROMISE;FAST_PROMISE;2026-07-23;2;Utilitários;;;;
414268310;>L17_PM1;at_destination_facility;last_mile;1785004139;0;1670870460;JL Castro;['residential', 'business'];True;True;False;False;False;False;False;False;True;False;False;False;driver;EPA4;SPA2;exchange_point;America/Belem;15;False;[];[];False;0;0;;0;True;0;False;0;False;planned;Utilitários;-;0;0;EPA4;exchange_point;95;0;0;95;0;0;0;62;33;0;0;0;95;0;0;0;0;False;0;0;False;False;False;0;0;1952;0;1952;0;95;95;0;0;0;0;0;0;0;0;False;;0;0;False;;0;0;False;;0;0;False;;0;0;False;;0;0;0;False;;0;0;;;315;100;15.37;PM1;FAST_PROMISE;FAST_PROMISE;2026-07-20;2;Utilitários;;;;
414271740;>B7_PM1;at_destination_facility;last_mile;1785004598;0;17502440;DHL;['residential', 'business'];True;True;False;False;False;False;False;False;True;False;False;False;driver;ETO4;SPA2;exchange_point;America/Belem;15;False;[];[];False;0;0;;0;True;0;False;0;False;planned;Utilitários;-;0;0;ETO4;exchange_point;98;0;0;98;0;0;0;79;19;0;0;0;98;0;0;0;0;False;0;0;False;False;False;0;0;1944;0;1944;0;98;98;0;0;0;0;0;0;0;0;False;;0;0;False;;0;0;False;;0;0;False;;0;0;False;;0;0;0;False;;0;0;;;347;100;48.56;PM1;FAST_PROMISE;FAST_PROMISE;2026-07-20;2;Utilitários;;;;
414271761;>B12_PM1;at_destination_facility;last_mile;1785004602;0;17502440;DHL;['residential', 'business'];True;True;False;False;False;False;False;False;True;False;False;False;driver;ETO4;SPA2;exchange_point;America/Belem;15;False;[];[];False;0;0;;0;True;0;False;0;False;planned;Utilitários;-;0;0;ETO4;exchange_point;99;0;0;99;0;0;0;66;33;0;0;0;99;0;0;0;0;False;0;0;False;False;False;0;0;1944;0;1944;0;99;99;0;0;0;0;0;0;0;0;False;;0;0;False;;0;0;False;;0;0;False;;0;0;False;;0;0;0;False;;0;0;;;317;100;21.25;PM1;FAST_PROMISE;FAST_PROMISE;2026-07-20;2;Utilitários;;;;
414273189;>B20_PM1;at_destination_facility;last_mile;1785004815;0;17502440;DHL;['residential', 'business'];True;True;False;False;False;False;False;False;True;False;False;False;driver;ETO4;SPA2;exchange_point;America/Belem;15;False;[];[];False;0;0;;0;True;0;False;0;False;planned;Utilitários;-;0;0;ETO4;exchange_point;91;0;0;91;0;0;0;75;16;0;0;0;91;0;0;0;0;False;0;0;False;False;False;0;0;1940;0;1940;0;91;91;0;0;0;0;0;0;0;0;False;;0;0;False;;0;0;False;;0;0;False;;0;0;False;;0;0;0;False;;0;0;;;322;100;27.18;PM1;TODAY_FAST_PROMISE;TODAY_PROMISE;2026-07-27;2;Utilitários;;;;
414273406;>B10_PM1;at_destination_facility;last_mile;1785004849;0;17502440;DHL;['residential', 'business'];True;True;False;False;False;False;False;False;True;False;False;False;driver;ETO4;SPA2;exchange_point;America/Belem;15;False;[];[];False;0;0;;0;True;0;False;0;False;planned;Utilitários;-;0;0;ETO4;exchange_point;98;0;0;98;0;0;0;47;51;0;0;0;98;0;0;0;0;False;0;0;False;False;False;0;0;1940;0;1940;0;98;98;0;0;0;0;0;0;0;0;False;;0;0;False;;0;0;False;;0;0;False;;0;0;False;;0;0;0;False;;0;0;;;272;100;19.25;PM1;TODAY_FAST_PROMISE;TODAY_PROMISE;2026-07-27;2;Utilitários;;;;
414273651;>B18_PM1;at_destination_facility;last_mile;1785004883;0;17502440;DHL;['residential', 'business'];True;True;False;False;False;False;False;False;True;False;False;False;driver;ETO4;SPA2;exchange_point;America/Belem;15;False;[];[];False;0;0;;0;True;0;False;0;False;planned;Utilitários;-;0;0;ETO4;exchange_point;84;0;0;84;0;0;0;51;33;0;0;0;84;0;0;0;0;False;0;0;False;False;False;0;0;1939;0;1939;0;84;84;0;0;0;0;0;0;0;0;False;;0;0;False;;0;0;False;;0;0;False;;0;0;False;;0;0;0;False;;0;0;;;272;100;29.01;PM1;FAST_PROMISE;FAST_PROMISE;2026-07-25;2;Utilitários;;;;
414273728;>B17_PM1;at_destination_facility;last_mile;1785004887;0;17502440;DHL;['residential', 'business'];True;True;False;False;False;False;False;False;True;False;False;False;driver;ETO4;SPA2;exchange_point;America/Belem;15;False;[];[];False;0;0;;0;True;0;False;0;False;planned;Vuc;-;0;0;ETO4;exchange_point;84;0;0;84;0;0;0;61;23;0;0;0;84;0;0;0;0;False;0;0;False;False;False;0;0;1939;0;1939;0;84;84;0;0;0;0;0;0;0;0;False;;0;0;False;;0;0;False;;0;0;False;;0;0;False;;0;0;0;False;;0;0;;;414;100;33.04;PM1;FAST_PROMISE;FAST_PROMISE;2026-07-23;16;Vuc;;;;
414274148;>C15_PM1;at_destination_facility;last_mile;1785004950;0;17502440;DHL;['residential', 'business'];True;True;False;False;False;False;False;False;True;False;False;False;driver;ETO4;SPA2;exchange_point;America/Belem;15;False;[];[];False;0;0;;0;True;0;False;0;False;planned;Utilitários;-;0;0;ETO4;exchange_point;98;0;0;98;0;0;0;67;31;0;0;0;98;0;0;0;0;False;0;0;False;False;False;0;0;1938;0;1938;0;98;98;0;0;0;0;0;0;0;0;False;;0;0;False;;0;0;False;;0;0;False;;0;0;False;;0;0;0;False;;0;0;;;355;100;25.63;PM1;FAST_PROMISE;FAST_PROMISE;2026-07-15;2;Utilitários;;;;
414274274;>B15_PM1;at_destination_facility;last_mile;1785004968;0;17502440;DHL;['residential', 'business'];True;True;False;False;False;False;False;False;True;False;False;False;driver;ETO4;SPA2;exchange_point;America/Belem;15;False;[];[];False;0;0;;0;True;0;False;0;False;planned;Utilitários;-;0;0;ETO4;exchange_point;94;0;0;94;0;0;0;70;24;0;0;0;94;0;0;0;0;False;0;0;False;False;False;0;0;1938;0;1938;0;94;94;0;0;0;0;0;0;0;0;False;;0;0;False;;0;0;False;;0;0;False;;0;0;False;;0;0;0;False;;0;0;;;348;100;74.1;PM1;FAST_PROMISE;FAST_PROMISE;2026-07-21;2;Utilitários;;;;
414274281;>B16_PM1;at_destination_facility;last_mile;1785004972;0;17502440;DHL;['residential', 'business'];True;True;False;False;False;False;False;False;True;False;False;False;driver;ETO4;SPA2;exchange_point;America/Belem;15;False;[];[];False;0;0;;0;True;0;False;0;False;planned;Utilitários;-;0;0;ETO4;exchange_point;90;0;0;90;0;0;0;70;20;0;0;0;90;0;0;0;0;False;0;0;False;False;False;0;0;1938;0;1938;0;90;90;0;0;0;0;0;0;0;0;False;;0;0;False;;0;0;False;;0;0;False;;0;0;False;;0;0;0;False;;0;0;;;306;100;17.02;PM1;FAST_PROMISE;FAST_PROMISE;2026-07-16;2;Utilitários;;;;
414274477;>B13_PM1;at_destination_facility;last_mile;1785004999;0;17502440;DHL;['residential', 'business'];True;True;False;False;False;False;False;False;True;False;False;False;driver;ETO4;SPA2;exchange_point;America/Belem;15;False;[];[];False;0;0;;0;True;0;False;0;False;planned;Utilitários;-;0;0;ETO4;exchange_point;97;0;0;97;0;0;0;85;12;0;0;0;97;0;0;0;0;False;0;0;False;False;False;0;0;1937;0;1937;0;97;97;0;0;0;0;0;0;0;0;False;;0;0;False;;0;0;False;;0;0;False;;0;0;False;;0;0;0;False;;0;0;;;316;100;24.38;PM1;FAST_PROMISE;FAST_PROMISE;2026-07-26;2;Utilitários;;;;
414275023;>B11_PM1;at_destination_facility;last_mile;1785005064;0;17502440;DHL;['residential', 'business'];True;True;False;False;False;False;False;False;True;False;False;False;driver;ETO4;SPA2;exchange_point;America/Belem;15;False;[];[];False;0;0;;0;True;0;False;0;False;planned;Utilitários;-;0;0;ETO4;exchange_point;93;0;0;93;0;0;0;80;13;0;0;0;93;0;0;0;0;False;0;0;False;False;False;0;0;1936;0;1936;0;93;93;0;0;0;0;0;0;0;0;False;;0;0;False;;0;0;False;;0;0;False;;0;0;False;;0;0;0;False;;0;0;;;409;100;74.6;PM1;FAST_PROMISE;FAST_PROMISE;2026-07-24;2;Utilitários;;;;
414275058;>B14_PM1;at_destination_facility;last_mile;1785005070;0;17502440;DHL;['residential', 'business'];True;True;False;False;False;False;False;False;True;False;False;False;driver;ETO4;SPA2;exchange_point;America/Belem;15;False;[];[];False;0;0;;0;True;0;False;0;False;planned;Utilitários;-;0;0;ETO4;exchange_point;99;0;0;99;0;0;0;84;15;0;0;0;99;0;0;0;0;False;0;0;False;False;False;0;0;1936;0;1936;0;99;99;0;0;0;0;0;0;0;0;False;;0;0;False;;0;0;False;;0;0;False;;0;0;False;;0;0;0;False;;0;0;;;292;100;14.74;PM1;TODAY_FAST_PROMISE;TODAY_PROMISE;2026-07-27;2;Utilitários;;;;
414275128;>B8_PM1;at_destination_facility;last_mile;1785005077;0;17502440;DHL;['residential', 'business'];True;True;False;False;False;False;False;False;True;False;False;False;driver;ETO4;SPA2;exchange_point;America/Belem;15;False;[];[];False;0;0;;0;True;0;False;0;False;planned;Utilitários;-;0;0;ETO4;exchange_point;97;0;0;97;0;0;0;76;20;0;0;0;97;0;0;0;0;False;0;0;False;False;False;0;0;1936;0;1936;0;97;97;0;0;0;0;0;0;0;0;False;;0;0;False;;0;0;False;;0;0;False;;0;0;False;;0;0;0;False;;0;0;;;331;100;18.1;PM1;FAST_PROMISE;FAST_PROMISE;2026-07-24;2;Utilitários;;;;
414275149;>B9_PM1;at_destination_facility;last_mile;1785005080;0;17502440;DHL;['residential', 'business'];True;True;False;False;False;False;False;False;True;False;False;False;driver;ETO4;SPA2;exchange_point;America/Belem;15;False;[];[];False;0;0;;0;True;0;False;0;False;planned;Utilitários;-;0;0;ETO4;exchange_point;97;0;0;97;0;0;0;79;18;0;0;0;97;0;0;0;0;False;0;0;False;False;False;0;0;1936;0;1936;0;97;97;0;0;0;0;0;0;0;0;False;;0;0;False;;0;0;False;;0;0;False;;0;0;False;;0;0;0;False;;0;0;;;311;100;18.68;PM1;TODAY_FAST_PROMISE;TODAY_PROMISE;2026-07-27;2;Utilitários;;;;
414275408;>B6_PM1;at_destination_facility;last_mile;1785005108;0;17502440;DHL;['residential', 'business'];True;True;False;False;False;False;False;False;True;False;False;False;driver;ETO4;SPA2;exchange_point;America/Belem;15;False;[];[];False;0;0;;0;True;0;False;0;False;planned;Utilitários;-;0;0;ETO4;exchange_point;98;0;0;98;0;0;0;68;30;0;0;0;98;0;0;0;0;False;0;0;False;False;False;0;0;1936;0;1936;0;98;98;0;0;0;0;0;0;0;0;False;;0;0;False;;0;0;False;;0;0;False;;0;0;False;;0;0;0;False;;0;0;;;327;100;16.88;PM1;FAST_PROMISE;FAST_PROMISE;2026-07-24;2;Utilitários;;;;
414275968;>B5_PM1;at_destination_facility;last_mile;1785005174;0;17502440;DHL;['residential', 'business'];True;True;False;False;False;False;False;False;True;False;False;False;driver;ETO4;SPA2;exchange_point;America/Belem;15;False;[];[];False;0;0;;0;True;0;False;0;False;planned;Veículo de Passeio;-;0;0;ETO4;exchange_point;94;0;0;94;0;0;0;85;8;0;0;0;94;0;0;0;0;False;0;0;False;False;False;0;0;1934;0;1934;0;94;94;0;0;0;0;0;0;0;0;False;;0;0;False;;0;0;False;;0;0;False;;0;0;False;;0;0;0;False;;0;0;;;325;100;19.62;PM1;FAST_PROMISE;FAST_PROMISE;2026-07-25;11;Veículo de Passeio;;;;
414276367;>B3_PM1;at_destination_facility;last_mile;1785005235;0;17502440;DHL;['residential', 'business'];True;True;False;False;False;False;False;False;True;False;False;False;driver;ETO4;SPA2;exchange_point;America/Belem;15;False;[];[];False;0;0;;0;True;0;False;0;False;planned;Veículo de Passeio;-;0;0;ETO4;exchange_point;98;0;0;98;0;0;0;68;29;0;0;0;98;0;0;0;0;False;0;0;False;False;False;0;0;1933;0;1933;0;98;98;0;0;0;0;0;0;0;0;False;;0;0;False;;0;0;False;;0;0;False;;0;0;False;;0;0;0;False;;0;0;;;325;100;19.61;PM1;FAST_PROMISE;FAST_PROMISE;2026-07-26;11;Veículo de Passeio;;;;
414276416;>B4_PM1;at_destination_facility;last_mile;1785005239;0;17502440;DHL;['residential', 'business'];True;True;False;False;False;False;False;False;True;False;False;False;driver;ETO4;SPA2;exchange_point;America/Belem;15;False;[];[];False;0;0;;0;True;0;False;0;False;planned;Veículo de Passeio;-;0;0;ETO4;exchange_point;97;0;0;97;0;0;0;82;15;0;0;0;97;0;0;0;0;False;0;0;False;False;False;0;0;1933;0;1933;0;97;97;0;0;0;0;0;0;0;0;False;;0;0;False;;0;0;False;;0;0;False;;0;0;False;;0;0;0;False;;0;0;;;342;100;20.74;PM1;FAST_PROMISE;FAST_PROMISE;2026-07-20;11;Veículo de Passeio;;;;
414276661;>B2_PM1;at_destination_facility;last_mile;1785005271;0;17502440;DHL;['residential', 'business'];True;True;False;False;False;False;False;False;True;False;False;False;driver;ETO4;SPA2;exchange_point;America/Belem;15;False;[];[];False;0;0;;0;True;0;False;0;False;planned;Veículo de Passeio;-;0;0;ETO4;exchange_point;100;0;0;100;0;0;0;86;14;0;0;0;100;0;0;0;0;False;0;0;False;False;False;0;0;1933;0;1933;0;100;100;0;0;0;0;0;0;0;0;False;;0;0;False;;0;0;False;;0;0;False;;0;0;False;;0;0;0;False;;0;0;;;382;100;39.63;PM1;FAST_PROMISE;FAST_PROMISE;2026-07-25;11;Veículo de Passeio;;;;
414276717;>B1_PM1;at_destination_facility;last_mile;1785005276;0;17502440;DHL;['residential', 'business'];True;True;False;False;True;False;False;False;True;False;False;False;driver;ETO4;SPA2;exchange_point;America/Belem;15;False;[];[];False;0;0;;0;True;0;False;0;False;planned;Vuc;-;0;0;ETO4;exchange_point;305;0;0;305;0;0;0;69;18;0;0;0;305;0;0;0;0;False;0;0;False;False;False;0;0;1933;0;1933;0;305;305;0;0;0;0;0;0;0;0;False;;0;0;False;;0;0;False;;0;0;False;;0;0;False;;0;0;0;False;;0;0;;;419;100;25.98;PM1;FAST_PROMISE;FAST_PROMISE;2026-06-17;16;Vuc;;;;
414277354;>C21_PM1;at_destination_facility;last_mile;1785005378;0;17502440;DHL;['residential', 'business'];True;True;False;False;False;False;False;False;True;False;False;False;driver;ETO4;SPA2;exchange_point;America/Belem;15;False;[];[];False;0;0;;0;True;0;False;0;False;planned;Veículo de Passeio;-;0;0;ETO4;exchange_point;77;0;0;77;0;0;0;66;10;0;0;0;77;0;0;0;0;False;0;0;False;False;False;0;0;1931;0;1931;0;77;77;0;0;0;0;0;0;0;0;False;;0;0;False;;0;0;False;;0;0;False;;0;0;False;;0;0;0;False;;0;0;;;311;100;19.68;PM1;FAST_PROMISE;FAST_PROMISE;2026-07-24;11;Veículo de Passeio;;;;
414277410;>C22_PM1;at_destination_facility;last_mile;1785005383;0;17502440;DHL;['residential', 'business'];True;True;False;False;False;False;False;False;True;False;False;False;driver;ETO4;SPA2;exchange_point;America/Belem;15;False;[];[];False;0;0;;0;True;0;False;0;False;planned;Vuc;-;0;0;ETO4;exchange_point;74;0;0;74;0;0;0;68;6;0;0;0;74;0;0;0;0;False;0;0;False;False;False;0;0;1931;0;1931;0;74;74;0;0;0;0;0;0;0;0;False;;0;0;False;;0;0;False;;0;0;False;;0;0;False;;0;0;0;False;;0;0;;;416;100;65.75;PM1;FAST_PROMISE;FAST_PROMISE;2026-07-26;16;Vuc;;;;
414278971;>F7_PM1;at_destination_facility;last_mile;1785005578;0;17502440;DHL;['residential', 'business'];True;True;False;False;True;False;False;False;True;False;False;False;driver;EPA7;SPA2;exchange_point;America/Belem;15;False;[];[];False;0;0;;0;True;0;False;0;False;planned;Utilitários;-;0;0;EPA7;exchange_point;98;0;0;98;0;0;0;34;28;0;0;0;98;0;0;0;0;False;0;0;False;False;False;0;0;1928;0;1928;0;98;98;0;0;0;0;0;0;0;0;False;;0;0;False;;0;0;False;;0;0;False;;0;0;False;;0;0;0;False;;0;0;;;370;100;11.54;PM1;FAST_PROMISE;FAST_PROMISE;2026-07-25;2;Utilitários;;;;
414278999;>F1_PM1;at_destination_facility;last_mile;1785005581;0;17502440;DHL;['residential', 'business'];True;True;False;False;True;False;False;False;True;False;False;False;driver;EPA7;SPA2;exchange_point;America/Belem;15;False;[];[];False;0;0;;0;True;0;False;0;False;planned;Vuc;-;0;0;EPA7;exchange_point;224;0;0;224;0;0;0;133;26;0;0;0;224;0;0;0;0;False;0;0;False;False;False;0;0;1928;0;1928;0;224;224;0;0;0;0;0;0;0;0;False;;0;0;False;;0;0;False;;0;0;False;;0;0;False;;0;0;0;False;;0;0;;;376;100;58.72;PM1;FAST_PROMISE;FAST_PROMISE;2026-07-25;16;Vuc;;;;
414279034;>Q8_PM1;at_destination_facility;last_mile;1785005586;0;17502440;DHL;['residential', 'business'];True;True;False;False;False;False;False;False;True;False;False;False;driver;EPA7;SPA2;exchange_point;America/Belem;15;False;[];[];False;0;0;;0;True;0;False;0;False;planned;Utilitários;-;0;0;EPA7;exchange_point;98;0;0;98;0;0;0;72;26;0;0;0;98;0;0;0;0;False;0;0;False;False;False;0;0;1928;0;1928;0;98;98;0;0;0;0;0;0;0;0;False;;0;0;False;;0;0;False;;0;0;False;;0;0;False;;0;0;0;False;;0;0;;;300;100;19.44;PM1;FAST_PROMISE;FAST_PROMISE;2026-07-24;2;Utilitários;;;;
414279083;>Q5_PM1;at_destination_facility;last_mile;1785005591;0;17502440;DHL;['residential', 'business'];True;True;False;False;False;False;False;False;True;False;False;False;driver;EPA7;SPA2;exchange_point;America/Belem;15;False;[];[];False;0;0;;0;True;0;False;0;False;planned;Utilitários;-;0;0;EPA7;exchange_point;99;0;0;99;0;0;0;85;14;0;0;0;99;0;0;0;0;False;0;0;False;False;False;0;0;1927;0;1927;0;99;99;0;0;0;0;0;0;0;0;False;;0;0;False;;0;0;False;;0;0;False;;0;0;False;;0;0;0;False;;0;0;;;328;100;15.71;PM1;FAST_PROMISE;FAST_PROMISE;2026-07-24;2;Utilitários;;;;
414279139;>Q2_PM1;at_destination_facility;last_mile;1785005594;0;17502440;DHL;['residential', 'business'];True;True;False;False;False;False;False;False;True;False;False;False;driver;EPA7;SPA2;exchange_point;America/Belem;15;False;[];[];False;0;0;;0;True;0;False;0;False;planned;Utilitários;-;0;0;EPA7;exchange_point;97;0;0;97;0;0;0;91;6;0;0;0;97;0;0;0;0;False;0;0;False;False;False;0;0;1927;0;1927;0;97;97;0;0;0;0;0;0;0;0;False;;0;0;False;;0;0;False;;0;0;False;;0;0;False;;0;0;0;False;;0;0;;;304;100;23.09;PM1;TODAY_FAST_PROMISE;TODAY_PROMISE;2026-07-27;2;Utilitários;;;;
414279174;>F15_PM1;at_destination_facility;last_mile;1785005599;0;17502440;DHL;['residential', 'business'];True;True;False;False;False;False;False;False;True;False;False;False;driver;EPA7;SPA2;exchange_point;America/Belem;15;False;[];[];False;0;0;;0;True;0;False;0;False;planned;Utilitários;-;0;0;EPA7;exchange_point;97;0;0;97;0;0;0;85;12;0;0;0;97;0;0;0;0;False;0;0;False;False;False;0;0;1927;0;1927;0;97;97;0;0;0;0;0;0;0;0;False;;0;0;False;;0;0;False;;0;0;False;;0;0;False;;0;0;0;False;;0;0;;;342;100;15.34;PM1;FAST_PROMISE;FAST_PROMISE;2026-07-25;2;Utilitários;;;;
414279195;>F13_PM1;at_destination_facility;last_mile;1785005605;0;17502440;DHL;['residential', 'business'];True;True;False;False;False;False;False;False;True;False;False;False;driver;EPA7;SPA2;exchange_point;America/Belem;15;False;[];[];False;0;0;;0;True;0;False;0;False;planned;Utilitários;-;0;0;EPA7;exchange_point;95;0;0;95;0;0;0;79;16;0;0;0;95;0;0;0;0;False;0;0;False;False;False;0;0;1927;0;1927;0;95;95;0;0;0;0;0;0;0;0;False;;0;0;False;;0;0;False;;0;0;False;;0;0;False;;0;0;0;False;;0;0;;;323;100;11.11;PM1;FAST_PROMISE;FAST_PROMISE;2026-07-25;2;Utilitários;;;;
414279230;>F19_PM1;at_destination_facility;last_mile;1785005610;0;17502440;DHL;['residential', 'business'];True;True;False;False;False;False;False;False;True;False;False;False;driver;EPA7;SPA2;exchange_point;America/Belem;15;False;[];[];False;0;0;;0;True;0;False;0;False;planned;Utilitários;-;0;0;EPA7;exchange_point;98;0;0;98;0;0;0;83;15;0;0;0;98;0;0;0;0;False;0;0;False;False;False;0;0;1927;0;1927;0;98;98;0;0;0;0;0;0;0;0;False;;0;0;False;;0;0;False;;0;0;False;;0;0;False;;0;0;0;False;;0;0;;;319;100;12.16;PM1;TODAY_FAST_PROMISE;TODAY_PROMISE;2026-07-27;2;Utilitários;;;;
414290885;>F5_PM1;at_destination_facility;last_mile;1785007396;0;17502440;DHL;['residential', 'business'];True;True;False;False;False;False;False;False;True;False;False;False;driver;EPA7;SPA2;exchange_point;America/Belem;16;False;[];[];False;0;0;;0;True;0;False;0;False;planned;Utilitários;-;0;0;EPA7;exchange_point;96;0;0;96;0;0;0;90;6;0;0;0;96;0;0;0;0;False;0;0;False;False;False;0;0;1897;0;1897;0;96;96;0;0;0;0;0;0;0;0;False;;0;0;False;;0;0;False;;0;0;False;;0;0;False;;0;0;0;False;;0;0;;;333;100;20.67;PM1;FAST_PROMISE;FAST_PROMISE;2026-07-26;2;Utilitários;;;;
414290913;>F16_PM1;at_destination_facility;last_mile;1785007399;0;17502440;DHL;['residential', 'business'];True;True;False;False;False;False;False;False;True;False;False;False;driver;EPA7;SPA2;exchange_point;America/Belem;16;False;[];[];False;0;0;;0;True;0;False;0;False;planned;Utilitários;-;0;0;EPA7;exchange_point;98;0;0;98;0;0;0;87;11;0;0;0;98;0;0;0;0;False;0;0;False;False;False;0;0;1897;0;1897;0;98;98;0;0;0;0;0;0;0;0;False;;0;0;False;;0;0;False;;0;0;False;;0;0;False;;0;0;0;False;;0;0;;;320;100;15.13;PM1;FAST_PROMISE;FAST_PROMISE;2026-07-23;2;Utilitários;;;;
414291011;>F14_PM1;at_destination_facility;last_mile;1785007407;0;17502440;DHL;['residential', 'business'];True;True;False;False;False;False;False;False;True;False;False;False;driver;EPA7;SPA2;exchange_point;America/Belem;16;False;[];[];False;0;0;;0;True;0;False;0;False;planned;Utilitários;-;0;0;EPA7;exchange_point;99;0;0;99;0;0;0;88;11;0;0;0;99;0;0;0;0;False;0;0;False;False;False;0;0;1897;0;1897;0;99;99;0;0;0;0;0;0;0;0;False;;0;0;False;;0;0;False;;0;0;False;;0;0;False;;0;0;0;False;;0;0;;;316;100;20.93;PM1;FAST_PROMISE;FAST_PROMISE;2026-07-24;2;Utilitários;;;;
414291263;>F3_PM1;at_destination_facility;last_mile;1785007434;0;17502440;DHL;['residential', 'business'];True;True;False;False;False;False;False;False;True;False;False;False;driver;EPA7;SPA2;exchange_point;America/Belem;16;False;[];[];False;0;0;;0;True;0;False;0;False;planned;Utilitários;-;0;0;EPA7;exchange_point;95;0;0;95;0;0;0;75;20;0;0;0;95;0;0;0;0;False;0;0;False;False;False;0;0;1897;0;1897;0;95;95;0;0;0;0;0;0;0;0;False;;0;0;False;;0;0;False;;0;0;False;;0;0;False;;0;0;0;False;;0;0;;;309;100;25.81;PM1;FAST_PROMISE;FAST_PROMISE;2026-07-04;2;Utilitários;;;;
414291438;>F4_PM1;at_destination_facility;last_mile;1785007464;0;17502440;DHL;['residential', 'business'];True;True;False;False;False;False;False;False;True;False;False;False;driver;EPA7;SPA2;exchange_point;America/Belem;16;False;[];[];False;0;0;;0;True;0;False;0;False;planned;Utilitários;-;0;0;EPA7;exchange_point;99;0;0;99;0;0;0;83;16;0;0;0;99;0;0;0;0;False;0;0;False;False;False;0;0;1896;0;1896;0;99;99;0;0;0;0;0;0;0;0;False;;0;0;False;;0;0;False;;0;0;False;;0;0;False;;0;0;0;False;;0;0;;;328;100;16.78;PM1;FAST_PROMISE;FAST_PROMISE;2026-07-25;2;Utilitários;;;;
414292208;>F20_PM1;at_destination_facility;last_mile;1785007561;0;17502440;DHL;['residential', 'business'];True;True;False;False;False;False;False;False;True;False;False;False;driver;EPA7;SPA2;exchange_point;America/Belem;16;False;[];[];False;0;0;;0;True;0;False;0;False;planned;Utilitários;-;0;0;EPA7;exchange_point;91;0;0;91;0;0;0;56;35;0;0;0;91;0;0;0;0;False;0;0;False;False;False;0;0;1895;0;1895;0;91;91;0;0;0;0;0;0;0;0;False;;0;0;False;;0;0;False;;0;0;False;;0;0;False;;0;0;0;False;;0;0;;;275;100;15.01;PM1;FAST_PROMISE;FAST_PROMISE;2026-07-23;2;Utilitários;;;;
414292292;>F8_PM1;at_destination_facility;last_mile;1785007572;0;17502440;DHL;['residential', 'business'];True;True;False;False;True;False;False;False;True;False;False;False;driver;EPA7;SPA2;exchange_point;America/Belem;16;False;[];[];False;0;0;;0;True;0;False;0;False;planned;Utilitários;-;0;0;EPA7;exchange_point;102;0;0;102;0;0;0;63;37;0;0;0;102;0;0;0;0;False;0;0;False;False;False;0;0;1894;0;1894;0;102;102;0;0;0;0;0;0;0;0;False;;0;0;False;;0;0;False;;0;0;False;;0;0;False;;0;0;0;False;;0;0;;;329;100;12.46;PM1;FAST_PROMISE;FAST_PROMISE;2026-07-24;2;Utilitários;;;;
414292425;>F18_PM1;at_destination_facility;last_mile;1785007582;0;17502440;DHL;['residential', 'business'];True;True;False;False;False;False;False;False;True;False;False;False;driver;EPA7;SPA2;exchange_point;America/Belem;16;False;[];[];False;0;0;;0;True;0;False;0;False;planned;Utilitários;-;0;0;EPA7;exchange_point;96;0;0;96;0;0;0;70;26;0;0;0;96;0;0;0;0;False;0;0;False;False;False;0;0;1894;0;1894;0;96;96;0;0;0;0;0;0;0;0;False;;0;0;False;;0;0;False;;0;0;False;;0;0;False;;0;0;0;False;;0;0;;;260;100;17.06;PM1;FAST_PROMISE;FAST_PROMISE;2026-07-24;2;Utilitários;;;;
414292558;>Q6_PM1;at_destination_facility;last_mile;1785007600;0;17502440;DHL;['residential', 'business'];True;True;False;False;False;False;False;False;True;False;False;False;driver;EPA7;SPA2;exchange_point;America/Belem;16;False;[];[];False;0;0;;0;True;0;False;0;False;planned;Utilitários;-;0;0;EPA7;exchange_point;99;0;0;99;0;0;0;72;27;0;0;0;99;0;0;0;0;False;0;0;False;False;False;0;0;1894;0;1894;0;99;99;0;0;0;0;0;0;0;0;False;;0;0;False;;0;0;False;;0;0;False;;0;0;False;;0;0;0;False;;0;0;;;330;100;16.19;PM1;FAST_PROMISE;FAST_PROMISE;2026-07-25;2;Utilitários;;;;
414305732;>F17_PM1;at_destination_facility;last_mile;1785009683;0;17502440;DHL;['residential', 'business'];True;True;False;False;False;False;False;False;True;False;False;False;driver;EPA7;SPA2;exchange_point;America/Belem;17;False;[];[];False;0;0;;0;True;0;False;0;False;planned;Utilitários;-;0;0;EPA7;exchange_point;99;0;0;99;0;0;0;81;18;0;0;0;99;0;0;0;0;False;0;0;False;False;False;0;0;1859;0;1859;0;99;99;0;0;0;0;0;0;0;0;False;;0;0;False;;0;0;False;;0;0;False;;0;0;False;;0;0;0;False;;0;0;;;329;100;17.77;PM1;FAST_PROMISE;FAST_PROMISE;2026-07-26;2;Utilitários;;;;
414305767;>Q1_PM1;at_destination_facility;last_mile;1785009690;0;17502440;DHL;['residential', 'business'];True;True;False;False;True;False;False;False;True;False;False;False;driver;EPA7;SPA2;exchange_point;America/Belem;17;False;[];[];False;0;0;;0;True;0;False;0;False;planned;Vuc;-;0;0;EPA7;exchange_point;422;0;0;422;0;0;0;130;38;0;0;0;422;0;0;0;0;False;0;0;False;False;False;0;0;1859;0;1859;0;422;422;0;0;0;0;0;0;0;0;False;;0;0;False;;0;0;False;;0;0;False;;0;0;False;;0;0;0;False;;0;0;;;415;100;22.76;PM1;FAST_PROMISE;FAST_PROMISE;2026-07-23;16;Vuc;;;;
414305823;>Q15_PM1;at_destination_facility;last_mile;1785009698;0;17502440;DHL;['residential', 'business'];True;True;False;False;False;False;False;False;True;False;False;False;driver;EPA7;SPA2;exchange_point;America/Belem;17;False;[];[];False;0;0;;0;True;0;False;0;False;planned;Utilitários;-;0;0;EPA7;exchange_point;98;0;0;98;0;0;0;94;4;0;0;0;98;0;0;0;0;False;0;0;False;False;False;0;0;1859;0;1859;0;98;98;0;0;0;0;0;0;0;0;False;;0;0;False;;0;0;False;;0;0;False;;0;0;False;;0;0;0;False;;0;0;;;291;100;17.46;PM1;FAST_PROMISE;FAST_PROMISE;2026-07-24;2;Utilitários;;;;
414305865;>Q13_PM1;at_destination_facility;last_mile;1785009711;0;17502440;DHL;['residential', 'business'];True;True;False;False;False;False;False;False;True;False;False;False;driver;EPA7;SPA2;exchange_point;America/Belem;17;False;[];[];False;0;0;;0;True;0;False;0;False;planned;Utilitários;-;0;0;EPA7;exchange_point;100;0;0;100;0;0;0;86;14;0;0;0;100;0;0;0;0;False;0;0;False;False;False;0;0;1859;0;1859;0;100;100;0;0;0;0;0;0;0;0;False;;0;0;False;;0;0;False;;0;0;False;;0;0;False;;0;0;0;False;;0;0;;;331;100;16.01;PM1;FAST_PROMISE;FAST_PROMISE;2026-07-26;2;Utilitários;;;;
414306236;>Q11_PM1;at_destination_facility;last_mile;1785009797;0;17502440;DHL;['residential', 'business'];True;True;False;False;False;False;False;False;True;False;False;False;driver;EPA7;SPA2;exchange_point;America/Belem;17;False;[];[];False;0;0;;0;True;0;False;0;False;planned;Utilitários;-;0;0;EPA7;exchange_point;99;0;0;99;0;0;0;61;38;0;0;0;99;0;0;0;0;False;0;0;False;False;False;0;0;1857;0;1857;0;99;99;0;0;0;0;0;0;0;0;False;;0;0;False;;0;0;False;;0;0;False;;0;0;False;;0;0;0;False;;0;0;;;294;100;10.24;PM1;FAST_PROMISE;FAST_PROMISE;2026-07-24;2;Utilitários;;;;
414306614;>F21_PM1;at_destination_facility;last_mile;1785009883;0;17502440;DHL;['residential', 'business'];True;True;False;False;False;False;False;False;True;False;False;False;driver;EPA7;SPA2;exchange_point;America/Belem;17;False;[];[];False;0;0;;0;True;0;False;0;False;planned;Veículo de Passeio;-;0;0;EPA7;exchange_point;81;0;0;81;0;0;0;77;4;0;0;0;81;0;0;0;0;False;0;0;False;False;False;0;0;1856;0;1856;0;81;81;0;0;0;0;0;0;0;0;False;;0;0;False;;0;0;False;;0;0;False;;0;0;False;;0;0;0;False;;0;0;;;389;100;51.02;PM1;TODAY_FAST_PROMISE;TODAY_PROMISE;2026-07-27;11;Veículo de Passeio;;;;
414306635;>Q10_PM1;at_destination_facility;last_mile;1785009889;0;17502440;DHL;['residential', 'business'];True;True;False;False;False;False;False;False;True;False;False;False;driver;EPA7;SPA2;exchange_point;America/Belem;17;False;[];[];False;0;0;;0;True;0;False;0;False;planned;Utilitários;-;0;0;EPA7;exchange_point;98;0;0;98;0;0;0;92;6;0;0;0;98;0;0;0;0;False;0;0;False;False;False;0;0;1856;0;1856;0;98;98;0;0;0;0;0;0;0;0;False;;0;0;False;;0;0;False;;0;0;False;;0;0;False;;0;0;0;False;;0;0;;;276;100;15.58;PM1;FAST_PROMISE;FAST_PROMISE;2026-07-25;2;Utilitários;;;;
414307342;>Q4_PM1;at_destination_facility;last_mile;1785010089;0;17502440;DHL;['residential', 'business'];True;True;False;False;False;False;False;False;True;False;False;False;driver;EPA7;SPA2;exchange_point;America/Belem;17;False;[];[];False;0;0;;0;True;0;False;0;False;planned;Utilitários;-;0;0;EPA7;exchange_point;100;0;0;100;0;0;0;96;4;0;0;0;100;0;0;0;0;False;0;0;False;False;False;0;0;1852;0;1852;0;100;100;0;0;0;0;0;0;0;0;False;;0;0;False;;0;0;False;;0;0;False;;0;0;False;;0;0;0;False;;0;0;;;280;100;26.64;PM1;FAST_PROMISE;FAST_PROMISE;2026-07-26;2;Utilitários;;;;
414307363;>Q14_PM1;at_destination_facility;last_mile;1785010099;0;17502440;DHL;['residential', 'business'];True;True;False;False;False;False;False;False;True;False;False;False;driver;EPA7;SPA2;exchange_point;America/Belem;17;False;[];[];False;0;0;;0;True;0;False;0;False;planned;Utilitários;-;0;0;EPA7;exchange_point;96;0;0;96;0;0;0;62;34;0;0;0;96;0;0;0;0;False;0;0;False;False;False;0;0;1852;0;1852;0;96;96;0;0;0;0;0;0;0;0;False;;0;0;False;;0;0;False;;0;0;False;;0;0;False;;0;0;0;False;;0;0;;;292;100;10.45;PM1;FAST_PROMISE;FAST_PROMISE;2026-07-25;2;Utilitários;;;;
414307902;>Q12_PM1;at_destination_facility;last_mile;1785010245;0;17502440;DHL;['residential', 'business'];True;True;False;False;False;False;False;False;True;False;False;False;driver;EPA7;SPA2;exchange_point;America/Belem;17;False;[];[];False;0;0;;0;True;0;False;0;False;planned;Utilitários;-;0;0;EPA7;exchange_point;96;0;0;96;0;0;0;76;20;0;0;0;96;0;0;0;0;False;0;0;False;False;False;0;0;1850;0;1850;0;96;96;0;0;0;0;0;0;0;0;False;;0;0;False;;0;0;False;;0;0;False;;0;0;False;;0;0;0;False;;0;0;;;350;100;18.59;PM1;FAST_PROMISE;FAST_PROMISE;2026-07-06;2;Utilitários;;;;
414308056;>Q9_PM1;at_destination_facility;last_mile;1785010298;0;17502440;DHL;['residential', 'business'];True;True;False;False;False;False;False;False;True;False;False;False;driver;EPA7;SPA2;exchange_point;America/Belem;17;False;[];[];False;0;0;;0;True;0;False;0;False;planned;Utilitários;-;0;0;EPA7;exchange_point;97;0;0;97;0;0;0;62;35;0;0;0;97;0;0;0;0;False;0;0;False;False;False;0;0;1849;0;1849;0;97;97;0;0;0;0;0;0;0;0;False;;0;0;False;;0;0;False;;0;0;False;;0;0;False;;0;0;0;False;;0;0;;;306;100;11.36;PM1;FAST_PROMISE;FAST_PROMISE;2026-07-25;2;Utilitários;;;;
414309505;>F6_PM1;at_destination_facility;last_mile;1785010557;0;17502440;DHL;['residential', 'business'];True;True;False;False;False;False;False;False;True;False;False;False;driver;EPA7;SPA2;exchange_point;America/Belem;17;False;[];[];False;0;0;;0;True;0;False;0;False;planned;Utilitários;-;0;0;EPA7;exchange_point;97;0;0;97;0;0;0;67;30;0;0;0;97;0;0;0;0;False;0;0;False;False;False;0;0;1845;0;1845;0;97;97;0;0;0;0;0;0;0;0;False;;0;0;False;;0;0;False;;0;0;False;;0;0;False;;0;0;0;False;;0;0;;;433;100;14.07;PM1;FAST_PROMISE;FAST_PROMISE;2026-07-25;2;Utilitários;;;;
414309764;>Q3_PM1;at_destination_facility;last_mile;1785010618;0;17502440;DHL;['residential', 'business'];True;True;False;False;False;False;False;False;True;False;False;False;driver;EPA7;SPA2;exchange_point;America/Belem;17;False;[];[];False;0;0;;0;True;0;False;0;False;planned;Utilitários;-;0;0;EPA7;exchange_point;99;0;0;99;0;0;0;95;4;0;0;0;99;0;0;0;0;False;0;0;False;False;False;0;0;1844;0;1844;0;99;99;0;0;0;0;0;0;0;0;False;;0;0;False;;0;0;False;;0;0;False;;0;0;False;;0;0;0;False;;0;0;;;339;100;28.02;PM1;FAST_PROMISE;FAST_PROMISE;2026-07-24;2;Utilitários;;;;
414310289;>Q7_PM1;at_destination_facility;last_mile;1785010758;0;17502440;DHL;['residential', 'business'];True;True;False;False;False;False;False;False;True;False;False;False;driver;EPA7;SPA2;exchange_point;America/Belem;17;False;[];[];False;0;0;;0;True;0;False;0;False;planned;Utilitários;-;0;0;EPA7;exchange_point;97;0;0;97;0;0;0;90;7;0;0;0;97;0;0;0;0;False;0;0;False;False;False;0;0;1841;0;1841;0;97;97;0;0;0;0;0;0;0;0;False;;0;0;False;;0;0;False;;0;0;False;;0;0;False;;0;0;0;False;;0;0;;;301;100;17.99;PM1;FAST_PROMISE;FAST_PROMISE;2026-07-26;2;Utilitários;;;;
414310296;>F9_PM1;at_destination_facility;last_mile;1785010764;0;17502440;DHL;['residential', 'business'];True;True;False;False;False;False;False;False;True;False;False;False;driver;EPA7;SPA2;exchange_point;America/Belem;17;False;[];[];False;0;0;;0;True;0;False;0;False;planned;Utilitários;-;0;0;EPA7;exchange_point;97;0;0;97;0;0;0;69;28;0;0;0;97;0;0;0;0;False;0;0;False;False;False;0;0;1841;0;1841;0;97;97;0;0;0;0;0;0;0;0;False;;0;0;False;;0;0;False;;0;0;False;;0;0;False;;0;0;0;False;;0;0;;;288;100;9.0;PM1;FAST_PROMISE;FAST_PROMISE;2026-07-23;2;Utilitários;;;;
414310401;>F2_PM1;at_destination_facility;last_mile;1785010798;0;17502440;DHL;['residential', 'business'];True;True;False;False;False;False;False;False;True;False;False;False;driver;EPA7;SPA2;exchange_point;America/Belem;17;False;[];[];False;0;0;;0;True;0;False;0;False;planned;Utilitários;-;0;0;EPA7;exchange_point;98;0;0;98;0;0;0;82;16;0;0;0;98;0;0;0;0;False;0;0;False;False;False;0;0;1841;0;1841;0;98;98;0;0;0;0;0;0;0;0;False;;0;0;False;;0;0;False;;0;0;False;;0;0;False;;0;0;0;False;;0;0;;;321;100;29.67;PM1;FAST_PROMISE;FAST_PROMISE;2026-07-26;2;Utilitários;;;;
414320607;>G24_PM1;at_destination_facility;last_mile;1785014827;0;59903397;RodaCoop;['residential', 'business'];True;True;False;False;False;False;False;False;True;False;False;False;driver;EPA6;SPA2;exchange_point;America/Belem;18;False;[];[];False;0;0;;0;True;0;False;0;False;planned;Utilitários;-;0;0;EPA6;exchange_point;99;0;0;99;0;0;0;87;12;0;0;0;99;0;0;0;0;False;0;0;False;False;False;0;0;1774;0;1774;0;99;99;0;0;0;0;0;0;0;0;False;;0;0;False;;0;0;False;;0;0;False;;0;0;False;;0;0;0;False;;0;0;;;364;100;24.11;PM1;FAST_PROMISE;FAST_PROMISE;2026-07-23;2;Utilitários;;;;
414320663;>N7_PM1;at_destination_facility;last_mile;1785014838;0;1670870460;JL Castro;['residential', 'business'];True;True;False;False;False;False;False;False;True;False;False;False;driver;EPA4;SPA2;exchange_point;America/Belem;18;False;[];[];False;0;0;;0;True;0;False;0;False;planned;Vuc;-;0;0;EPA4;exchange_point;73;0;0;73;0;0;0;46;27;0;0;0;73;0;0;0;0;False;0;0;False;False;False;0;0;1773;0;1773;0;73;73;0;0;0;0;0;0;0;0;False;;0;0;False;;0;0;False;;0;0;False;;0;0;False;;0;0;0;False;;0;0;;;413;100;52.71;PM1;FAST_PROMISE;FAST_PROMISE;2026-07-25;16;Vuc;;;;
414329105;>A3_PM1;at_destination_facility;last_mile;1785019790;0;17502440;DHL;['residential', 'business'];True;True;False;False;False;False;False;False;True;False;False;False;driver;ETO4;SPA2;exchange_point;America/Belem;19;False;[];[];False;0;0;;0;True;0;False;0;False;planned;Utilitários;-;0;0;ETO4;exchange_point;100;0;0;100;0;0;0;77;23;0;0;0;100;0;0;0;0;False;0;0;False;False;False;0;0;1691;0;1691;0;100;100;0;0;0;0;0;0;0;0;False;;0;0;False;;0;0;False;;0;0;False;;0;0;False;;0;0;0;False;;0;0;;;371;100;71.6;PM1;FAST_PROMISE;FAST_PROMISE;2026-07-25;2;Utilitários;;;;
414329196;>A11_PM1;at_destination_facility;last_mile;1785019826;0;17502440;DHL;['residential', 'business'];True;True;False;False;False;False;False;False;True;False;False;False;driver;ETO4;SPA2;exchange_point;America/Belem;19;False;[];[];False;0;0;;0;True;0;False;0;False;planned;Utilitários;-;0;0;ETO4;exchange_point;98;0;0;98;0;0;0;76;22;0;0;0;98;0;0;0;0;False;0;0;False;False;False;0;0;1690;0;1690;0;98;98;0;0;0;0;0;0;0;0;False;;0;0;False;;0;0;False;;0;0;False;;0;0;False;;0;0;0;False;;0;0;;;324;100;18.65;PM1;FAST_PROMISE;FAST_PROMISE;2026-07-11;2;Utilitários;;;;
414329231;>A10_PM1;at_destination_facility;last_mile;1785019832;0;17502440;DHL;['residential', 'business'];True;True;False;False;False;False;False;False;True;False;False;False;driver;ETO4;SPA2;exchange_point;America/Belem;19;False;[];[];False;0;0;;0;True;0;False;0;False;planned;Utilitários;-;0;0;ETO4;exchange_point;97;0;0;97;0;0;0;77;20;0;0;0;97;0;0;0;0;False;0;0;False;False;False;0;0;1690;0;1690;0;97;97;0;0;0;0;0;0;0;0;False;;0;0;False;;0;0;False;;0;0;False;;0;0;False;;0;0;0;False;;0;0;;;329;100;23.8;PM1;FAST_PROMISE;FAST_PROMISE;2026-07-25;2;Utilitários;;;;
414329252;>A5_PM1;at_destination_facility;last_mile;1785019841;0;17502440;DHL;['residential', 'business'];True;True;False;False;False;False;False;False;True;False;False;False;driver;ETO4;SPA2;exchange_point;America/Belem;19;False;[];[];False;0;0;;0;True;0;False;0;False;planned;Utilitários;-;0;0;ETO4;exchange_point;98;0;0;98;0;0;0;80;18;0;0;0;98;0;0;0;0;False;0;0;False;False;False;0;0;1690;0;1690;0;98;98;0;0;0;0;0;0;0;0;False;;0;0;False;;0;0;False;;0;0;False;;0;0;False;;0;0;0;False;;0;0;;;344;100;21.61;PM1;FAST_PROMISE;FAST_PROMISE;2026-07-25;2;Utilitários;;;;
414329280;>A2_PM1;at_destination_facility;last_mile;1785019845;0;17502440;DHL;['residential', 'business'];True;True;False;False;False;False;False;False;True;False;False;False;driver;ETO4;SPA2;exchange_point;America/Belem;19;False;[];[];False;0;0;;0;True;0;False;0;False;planned;Veículo de Passeio;-;0;0;ETO4;exchange_point;96;0;0;96;0;0;0;77;19;0;0;0;96;0;0;0;0;False;0;0;False;False;False;0;0;1690;0;1690;0;96;96;0;0;0;0;0;0;0;0;False;;0;0;False;;0;0;False;;0;0;False;;0;0;False;;0;0;0;False;;0;0;;;328;100;20.55;PM1;FAST_PROMISE;FAST_PROMISE;2026-07-24;11;Veículo de Passeio;;;;
414329329;>A12_PM1;at_destination_facility;last_mile;1785019859;0;17502440;DHL;['residential', 'business'];True;True;False;False;False;False;False;False;True;False;False;False;driver;ETO4;SPA2;exchange_point;America/Belem;19;False;[];[];False;0;0;;0;True;0;False;0;False;planned;Utilitários;-;0;0;ETO4;exchange_point;99;0;0;99;0;0;0;83;16;0;0;0;99;0;0;0;0;False;0;0;False;False;False;0;0;1690;0;1690;0;99;99;0;0;0;0;0;0;0;0;False;;0;0;False;;0;0;False;;0;0;False;;0;0;False;;0;0;0;False;;0;0;;;386;100;43.17;PM1;FAST_PROMISE;FAST_PROMISE;2026-07-18;2;Utilitários;;;;
414329336;>A6_PM1;at_destination_facility;last_mile;1785019864;0;17502440;DHL;['residential', 'business'];True;True;False;False;False;False;False;False;True;False;False;False;driver;ETO4;SPA2;exchange_point;America/Belem;19;False;[];[];False;0;0;;0;True;0;False;0;False;planned;Utilitários;-;0;0;ETO4;exchange_point;98;0;0;98;0;0;0;68;30;0;0;0;98;0;0;0;0;False;0;0;False;False;False;0;0;1690;0;1690;0;98;98;0;0;0;0;0;0;0;0;False;;0;0;False;;0;0;False;;0;0;False;;0;0;False;;0;0;0;False;;0;0;;;345;100;21.39;PM1;FAST_PROMISE;FAST_PROMISE;2026-07-25;2;Utilitários;;;;
414329350;>A4_PM1;at_destination_facility;last_mile;1785019868;0;17502440;DHL;['residential', 'business'];True;True;False;False;False;False;False;False;True;False;False;False;driver;ETO4;SPA2;exchange_point;America/Belem;19;False;[];[];False;0;0;;0;True;0;False;0;False;planned;Utilitários;-;0;0;ETO4;exchange_point;99;0;0;99;0;0;0;86;13;0;0;0;99;0;0;0;0;False;0;0;False;False;False;0;0;1690;0;1690;0;99;99;0;0;0;0;0;0;0;0;False;;0;0;False;;0;0;False;;0;0;False;;0;0;False;;0;0;0;False;;0;0;;;387;100;76.57;PM1;FAST_PROMISE;FAST_PROMISE;2026-07-26;2;Utilitários;;;;
414329364;>A9_PM1;at_destination_facility;last_mile;1785019873;0;17502440;DHL;['residential', 'business'];True;True;False;False;False;False;False;False;True;False;False;False;driver;ETO4;SPA2;exchange_point;America/Belem;19;False;[];[];False;0;0;;0;True;0;False;0;False;planned;Utilitários;-;0;0;ETO4;exchange_point;99;0;0;99;0;0;0;81;18;0;0;0;99;0;0;0;0;False;0;0;False;False;False;0;0;1689;0;1689;0;99;99;0;0;0;0;0;0;0;0;False;;0;0;False;;0;0;False;;0;0;False;;0;0;False;;0;0;0;False;;0;0;;;323;100;22.29;PM1;FAST_PROMISE;FAST_PROMISE;2026-07-26;2;Utilitários;;;;
414329378;>A8_PM1;at_destination_facility;last_mile;1785019878;0;17502440;DHL;['residential', 'business'];True;True;False;False;False;False;False;False;True;False;False;False;driver;ETO4;SPA2;exchange_point;America/Belem;19;False;[];[];False;0;0;;0;True;0;False;0;False;planned;Utilitários;-;0;0;ETO4;exchange_point;97;0;0;97;0;0;0;74;23;0;0;0;97;0;0;0;0;False;0;0;False;False;False;0;0;1689;0;1689;0;97;97;0;0;0;0;0;0;0;0;False;;0;0;False;;0;0;False;;0;0;False;;0;0;False;;0;0;0;False;;0;0;;;362;100;34.62;PM1;FAST_PROMISE;FAST_PROMISE;2026-07-13;2;Utilitários;;;;
414329392;>A7_PM1;at_destination_facility;last_mile;1785019883;0;17502440;DHL;['residential', 'business'];True;True;False;False;True;False;False;False;True;False;False;False;driver;ETO4;SPA2;exchange_point;America/Belem;19;False;[];[];False;0;0;;0;True;0;False;0;False;planned;Utilitários;-;0;0;ETO4;exchange_point;106;0;0;106;0;0;0;78;21;0;0;0;106;0;0;0;0;False;0;0;False;False;False;0;0;1689;0;1689;0;106;106;0;0;0;0;0;0;0;0;False;;0;0;False;;0;0;False;;0;0;False;;0;0;False;;0;0;0;False;;0;0;;;361;100;23.15;PM1;FAST_PROMISE;FAST_PROMISE;2026-07-26;2;Utilitários;;;;
414329469;>B19_PM1;at_destination_facility;last_mile;1785019992;0;17502440;DHL;['residential', 'business'];True;True;False;False;False;False;False;False;True;False;False;False;driver;ETO4;SPA2;exchange_point;America/Belem;19;False;[];[];False;0;0;;0;True;0;False;0;False;planned;Van;-;0;0;ETO4;exchange_point;81;0;0;81;0;0;0;67;14;0;0;0;81;0;0;0;0;False;0;0;False;False;False;0;0;1687;0;1687;0;81;81;0;0;0;0;0;0;0;0;False;;0;0;False;;0;0;False;;0;0;False;;0;0;False;;0;0;0;False;;0;0;;;420;100;29.36;PM1;FAST_PROMISE;FAST_PROMISE;2026-07-18;28;Van;;;;
414332416;>C1_PM1;at_destination_facility;last_mile;1785024900;0;17502440;DHL;['residential', 'business'];True;True;False;False;False;False;False;False;True;False;False;False;driver;ETO4;SPA2;exchange_point;America/Belem;21;False;[];[];False;0;0;;0;True;0;False;0;False;planned;Veículo de Passeio;-;0;0;ETO4;exchange_point;98;0;0;98;0;0;0;92;6;0;0;0;98;0;0;0;0;False;0;0;False;False;False;0;0;1606;0;1606;0;98;98;0;0;0;0;0;0;0;0;False;;0;0;False;;0;0;False;;0;0;False;;0;0;False;;0;0;0;False;;0;0;;;345;100;18.41;PM1;FAST_PROMISE;FAST_PROMISE;2026-07-25;11;Veículo de Passeio;;;;
414332437;>C6_PM1;at_destination_facility;last_mile;1785024915;0;17502440;DHL;['residential', 'business'];True;True;False;False;False;False;False;False;True;False;False;False;driver;ETO4;SPA2;exchange_point;America/Belem;21;False;[];[];False;0;0;;0;True;0;False;0;False;planned;Veículo de Passeio;-;0;0;ETO4;exchange_point;100;0;0;100;0;0;0;67;33;0;0;0;100;0;0;0;0;False;0;0;False;False;False;0;0;1605;0;1605;0;100;100;0;0;0;0;0;0;0;0;False;;0;0;False;;0;0;False;;0;0;False;;0;0;False;;0;0;0;False;;0;0;;;302;100;17.8;PM1;FAST_PROMISE;FAST_PROMISE;2026-07-25;11;Veículo de Passeio;;;;
414332444;>C5_PM1;at_destination_facility;last_mile;1785024925;0;17502440;DHL;['residential', 'business'];True;True;False;False;False;False;False;False;True;False;False;False;driver;ETO4;SPA2;exchange_point;America/Belem;21;False;[];[];False;0;0;;0;True;0;False;0;False;planned;Veículo de Passeio;-;0;0;ETO4;exchange_point;99;0;0;99;0;0;0;56;43;0;0;0;99;0;0;0;0;False;0;0;False;False;False;0;0;1605;0;1605;0;99;99;0;0;0;0;0;0;0;0;False;;0;0;False;;0;0;False;;0;0;False;;0;0;False;;0;0;0;False;;0;0;;;300;100;21.81;PM1;FAST_PROMISE;FAST_PROMISE;2026-07-25;11;Veículo de Passeio;;;;
414332458;>C8_PM1;at_destination_facility;last_mile;1785024936;0;17502440;DHL;['residential', 'business'];True;True;False;False;False;False;False;False;True;False;False;False;driver;ETO4;SPA2;exchange_point;America/Belem;21;False;[];[];False;0;0;;0;True;0;False;0;False;planned;Veículo de Passeio;-;0;0;ETO4;exchange_point;98;0;0;98;0;0;0;66;32;0;0;0;98;0;0;0;0;False;0;0;False;False;False;0;0;1605;0;1605;0;98;98;0;0;0;0;0;0;0;0;False;;0;0;False;;0;0;False;;0;0;False;;0;0;False;;0;0;0;False;;0;0;;;346;100;24.39;PM1;FAST_PROMISE;FAST_PROMISE;2026-07-25;11;Veículo de Passeio;;;;
414332486;>C4_PM1;at_destination_facility;last_mile;1785024945;0;17502440;DHL;['residential', 'business'];True;True;False;False;False;False;False;False;True;False;False;False;driver;ETO4;SPA2;exchange_point;America/Belem;21;False;[];[];False;0;0;;0;True;0;False;0;False;planned;Veículo de Passeio;-;0;0;ETO4;exchange_point;97;0;0;97;0;0;0;93;3;0;0;0;97;0;0;0;0;False;0;0;False;False;False;0;0;1605;0;1605;0;97;97;0;0;0;0;0;0;0;0;False;;0;0;False;;0;0;False;;0;0;False;;0;0;False;;0;0;0;False;;0;0;;;389;100;27.74;PM1;FAST_PROMISE;FAST_PROMISE;2026-07-21;11;Veículo de Passeio;;;;
414332493;>C10_PM1;at_destination_facility;last_mile;1785024949;0;17502440;DHL;['residential', 'business'];True;True;False;False;False;False;False;False;True;False;False;False;driver;ETO4;SPA2;exchange_point;America/Belem;21;False;[];[];False;0;0;;0;True;0;False;0;False;planned;Utilitários;-;0;0;ETO4;exchange_point;99;0;0;99;0;0;0;63;36;0;0;0;99;0;0;0;0;False;0;0;False;False;False;0;0;1605;0;1605;0;99;99;0;0;0;0;0;0;0;0;False;;0;0;False;;0;0;False;;0;0;False;;0;0;False;;0;0;0;False;;0;0;;;304;100;13.25;PM1;FAST_PROMISE;FAST_PROMISE;2026-07-25;2;Utilitários;;;;
414332514;>C12_PM1;at_destination_facility;last_mile;1785024953;0;17502440;DHL;['residential', 'business'];True;True;False;False;False;False;False;False;True;False;False;False;driver;ETO4;SPA2;exchange_point;America/Belem;21;False;[];[];False;0;0;;0;True;0;False;0;False;planned;Utilitários;-;0;0;ETO4;exchange_point;97;0;0;97;0;0;0;72;25;0;0;0;97;0;0;0;0;False;0;0;False;False;False;0;0;1605;0;1605;0;97;97;0;0;0;0;0;0;0;0;False;;0;0;False;;0;0;False;;0;0;False;;0;0;False;;0;0;0;False;;0;0;;;368;100;21.38;PM1;FAST_PROMISE;FAST_PROMISE;2026-07-25;2;Utilitários;;;;
414332528;>C9_PM1;at_destination_facility;last_mile;1785024960;0;17502440;DHL;['residential', 'business'];True;True;False;False;False;False;False;False;True;False;False;False;driver;ETO4;SPA2;exchange_point;America/Belem;21;False;[];[];False;0;0;;0;True;0;False;0;False;planned;Veículo de Passeio;-;0;0;ETO4;exchange_point;99;0;0;99;0;0;0;74;25;0;0;0;99;0;0;0;0;False;0;0;False;False;False;0;0;1605;0;1605;0;99;99;0;0;0;0;0;0;0;0;False;;0;0;False;;0;0;False;;0;0;False;;0;0;False;;0;0;0;False;;0;0;;;401;100;24.68;PM1;FAST_PROMISE;FAST_PROMISE;2026-07-22;11;Veículo de Passeio;;;;
414332535;>C14_PM1;at_destination_facility;last_mile;1785024963;0;17502440;DHL;['residential', 'business'];True;True;False;False;False;False;False;False;True;False;False;False;driver;ETO4;SPA2;exchange_point;America/Belem;21;False;[];[];False;0;0;;0;True;0;False;0;False;planned;Veículo de Passeio;-;0;0;ETO4;exchange_point;99;0;0;99;0;0;0;85;14;0;0;0;99;0;0;0;0;False;0;0;False;False;False;0;0;1605;0;1605;0;99;99;0;0;0;0;0;0;0;0;False;;0;0;False;;0;0;False;;0;0;False;;0;0;False;;0;0;0;False;;0;0;;;357;100;20.28;PM1;FAST_PROMISE;FAST_PROMISE;2026-07-25;11;Veículo de Passeio;;;;
414332549;>C11_PM1;at_destination_facility;last_mile;1785024967;0;17502440;DHL;['residential', 'business'];True;True;False;False;False;False;False;False;True;False;False;False;driver;ETO4;SPA2;exchange_point;America/Belem;21;False;[];[];False;0;0;;0;True;0;False;0;False;planned;Utilitários;-;0;0;ETO4;exchange_point;95;0;0;95;0;0;0;83;12;0;0;0;95;0;0;0;0;False;0;0;False;False;False;0;0;1605;0;1605;0;95;95;0;0;0;0;0;0;0;0;False;;0;0;False;;0;0;False;;0;0;False;;0;0;False;;0;0;0;False;;0;0;;;334;100;24.98;PM1;TODAY_FAST_PROMISE;TODAY_PROMISE;2026-07-27;2;Utilitários;;;;
414332570;>C16_PM1;at_destination_facility;last_mile;1785024971;0;17502440;DHL;['residential', 'business'];True;True;False;False;False;False;False;False;True;False;False;False;driver;ETO4;SPA2;exchange_point;America/Belem;21;False;[];[];False;0;0;;0;True;0;False;0;False;planned;Veículo de Passeio;-;0;0;ETO4;exchange_point;98;0;0;98;0;0;0;84;13;0;0;0;98;0;0;0;0;False;0;0;False;False;False;0;0;1604;0;1604;0;98;98;0;0;0;0;0;0;0;0;False;;0;0;False;;0;0;False;;0;0;False;;0;0;False;;0;0;0;False;;0;0;;;355;100;16.04;PM1;FAST_PROMISE;FAST_PROMISE;2026-07-22;11;Veículo de Passeio;;;;
414332577;>C13_PM1;at_destination_facility;last_mile;1785024974;0;17502440;DHL;['residential', 'business'];True;True;False;False;False;False;False;False;True;False;False;False;driver;ETO4;SPA2;exchange_point;America/Belem;21;False;[];[];False;0;0;;0;True;0;False;0;False;planned;Utilitários;-;0;0;ETO4;exchange_point;97;0;0;97;0;0;0;81;16;0;0;0;97;0;0;0;0;False;0;0;False;False;False;0;0;1604;0;1604;0;97;97;0;0;0;0;0;0;0;0;False;;0;0;False;;0;0;False;;0;0;False;;0;0;False;;0;0;0;False;;0;0;;;406;100;24.9;PM1;FAST_PROMISE;FAST_PROMISE;2026-07-21;2;Utilitários;;;;
414332591;>C18_PM1;at_destination_facility;last_mile;1785024977;0;17502440;DHL;['residential', 'business'];True;True;False;False;False;False;False;False;True;False;False;False;driver;ETO4;SPA2;exchange_point;America/Belem;21;False;[];[];False;0;0;;0;True;0;False;0;False;planned;Utilitários;-;0;0;ETO4;exchange_point;91;0;0;91;0;0;0;82;8;0;0;0;91;0;0;0;0;False;0;0;False;False;False;0;0;1604;0;1604;0;91;91;0;0;0;0;0;0;0;0;False;;0;0;False;;0;0;False;;0;0;False;;0;0;False;;0;0;0;False;;0;0;;;364;100;24.55;PM1;FAST_PROMISE;FAST_PROMISE;2026-07-25;2;Utilitários;;;;
414332598;>C17_PM1;at_destination_facility;last_mile;1785024981;0;17502440;DHL;['residential', 'business'];True;True;False;False;False;False;False;False;True;False;False;False;driver;ETO4;SPA2;exchange_point;America/Belem;21;False;[];[];False;0;0;;0;True;0;False;0;False;planned;Utilitários;-;0;0;ETO4;exchange_point;94;0;0;94;0;0;0;64;30;0;0;0;94;0;0;0;0;False;0;0;False;False;False;0;0;1604;0;1604;0;94;94;0;0;0;0;0;0;0;0;False;;0;0;False;;0;0;False;;0;0;False;;0;0;False;;0;0;0;False;;0;0;;;338;100;20.65;PM1;FAST_PROMISE;FAST_PROMISE;2026-07-23;2;Utilitários;;;;
414332605;>C20_PM1;at_destination_facility;last_mile;1785024985;0;17502440;DHL;['residential', 'business'];True;True;False;False;False;False;False;False;True;False;False;False;driver;ETO4;SPA2;exchange_point;America/Belem;21;False;[];[];False;0;0;;0;True;0;False;0;False;planned;Van;-;0;0;ETO4;exchange_point;79;0;0;79;0;0;0;65;14;0;0;0;79;0;0;0;0;False;0;0;False;False;False;0;0;1604;0;1604;0;79;79;0;0;0;0;0;0;0;0;False;;0;0;False;;0;0;False;;0;0;False;;0;0;False;;0;0;0;False;;0;0;;;419;100;81.05;PM1;FAST_PROMISE;FAST_PROMISE;2026-07-24;28;Van;;;;
414332766;>C2_PM1;at_destination_facility;last_mile;1785025093;0;17502440;DHL;['residential', 'business'];True;True;False;False;False;False;False;False;True;False;False;False;driver;ETO4;SPA2;exchange_point;America/Belem;21;False;[];[];False;0;0;;0;True;0;False;0;False;planned;Veículo de Passeio;-;0;0;ETO4;exchange_point;97;0;0;97;0;0;0;77;20;0;0;0;97;0;0;0;0;False;0;0;False;False;False;0;0;1602;0;1602;0;97;97;0;0;0;0;0;0;0;0;False;;0;0;False;;0;0;False;;0;0;False;;0;0;False;;0;0;0;False;;0;0;;;421;100;49.04;PM1;FAST_PROMISE;FAST_PROMISE;2026-07-25;11;Veículo de Passeio;;;;
414332773;>C3_PM1;at_destination_facility;last_mile;1785025100;0;17502440;DHL;['residential', 'business'];True;True;False;False;False;False;False;False;True;False;False;False;driver;ETO4;SPA2;exchange_point;America/Belem;21;False;[];[];False;0;0;;0;True;0;False;0;False;planned;Veículo de Passeio;-;0;0;ETO4;exchange_point;98;0;0;98;0;0;0;71;27;0;0;0;98;0;0;0;0;False;0;0;False;False;False;0;0;1602;0;1602;0;98;98;0;0;0;0;0;0;0;0;False;;0;0;False;;0;0;False;;0;0;False;;0;0;False;;0;0;0;False;;0;0;;;346;100;17.23;PM1;FAST_PROMISE;FAST_PROMISE;2026-07-21;11;Veículo de Passeio;;;;
414332801;>C7_PM1;at_destination_facility;last_mile;1785025118;0;17502440;DHL;['residential', 'business'];True;True;False;False;False;False;False;False;True;False;False;False;driver;ETO4;SPA2;exchange_point;America/Belem;21;False;[];[];False;0;0;;0;True;0;False;0;False;planned;Veículo de Passeio;-;0;0;ETO4;exchange_point;97;0;0;97;0;0;0;83;14;0;0;0;97;0;0;0;0;False;0;0;False;False;False;0;0;1602;0;1602;0;97;97;0;0;0;0;0;0;0;0;False;;0;0;False;;0;0;False;;0;0;False;;0;0;False;;0;0;0;False;;0;0;;;379;100;24.27;PM1;TODAY_FAST_PROMISE;TODAY_PROMISE;2026-07-27;11;Veículo de Passeio;;;;
414332822;>C19_PM1;at_destination_facility;last_mile;1785025131;0;17502440;DHL;['residential', 'business'];True;True;False;False;False;False;False;False;True;False;False;False;driver;ETO4;SPA2;exchange_point;America/Belem;21;False;[];[];False;0;0;;0;True;0;False;0;False;planned;Veículo de Passeio;-;0;0;ETO4;exchange_point;83;0;0;83;0;0;0;55;28;0;0;0;83;0;0;0;0;False;0;0;False;False;False;0;0;1602;0;1602;0;83;83;0;0;0;0;0;0;0;0;False;;0;0;False;;0;0;False;;0;0;False;;0;0;False;;0;0;0;False;;0;0;;;297;100;22.48;PM1;FAST_PROMISE;FAST_PROMISE;2026-07-23;11;Veículo de Passeio;;;;
414490154;=I1_PM1;at_destination_facility;last_mile;1785086358;0;59903397;RodaCoop;['residential', 'business'];True;True;False;False;True;False;False;False;True;False;False;False;driver;EPA5;SPA2;exchange_point;America/Belem;14;False;[];[];False;0;0;;0;True;0;False;0;False;planned;Vuc;-;0;0;EPA5;exchange_point;315;0;0;315;0;0;0;226;61;0;0;0;315;0;0;0;0;False;0;0;False;False;False;0;0;581;0;581;0;315;315;0;0;0;0;0;0;0;0;False;;0;0;False;;0;0;False;;0;0;False;;0;0;False;;0;0;0;False;;0;0;;;420;100;73.06;PM1;FAST_PROMISE;FAST_PROMISE;2026-07-13;16;Vuc;;;;
414502936;=G1_PM1;at_destination_facility;last_mile;1785093056;0;17502440;DHL;['residential', 'business'];True;True;False;False;True;False;False;False;True;False;False;False;driver;EPA6;SPA2;exchange_point;America/Belem;16;False;[];[];False;0;0;;0;True;0;False;0;False;planned;Vuc;-;0;0;EPA6;exchange_point;256;0;0;256;0;0;0;207;40;0;0;0;256;0;0;0;0;False;0;0;False;False;False;0;0;470;0;470;0;256;256;0;0;0;0;0;0;0;0;False;;0;0;False;;0;0;False;;0;0;False;;0;0;False;;0;0;0;False;;0;0;;;412;100;23.08;PM1;FAST_PROMISE;FAST_PROMISE;2026-07-25;16;Vuc;;;;
414519834;=K1_PM1;at_destination_facility;last_mile;1785100135;0;59903397;RodaCoop;['residential', 'business'];True;True;False;False;True;False;False;False;True;False;False;False;driver;EPA2;SPA2;exchange_point;America/Belem;18;False;[];[];False;0;0;;0;True;0;False;0;False;planned;Utilitários;-;0;0;EPA2;exchange_point;196;0;0;196;0;0;0;120;13;0;0;0;196;0;0;0;0;False;0;0;False;False;False;0;0;352;0;352;0;196;196;0;0;0;0;0;0;0;0;False;;0;0;False;;0;0;False;;0;0;False;;0;0;False;;0;0;0;False;;0;0;;;248;100;29.04;PM1;FAST_PROMISE;FAST_PROMISE;2026-07-24;2;Utilitários;;;;
414521031;=K23_PM1;at_destination_facility;last_mile;1785101710;0;59903397;RodaCoop;['residential', 'business'];True;True;False;False;True;False;False;False;True;False;False;False;driver;EPA2;SPA2;exchange_point;America/Belem;18;False;[];[];False;0;0;;0;True;0;False;0;False;planned;Utilitários;-;0;0;EPA2;exchange_point;93;0;0;93;0;0;0;23;4;0;0;0;93;0;0;0;0;False;0;0;False;False;False;0;0;325;0;325;0;93;93;0;0;0;0;0;0;0;0;False;;0;0;False;;0;0;False;;0;0;False;;0;0;False;;0;0;0;False;;0;0;;;116;100;6.53;PM1;TODAY_FAST_PROMISE;TODAY_PROMISE;2026-07-27;2;Utilitários;;;;
414521038;=K8_PM1;at_destination_facility;last_mile;1785101720;0;59903397;RodaCoop;['residential', 'business'];True;True;False;False;False;False;False;False;True;False;False;False;driver;EPA2;SPA2;exchange_point;America/Belem;18;False;[];[];False;0;0;;0;True;0;False;0;False;planned;Utilitários;-;0;0;EPA2;exchange_point;81;0;0;81;0;0;0;80;1;0;0;0;81;0;0;0;0;False;0;0;False;False;False;0;0;325;0;325;0;81;81;0;0;0;0;0;0;0;0;False;;0;0;False;;0;0;False;;0;0;False;;0;0;False;;0;0;0;False;;0;0;;;398;81,7;89.58;PM1;FAST_PROMISE;FAST_PROMISE;2026-07-24;2;Utilitários;;;;
414521059;=K6_PM1;at_destination_facility;last_mile;1785101739;0;59903397;RodaCoop;['residential', 'business'];True;True;False;False;False;False;False;False;True;False;False;False;driver;EPA2;SPA2;exchange_point;America/Belem;18;False;[];[];False;0;0;;0;True;0;False;0;False;planned;Utilitários;-;0;0;EPA2;exchange_point;98;0;0;98;0;0;0;91;7;0;0;0;98;0;0;0;0;False;0;0;False;False;False;0;0;325;0;325;0;98;98;0;0;0;0;0;0;0;0;False;;0;0;False;;0;0;False;;0;0;False;;0;0;False;;0;0;0;False;;0;0;;;335;97,0;29.64;PM1;FAST_PROMISE;FAST_PROMISE;2026-07-25;2;Utilitários;;;;
414521073;=K11_PM1;at_destination_facility;last_mile;1785101744;0;59903397;RodaCoop;['residential', 'business'];True;True;False;False;False;False;False;False;True;False;False;False;driver;EPA2;SPA2;exchange_point;America/Belem;18;False;[];[];False;0;0;;0;True;0;False;0;False;planned;Utilitários;-;0;0;EPA2;exchange_point;33;0;0;33;0;0;0;31;2;0;0;0;33;0;0;0;0;False;0;0;False;False;False;0;0;325;0;325;0;33;33;0;0;0;0;0;0;0;0;False;;0;0;False;;0;0;False;;0;0;False;;0;0;False;;0;0;0;False;;0;0;;;234;100;40.42;PM1;TODAY_FAST_PROMISE;TODAY_PROMISE;2026-07-27;2;Utilitários;;;;
414521080;=K27_PM1;at_destination_facility;last_mile;1785101747;0;59903397;RodaCoop;['residential', 'business'];True;True;False;False;False;False;False;False;True;False;False;False;driver;EPA2;SPA2;exchange_point;America/Belem;18;False;[];[];False;0;0;;0;True;0;False;0;False;planned;Utilitários;-;0;0;EPA2;exchange_point;86;0;0;86;0;0;0;83;3;0;0;0;86;0;0;0;0;False;0;0;False;False;False;0;0;325;0;325;0;86;86;0;0;0;0;0;0;0;0;False;;0;0;False;;0;0;False;;0;0;False;;0;0;False;;0;0;0;False;;0;0;;;311;100;36.57;PM1;FAST_PROMISE;FAST_PROMISE;2026-07-23;2;Utilitários;;;;
414521087;=K4_PM1;at_destination_facility;last_mile;1785101750;0;59903397;RodaCoop;['residential', 'business'];True;True;False;False;False;False;False;False;True;False;False;False;driver;EPA2;SPA2;exchange_point;America/Belem;18;False;[];[];False;0;0;;0;True;0;False;0;False;planned;Utilitários;-;0;0;EPA2;exchange_point;91;0;0;91;0;0;0;66;25;0;0;0;91;0;0;0;0;False;0;0;False;False;False;0;0;325;0;325;0;91;91;0;0;0;0;0;0;0;0;False;;0;0;False;;0;0;False;;0;0;False;;0;0;False;;0;0;0;False;;0;0;;;243;100;10.06;PM1;FAST_PROMISE;FAST_PROMISE;2026-07-23;2;Utilitários;;;;
414521101;=K25_PM1;at_destination_facility;last_mile;1785101753;0;59903397;RodaCoop;['residential', 'business'];True;True;False;False;False;False;False;False;True;False;False;False;driver;EPA2;SPA2;exchange_point;America/Belem;18;False;[];[];False;0;0;;0;True;0;False;0;False;planned;Utilitários;-;0;0;EPA2;exchange_point;92;0;0;92;0;0;0;84;8;0;0;0;92;0;0;0;0;False;0;0;False;False;False;0;0;325;0;325;0;92;92;0;0;0;0;0;0;0;0;False;;0;0;False;;0;0;False;;0;0;False;;0;0;False;;0;0;0;False;;0;0;;;260;100;10.6;PM1;FAST_PROMISE;FAST_PROMISE;2026-07-26;2;Utilitários;;;;
414521129;=K7_PM1;at_destination_facility;last_mile;1785101770;0;59903397;RodaCoop;['residential', 'business'];True;True;False;False;True;False;False;False;True;False;False;False;driver;EPA2;SPA2;exchange_point;America/Belem;18;False;[];[];False;0;0;;0;True;0;False;0;False;planned;Veículo de Passeio;-;0;0;EPA2;exchange_point;85;0;0;85;0;0;0;20;1;0;0;0;85;0;0;0;0;False;0;0;False;False;False;0;0;324;0;324;0;85;85;0;0;0;0;0;0;0;0;False;;0;0;False;;0;0;False;;0;0;False;;0;0;False;;0;0;0;False;;0;0;;;117;100;6.72;PM1;FAST_PROMISE;FAST_PROMISE;2026-07-24;11;Veículo de Passeio;;;;
414521136;=K9_PM1;at_destination_facility;last_mile;1785101775;0;59903397;RodaCoop;['residential', 'business'];True;True;False;False;False;False;False;False;True;False;False;False;driver;EPA2;SPA2;exchange_point;America/Belem;18;False;[];[];False;0;0;;0;True;0;False;0;False;planned;Utilitários;-;0;0;EPA2;exchange_point;47;0;0;47;0;0;0;42;5;0;0;0;47;0;0;0;0;False;0;0;False;False;False;0;0;324;0;324;0;47;47;0;0;0;0;0;0;0;0;False;;0;0;False;;0;0;False;;0;0;False;;0;0;False;;0;0;0;False;;0;0;;;311;100;60.96;PM1;FAST_PROMISE;FAST_PROMISE;2026-07-24;2;Utilitários;;;;
414521150;=K12_PM1;at_destination_facility;last_mile;1785101779;0;59903397;RodaCoop;['residential', 'business'];True;True;False;False;False;False;False;False;True;False;False;False;driver;EPA2;SPA2;exchange_point;America/Belem;18;False;[];[];False;0;0;;0;True;0;False;0;False;planned;Utilitários;-;0;0;EPA2;exchange_point;20;0;0;20;0;0;0;17;3;0;0;0;20;0;0;0;0;False;0;0;False;False;False;0;0;324;0;324;0;20;20;0;0;0;0;0;0;0;0;False;;0;0;False;;0;0;False;;0;0;False;;0;0;False;;0;0;0;False;;0;0;;;166;100;87.75;PM1;FAST_PROMISE;FAST_PROMISE;2026-07-26;2;Utilitários;;;;
414521157;=K10_PM1;at_destination_facility;last_mile;1785101782;0;59903397;RodaCoop;['residential', 'business'];True;True;False;False;False;False;False;False;True;False;False;False;driver;EPA2;SPA2;exchange_point;America/Belem;18;False;[];[];False;0;0;;0;True;0;False;0;False;planned;Utilitários;-;0;0;EPA2;exchange_point;43;0;0;43;0;0;0;40;3;0;0;0;43;0;0;0;0;False;0;0;False;False;False;0;0;324;0;324;0;43;43;0;0;0;0;0;0;0;0;False;;0;0;False;;0;0;False;;0;0;False;;0;0;False;;0;0;0;False;;0;0;;;218;100;17.38;PM1;FAST_PROMISE;FAST_PROMISE;2026-07-26;2;Utilitários;;;;
414521164;=K26_PM1;at_destination_facility;last_mile;1785101786;0;59903397;RodaCoop;['residential', 'business'];True;True;False;False;False;False;False;False;True;False;False;False;driver;EPA2;SPA2;exchange_point;America/Belem;18;False;[];[];False;0;0;;0;True;0;False;0;False;planned;Utilitários;-;0;0;EPA2;exchange_point;93;0;0;93;0;0;0;79;14;0;0;0;93;0;0;0;0;False;0;0;False;False;False;0;0;324;0;324;0;93;93;0;0;0;0;0;0;0;0;False;;0;0;False;;0;0;False;;0;0;False;;0;0;False;;0;0;0;False;;0;0;;;276;100;9.68;PM1;FAST_PROMISE;FAST_PROMISE;2026-07-26;2;Utilitários;;;;
414521178;=K24_PM1;at_destination_facility;last_mile;1785101790;0;59903397;RodaCoop;['residential', 'business'];True;True;False;False;False;False;False;False;True;False;False;False;driver;EPA2;SPA2;exchange_point;America/Belem;18;False;[];[];False;0;0;;0;True;0;False;0;False;planned;Utilitários;-;0;0;EPA2;exchange_point;93;0;0;93;0;0;0;90;3;0;0;0;93;0;0;0;0;False;0;0;False;False;False;0;0;324;0;324;0;93;93;0;0;0;0;0;0;0;0;False;;0;0;False;;0;0;False;;0;0;False;;0;0;False;;0;0;0;False;;0;0;;;233;100;10.32;PM1;FAST_PROMISE;FAST_PROMISE;2026-07-26;2;Utilitários;;;;
414521192;=K3_PM1;at_destination_facility;last_mile;1785101797;0;59903397;RodaCoop;['residential', 'business'];True;True;False;False;False;False;False;False;True;False;False;False;driver;EPA2;SPA2;exchange_point;America/Belem;18;False;[];[];False;0;0;;0;True;0;False;0;False;planned;Utilitários;-;0;0;EPA2;exchange_point;87;0;0;87;0;0;0;66;21;0;0;0;87;0;0;0;0;False;0;0;False;False;False;0;0;324;0;324;0;87;87;0;0;0;0;0;0;0;0;False;;0;0;False;;0;0;False;;0;0;False;;0;0;False;;0;0;0;False;;0;0;;;330;98,2;34.54;PM1;FAST_PROMISE;FAST_PROMISE;2026-07-26;2;Utilitários;;;;
414521220;=J8_PM1;at_destination_facility;last_mile;1785101825;0;59903397;RodaCoop;['residential', 'business'];True;True;False;False;False;False;False;False;True;False;False;False;driver;EPA2;SPA2;exchange_point;America/Belem;18;False;[];[];False;0;0;;0;True;0;False;0;False;planned;Utilitários;-;0;0;EPA2;exchange_point;94;0;0;94;0;0;0;87;7;0;0;0;94;0;0;0;0;False;0;0;False;False;False;0;0;324;0;324;0;94;94;0;0;0;0;0;0;0;0;False;;0;0;False;;0;0;False;;0;0;False;;0;0;False;;0;0;0;False;;0;0;;;283;100;14.33;PM1;FAST_PROMISE;FAST_PROMISE;2026-07-26;2;Utilitários;;;;
414522200;=J5_PM1;at_destination_facility;last_mile;1785103039;0;59903397;RodaCoop;['residential', 'business'];True;True;False;False;False;False;False;False;True;False;False;False;driver;EPA2;SPA2;exchange_point;America/Belem;18;False;[];[];False;0;0;;0;True;0;False;0;False;planned;Utilitários;-;0;0;EPA2;exchange_point;93;0;0;93;0;0;0;86;6;0;0;0;93;0;0;0;0;False;0;0;False;False;False;0;0;303;0;303;0;93;93;0;0;0;0;0;0;0;0;False;;0;0;False;;0;0;False;;0;0;False;;0;0;False;;0;0;0;False;;0;0;;;259;100;11.57;PM1;FAST_PROMISE;FAST_PROMISE;2026-07-26;2;Utilitários;;;;
414522207;=J20_PM1;at_destination_facility;last_mile;1785103043;0;59903397;RodaCoop;['residential', 'business'];True;True;False;False;False;False;False;False;True;False;False;False;driver;EPA2;SPA2;exchange_point;America/Belem;18;False;[];[];False;0;0;;0;True;0;False;0;False;planned;Utilitários;-;0;0;EPA2;exchange_point;50;0;0;50;0;0;0;45;5;0;0;0;50;0;0;0;0;False;0;0;False;False;False;0;0;303;0;303;0;50;50;0;0;0;0;0;0;0;0;False;;0;0;False;;0;0;False;;0;0;False;;0;0;False;;0;0;0;False;;0;0;;;232;100;29.91;PM1;FAST_PROMISE;FAST_PROMISE;2026-07-26;2;Utilitários;;;;
414522214;=J1_PM1;at_destination_facility;last_mile;1785103051;0;59903397;RodaCoop;['residential', 'business'];True;True;False;False;False;False;False;False;True;False;False;False;driver;EPA2;SPA2;exchange_point;America/Belem;18;False;[];[];False;0;0;;0;True;0;False;0;False;planned;Utilitários;-;0;0;EPA2;exchange_point;94;0;0;94;0;0;0;85;9;0;0;0;94;0;0;0;0;False;0;0;False;False;False;0;0;303;0;303;0;94;94;0;0;0;0;0;0;0;0;False;;0;0;False;;0;0;False;;0;0;False;;0;0;False;;0;0;0;False;;0;0;;;266;100;12.34;PM1;FAST_PROMISE;FAST_PROMISE;2026-07-15;2;Utilitários;;;;
414522221;=J22_PM1;at_destination_facility;last_mile;1785103054;0;59903397;RodaCoop;['residential', 'business'];True;True;False;False;False;False;False;False;True;False;False;False;driver;EPA2;SPA2;exchange_point;America/Belem;18;False;[];[];False;0;0;;0;True;0;False;0;False;planned;Utilitários;-;0;0;EPA2;exchange_point;47;0;0;47;0;0;0;43;4;0;0;0;47;0;0;0;0;False;0;0;False;False;False;0;0;303;0;303;0;47;47;0;0;0;0;0;0;0;0;False;;0;0;False;;0;0;False;;0;0;False;;0;0;False;;0;0;0;False;;0;0;;;381;79,5;107.13;PM1;TODAY_FAST_PROMISE;TODAY_PROMISE;2026-07-27;2;Utilitários;;;;
414522228;=J16_PM1;at_destination_facility;last_mile;1785103063;0;59903397;RodaCoop;['residential', 'business'];True;True;False;False;False;False;False;False;True;False;False;False;driver;EPA2;SPA2;exchange_point;America/Belem;18;False;[];[];False;0;0;;0;True;0;False;0;False;planned;Utilitários;-;0;0;EPA2;exchange_point;85;0;0;85;0;0;0;75;10;0;0;0;85;0;0;0;0;False;0;0;False;False;False;0;0;303;0;303;0;85;85;0;0;0;0;0;0;0;0;False;;0;0;False;;0;0;False;;0;0;False;;0;0;False;;0;0;0;False;;0;0;;;369;82,1;102.29;PM1;FAST_PROMISE;FAST_PROMISE;2026-07-24;2;Utilitários;;;;
414522242;=J21_PM1;at_destination_facility;last_mile;1785103089;0;59903397;RodaCoop;['residential', 'business'];True;True;False;False;False;False;False;False;True;False;False;False;driver;EPA2;SPA2;exchange_point;America/Belem;18;False;[];[];False;0;0;;0;True;0;False;0;False;planned;Utilitários;-;0;0;EPA2;exchange_point;48;0;0;48;0;0;0;43;5;0;0;0;48;0;0;0;0;False;0;0;False;False;False;0;0;302;0;302;0;48;48;0;0;0;0;0;0;0;0;False;;0;0;False;;0;0;False;;0;0;False;;0;0;False;;0;0;0;False;;0;0;;;256;100;25.07;PM1;FAST_PROMISE;FAST_PROMISE;2026-07-22;2;Utilitários;;;;
414522249;=J4_PM1;at_destination_facility;last_mile;1785103102;0;59903397;RodaCoop;['residential', 'business'];True;True;False;False;False;False;False;False;True;False;False;False;driver;EPA2;SPA2;exchange_point;America/Belem;18;False;[];[];False;0;0;;0;True;0;False;0;False;planned;Utilitários;-;0;0;EPA2;exchange_point;88;0;0;88;0;0;0;78;10;0;0;0;88;0;0;0;0;False;0;0;False;False;False;0;0;302;0;302;0;88;88;0;0;0;0;0;0;0;0;False;;0;0;False;;0;0;False;;0;0;False;;0;0;False;;0;0;0;False;;0;0;;;310;97,4;10.28;PM1;TODAY_FAST_PROMISE;TODAY_PROMISE;2026-07-27;2;Utilitários;;;;
414522256;=J6_PM1;at_destination_facility;last_mile;1785103107;0;59903397;RodaCoop;['residential', 'business'];True;True;False;False;False;False;False;False;True;False;False;False;driver;EPA2;SPA2;exchange_point;America/Belem;18;False;[];[];False;0;0;;0;True;0;False;0;False;planned;Utilitários;-;0;0;EPA2;exchange_point;91;0;0;91;0;0;0;85;6;0;0;0;91;0;0;0;0;False;0;0;False;False;False;0;0;302;0;302;0;91;91;0;0;0;0;0;0;0;0;False;;0;0;False;;0;0;False;;0;0;False;;0;0;False;;0;0;0;False;;0;0;;;275;100;13.74;PM1;FAST_PROMISE;FAST_PROMISE;2026-07-24;2;Utilitários;;;;
414522270;=J9_PM1;at_destination_facility;last_mile;1785103125;0;59903397;RodaCoop;['residential', 'business'];True;True;False;False;False;False;False;False;True;False;False;False;driver;EPA2;SPA2;exchange_point;America/Belem;18;False;[];[];False;0;0;;0;True;0;False;0;False;planned;Utilitários;-;0;0;EPA2;exchange_point;94;0;0;94;0;0;0;91;3;0;0;0;94;0;0;0;0;False;0;0;False;False;False;0;0;302;0;302;0;94;94;0;0;0;0;0;0;0;0;False;;0;0;False;;0;0;False;;0;0;False;;0;0;False;;0;0;0;False;;0;0;;;253;100;7.83;PM1;FAST_PROMISE;FAST_PROMISE;2026-07-25;2;Utilitários;;;;
414522291;=J3_PM1;at_destination_facility;last_mile;1785103130;0;59903397;RodaCoop;['residential', 'business'];True;True;False;False;False;False;False;False;True;False;False;False;driver;EPA2;SPA2;exchange_point;America/Belem;18;False;[];[];False;0;0;;0;True;0;False;0;False;planned;Utilitários;-;0;0;EPA2;exchange_point;94;0;0;94;0;0;0;87;7;0;0;0;94;0;0;0;0;False;0;0;False;False;False;0;0;302;0;302;0;94;94;0;0;0;0;0;0;0;0;False;;0;0;False;;0;0;False;;0;0;False;;0;0;False;;0;0;0;False;;0;0;;;301;100;15.29;PM1;FAST_PROMISE;FAST_PROMISE;2026-07-26;2;Utilitários;;;;
414522319;=J7_PM1;at_destination_facility;last_mile;1785103138;0;59903397;RodaCoop;['residential', 'business'];True;True;False;False;False;False;False;False;True;False;False;False;driver;EPA2;SPA2;exchange_point;America/Belem;18;False;[];[];False;0;0;;0;True;0;False;0;False;planned;Utilitários;-;0;0;EPA2;exchange_point;93;0;0;93;0;0;0;92;1;0;0;0;93;0;0;0;0;False;0;0;False;False;False;0;0;302;0;302;0;93;93;0;0;0;0;0;0;0;0;False;;0;0;False;;0;0;False;;0;0;False;;0;0;False;;0;0;0;False;;0;0;;;278;100;11.57;PM1;FAST_PROMISE;FAST_PROMISE;2026-07-26;2;Utilitários;;;;
414522347;=J18_PM1;at_destination_facility;last_mile;1785103153;0;59903397;RodaCoop;['residential', 'business'];True;True;False;False;True;False;False;False;True;False;False;False;driver;EPA2;SPA2;exchange_point;America/Belem;18;False;[];[];False;0;0;;0;True;0;False;0;False;planned;Utilitários;-;0;0;EPA2;exchange_point;55;0;0;55;0;0;0;33;6;0;0;0;55;0;0;0;0;False;0;0;False;False;False;0;0;301;0;301;0;55;55;0;0;0;0;0;0;0;0;False;;0;0;False;;0;0;False;;0;0;False;;0;0;False;;0;0;0;False;;0;0;;;234;100;26.61;PM1;FAST_PROMISE;FAST_PROMISE;2026-07-23;2;Utilitários;;;;
414522354;=J2_PM1;at_destination_facility;last_mile;1785103171;0;59903397;RodaCoop;['residential', 'business'];True;True;False;False;False;False;False;False;True;False;False;False;driver;EPA2;SPA2;exchange_point;America/Belem;18;False;[];[];False;0;0;;0;True;0;False;0;False;planned;Utilitários;-;0;0;EPA2;exchange_point;93;0;0;93;0;0;0;84;9;0;0;0;93;0;0;0;0;False;0;0;False;False;False;0;0;301;0;301;0;93;93;0;0;0;0;0;0;0;0;False;;0;0;False;;0;0;False;;0;0;False;;0;0;False;;0;0;0;False;;0;0;;;228;100;9.09;PM1;TODAY_FAST_PROMISE;TODAY_PROMISE;2026-07-27;2;Utilitários;;;;
414522375;=J15_PM1;at_destination_facility;last_mile;1785103193;0;59903397;RodaCoop;['residential', 'business'];True;True;False;False;False;False;False;False;True;False;False;False;driver;EPA2;SPA2;exchange_point;America/Belem;18;False;[];[];False;0;0;;0;True;0;False;0;False;planned;Utilitários;-;0;0;EPA2;exchange_point;81;0;0;81;0;0;0;73;8;0;0;0;81;0;0;0;0;False;0;0;False;False;False;0;0;301;0;301;0;81;81;0;0;0;0;0;0;0;0;False;;0;0;False;;0;0;False;;0;0;False;;0;0;False;;0;0;0;False;;0;0;;;308;97,7;36.6;PM1;TODAY_FAST_PROMISE;TODAY_PROMISE;2026-07-27;2;Utilitários;;;;
414522389;=J17_PM1;at_destination_facility;last_mile;1785103235;0;59903397;RodaCoop;['residential', 'business'];True;True;False;False;False;False;False;False;True;False;False;False;driver;EPA2;SPA2;exchange_point;America/Belem;19;False;[];[];False;0;0;;0;True;0;False;0;False;planned;Utilitários;-;0;0;EPA2;exchange_point;66;0;0;66;0;0;0;63;3;0;0;0;66;0;0;0;0;False;0;0;False;False;False;0;0;300;0;300;0;66;66;0;0;0;0;0;0;0;0;False;;0;0;False;;0;0;False;;0;0;False;;0;0;False;;0;0;0;False;;0;0;;;271;100;50.59;PM1;FAST_PROMISE;FAST_PROMISE;2026-07-20;2;Utilitários;;;;
414522424;=K5_PM1;at_destination_facility;last_mile;1785103283;0;59903397;RodaCoop;['residential', 'business'];True;True;False;False;False;False;False;False;True;False;False;False;driver;EPA2;SPA2;exchange_point;America/Belem;19;False;[];[];False;0;0;;0;True;0;False;0;False;planned;Utilitários;-;0;0;EPA2;exchange_point;96;0;0;96;0;0;0;89;7;0;0;0;96;0;0;0;0;False;0;0;False;False;False;0;0;299;0;299;0;96;96;0;0;0;0;0;0;0;0;False;;0;0;False;;0;0;False;;0;0;False;;0;0;False;;0;0;0;False;;0;0;;;252;100;10.79;PM1;FAST_PROMISE;FAST_PROMISE;2026-07-25;2;Utilitários;;;;
414522431;=J19_PM1;at_destination_facility;last_mile;1785103291;0;59903397;RodaCoop;['residential', 'business'];True;True;False;False;False;False;False;False;True;False;False;False;driver;EPA2;SPA2;exchange_point;America/Belem;19;False;[];[];False;0;0;;0;True;0;False;0;False;planned;Utilitários;-;0;0;EPA2;exchange_point;57;0;0;57;0;0;0;52;5;0;0;0;57;0;0;0;0;False;0;0;False;False;False;0;0;299;0;299;0;57;57;0;0;0;0;0;0;0;0;False;;0;0;False;;0;0;False;;0;0;False;;0;0;False;;0;0;0;False;;0;0;;;289;100;69.81;PM1;FAST_PROMISE;FAST_PROMISE;2026-07-26;2;Utilitários;;;;
414522592;=K2_PM1;at_destination_facility;last_mile;1785103542;0;59903397;RodaCoop;['residential', 'business'];True;True;False;False;True;False;False;False;True;False;False;False;driver;EPA2;SPA2;exchange_point;America/Belem;19;False;[];[];False;0;0;;0;True;0;False;0;False;planned;Utilitários;-;0;0;EPA2;exchange_point;90;0;0;90;0;0;0;70;18;0;0;0;90;0;0;0;0;False;0;0;False;False;False;0;0;295;0;295;0;90;90;0;0;0;0;0;0;0;0;False;;0;0;False;;0;0;False;;0;0;False;;0;0;False;;0;0;0;False;;0;0;;;269;100;33.46;PM1;FAST_PROMISE;FAST_PROMISE;2026-07-24;2;Utilitários;;;;
414522697;=G8_PM1;at_destination_facility;last_mile;1785103775;0;59903397;RodaCoop;['residential', 'business'];True;True;False;False;False;False;False;False;True;False;False;False;driver;EPA6;SPA2;exchange_point;America/Belem;19;False;[];[];False;0;0;;0;True;0;False;0;False;planned;Utilitários;-;0;0;EPA6;exchange_point;91;0;0;91;0;0;0;84;7;0;0;0;91;0;0;0;0;False;0;0;False;False;False;0;0;291;0;291;0;91;91;0;0;0;0;0;0;0;0;False;;0;0;False;;0;0;False;;0;0;False;;0;0;False;;0;0;0;False;;0;0;;;320;90,9;18.01;PM1;FAST_PROMISE;FAST_PROMISE;2026-07-25;2;Utilitários;;;;
414522711;=G2_PM1;at_destination_facility;last_mile;1785103785;0;59903397;RodaCoop;['residential', 'business'];True;True;False;False;False;False;False;False;True;False;False;False;driver;EPA6;SPA2;exchange_point;America/Belem;19;False;[];[];False;0;0;;0;True;0;False;0;False;planned;Vuc;-;0;0;EPA6;exchange_point;137;0;0;137;0;0;0;130;7;0;0;0;137;0;0;0;0;False;0;0;False;False;False;0;0;291;0;291;0;137;137;0;0;0;0;0;0;0;0;False;;0;0;False;;0;0;False;;0;0;False;;0;0;False;;0;0;0;False;;0;0;;;395;73,7;27.52;PM1;FAST_PROMISE;FAST_PROMISE;2026-07-26;16;Vuc;;;;
414522718;=G6_PM1;at_destination_facility;last_mile;1785103823;0;59903397;RodaCoop;['residential', 'business'];True;True;False;False;False;False;False;False;True;False;False;False;driver;EPA6;SPA2;exchange_point;America/Belem;19;False;[];[];False;0;0;;0;True;0;False;0;False;planned;Utilitários;-;0;0;EPA6;exchange_point;91;0;0;91;0;0;0;86;5;0;0;0;91;0;0;0;0;False;0;0;False;False;False;0;0;290;0;290;0;91;91;0;0;0;0;0;0;0;0;False;;0;0;False;;0;0;False;;0;0;False;;0;0;False;;0;0;0;False;;0;0;;;331;87,6;35.92;PM1;FAST_PROMISE;FAST_PROMISE;2026-07-24;2;Utilitários;;;;
414522781;=G11_PM1;at_destination_facility;last_mile;1785103902;0;59903397;RodaCoop;['residential', 'business'];True;True;False;False;False;False;False;False;True;False;False;False;driver;EPA6;SPA2;exchange_point;America/Belem;19;False;[];[];False;0;0;;0;True;0;False;0;False;planned;Utilitários;-;0;0;EPA6;exchange_point;77;0;0;77;0;0;0;67;10;0;0;0;77;0;0;0;0;False;0;0;False;False;False;0;0;289;0;289;0;77;77;0;0;0;0;0;0;0;0;False;;0;0;False;;0;0;False;;0;0;False;;0;0;False;;0;0;0;False;;0;0;;;301;96,0;15.5;PM1;FAST_PROMISE;FAST_PROMISE;2026-07-26;2;Utilitários;;;;
414522788;=G9_PM1;at_destination_facility;last_mile;1785103906;0;59903397;RodaCoop;['residential', 'business'];True;True;False;False;False;False;False;False;True;False;False;False;driver;EPA6;SPA2;exchange_point;America/Belem;19;False;[];[];False;0;0;;0;True;0;False;0;False;planned;Veículo de Passeio;-;0;0;EPA6;exchange_point;92;0;0;92;0;0;0;77;15;0;0;0;92;0;0;0;0;False;0;0;False;False;False;0;0;289;0;289;0;92;92;0;0;0;0;0;0;0;0;False;;0;0;False;;0;0;False;;0;0;False;;0;0;False;;0;0;0;False;;0;0;;;318;90,9;15.54;PM1;FAST_PROMISE;FAST_PROMISE;2026-07-25;11;Veículo de Passeio;;;;
414522816;=G5_PM1;at_destination_facility;last_mile;1785103961;0;59903397;RodaCoop;['residential', 'business'];True;True;False;False;False;False;False;False;True;False;False;False;driver;EPA6;SPA2;exchange_point;America/Belem;19;False;[];[];False;0;0;;0;True;0;False;0;False;planned;Utilitários;-;0;0;EPA6;exchange_point;94;0;0;94;0;0;0;91;3;0;0;0;94;0;0;0;0;False;0;0;False;False;False;0;0;288;0;288;0;94;94;0;0;0;0;0;0;0;0;False;;0;0;False;;0;0;False;;0;0;False;;0;0;False;;0;0;0;False;;0;0;;;363;79,3;23.61;PM1;FAST_PROMISE;FAST_PROMISE;2026-07-19;2;Utilitários;;;;
414522830;=G4_PM1;at_destination_facility;last_mile;1785103997;0;59903397;RodaCoop;['residential', 'business'];True;True;False;False;False;False;False;False;True;False;False;False;driver;EPA6;SPA2;exchange_point;America/Belem;19;False;[];[];False;0;0;;0;True;0;False;0;False;planned;Utilitários;-;0;0;EPA6;exchange_point;94;0;0;94;0;0;0;79;15;0;0;0;94;0;0;0;0;False;0;0;False;False;False;0;0;287;0;287;0;94;94;0;0;0;0;0;0;0;0;False;;0;0;False;;0;0;False;;0;0;False;;0;0;False;;0;0;0;False;;0;0;;;282;100;13.77;PM1;FAST_PROMISE;FAST_PROMISE;2026-07-23;2;Utilitários;;;;
414522879;=G3_PM1;at_destination_facility;last_mile;1785104094;0;59903397;RodaCoop;['residential', 'business'];True;True;False;False;False;False;False;False;True;False;False;False;driver;EPA6;SPA2;exchange_point;America/Belem;19;False;[];[];False;0;0;;0;True;0;False;0;False;planned;Vuc;-;0;0;EPA6;exchange_point;133;0;0;133;0;0;0;91;42;0;0;0;133;0;0;0;0;False;0;0;False;False;False;0;0;286;0;286;0;133;133;0;0;0;0;0;0;0;0;False;;0;0;False;;0;0;False;;0;0;False;;0;0;False;;0;0;0;False;;0;0;;;415;68,9;23.91;PM1;FAST_PROMISE;FAST_PROMISE;2026-07-25;16;Vuc;;;;
414522886;=G7_PM1;at_destination_facility;last_mile;1785104098;0;59903397;RodaCoop;['residential', 'business'];True;True;False;False;False;False;False;False;True;False;False;False;driver;EPA6;SPA2;exchange_point;America/Belem;19;False;[];[];False;0;0;;0;True;0;False;0;False;planned;Utilitários;-;0;0;EPA6;exchange_point;98;0;0;98;0;0;0;94;4;0;0;0;98;0;0;0;0;False;0;0;False;False;False;0;0;286;0;286;0;98;98;0;0;0;0;0;0;0;0;False;;0;0;False;;0;0;False;;0;0;False;;0;0;False;;0;0;0;False;;0;0;;;300;95,3;21.25;PM1;FAST_PROMISE;FAST_PROMISE;2026-07-25;2;Utilitários;;;;
414522893;=G30_PM1;at_destination_facility;last_mile;1785104105;0;59903397;RodaCoop;['residential', 'business'];True;True;False;False;False;False;False;False;True;False;False;False;driver;EPA6;SPA2;exchange_point;America/Belem;19;False;[];[];False;0;0;;0;True;0;False;0;False;planned;Veículo de Passeio;-;0;0;EPA6;exchange_point;68;0;0;68;0;0;0;63;5;0;0;0;68;0;0;0;0;False;0;0;False;False;False;0;0;286;0;286;0;68;68;0;0;0;0;0;0;0;0;False;;0;0;False;;0;0;False;;0;0;False;;0;0;False;;0;0;0;False;;0;0;;;256;100;16.13;PM1;TODAY_FAST_PROMISE;TODAY_PROMISE;2026-07-27;11;Veículo de Passeio;;;;
414522907;=G28_PM1;at_destination_facility;last_mile;1785104110;0;59903397;RodaCoop;['residential', 'business'];True;True;False;False;True;False;False;False;True;False;False;False;driver;EPA6;SPA2;exchange_point;America/Belem;19;False;[];[];False;0;0;;0;True;0;False;0;False;planned;Vuc;-;0;0;EPA6;exchange_point;79;0;0;79;0;0;0;65;12;0;0;0;79;0;0;0;0;False;0;0;False;False;False;0;0;285;0;285;0;79;79;0;0;0;0;0;0;0;0;False;;0;0;False;;0;0;False;;0;0;False;;0;0;False;;0;0;0;False;;0;0;;;419;68,0;61.42;PM1;FAST_PROMISE;FAST_PROMISE;2026-07-25;16;Vuc;;;;
414523068;=G24_PM1;at_destination_facility;last_mile;1785104262;0;59903397;RodaCoop;['residential', 'business'];True;True;False;False;False;False;False;False;True;False;False;False;driver;EPA6;SPA2;exchange_point;America/Belem;19;False;[];[];False;0;0;;0;True;0;False;0;False;planned;Veículo de Passeio;-;0;0;EPA6;exchange_point;91;0;0;91;0;0;0;84;7;0;0;0;91;0;0;0;0;False;0;0;False;False;False;0;0;283;0;283;0;91;91;0;0;0;0;0;0;0;0;False;;0;0;False;;0;0;False;;0;0;False;;0;0;False;;0;0;0;False;;0;0;;;380;74,5;20.13;PM1;FAST_PROMISE;FAST_PROMISE;2026-07-22;11;Veículo de Passeio;;;;
414523103;=G26_PM1;at_destination_facility;last_mile;1785104271;0;59903397;RodaCoop;['residential', 'business'];True;True;False;False;False;False;False;False;True;False;False;False;driver;EPA6;SPA2;exchange_point;America/Belem;19;False;[];[];False;0;0;;0;True;0;False;0;False;planned;Utilitários;-;0;0;EPA6;exchange_point;91;0;0;91;0;0;0;86;5;0;0;0;91;0;0;0;0;False;0;0;False;False;False;0;0;283;0;283;0;91;91;0;0;0;0;0;0;0;0;False;;0;0;False;;0;0;False;;0;0;False;;0;0;False;;0;0;0;False;;0;0;;;309;91,6;14.6;PM1;FAST_PROMISE;FAST_PROMISE;2026-07-26;2;Utilitários;;;;
414523124;=G13_PM1;at_destination_facility;last_mile;1785104279;0;59903397;RodaCoop;['residential', 'business'];True;True;False;False;False;False;False;False;True;False;False;False;driver;EPA6;SPA2;exchange_point;America/Belem;19;False;[];[];False;0;0;;0;True;0;False;0;False;planned;Utilitários;-;0;0;EPA6;exchange_point;59;0;0;59;0;0;0;51;8;0;0;0;59;0;0;0;0;False;0;0;False;False;False;0;0;283;0;283;0;59;59;0;0;0;0;0;0;0;0;False;;0;0;False;;0;0;False;;0;0;False;;0;0;False;;0;0;0;False;;0;0;;;379;74,7;160.0;PM1;FAST_PROMISE;FAST_PROMISE;2026-07-20;2;Utilitários;;;;
414523859;=G23_PM1;at_destination_facility;last_mile;1785105418;0;59903397;RodaCoop;['residential', 'business'];True;True;False;False;False;False;False;False;True;False;False;False;driver;EPA6;SPA2;exchange_point;America/Belem;19;False;[];[];False;0;0;;0;True;0;False;0;False;planned;Utilitários;-;0;0;EPA6;exchange_point;95;0;0;95;0;0;0;86;9;0;0;0;95;0;0;0;0;False;0;0;False;False;False;0;0;264;0;264;0;95;95;0;0;0;0;0;0;0;0;False;;0;0;False;;0;0;False;;0;0;False;;0;0;False;;0;0;0;False;;0;0;;;304;86,8;17.97;PM1;TODAY_FAST_PROMISE;TODAY_PROMISE;2026-07-27;2;Utilitários;;;;
414523873;=G25_PM1;at_destination_facility;last_mile;1785105423;0;59903397;RodaCoop;['residential', 'business'];True;True;False;False;False;False;False;False;True;False;False;False;driver;EPA6;SPA2;exchange_point;America/Belem;19;False;[];[];False;0;0;;0;True;0;False;0;False;planned;Utilitários;-;0;0;EPA6;exchange_point;91;0;0;91;0;0;0;83;8;0;0;0;91;0;0;0;0;False;0;0;False;False;False;0;0;264;0;264;0;91;91;0;0;0;0;0;0;0;0;False;;0;0;False;;0;0;False;;0;0;False;;0;0;False;;0;0;0;False;;0;0;;;346;76,3;26.12;PM1;FAST_PROMISE;FAST_PROMISE;2026-07-24;2;Utilitários;;;;
414523908;=G10_PM1;at_destination_facility;last_mile;1785105484;0;59903397;RodaCoop;['residential', 'business'];True;True;False;False;False;False;False;False;True;False;False;False;driver;EPA6;SPA2;exchange_point;America/Belem;19;False;[];[];False;0;0;;0;True;0;False;0;False;planned;Veículo de Passeio;-;0;0;EPA6;exchange_point;83;0;0;83;0;0;0;65;18;0;0;0;83;0;0;0;0;False;0;0;False;False;False;0;0;263;0;263;0;83;83;0;0;0;0;0;0;0;0;False;;0;0;False;;0;0;False;;0;0;False;;0;0;False;;0;0;0;False;;0;0;;;307;85,7;16.84;PM1;FAST_PROMISE;FAST_PROMISE;2026-07-15;11;Veículo de Passeio;;;;
414523922;=G12_PM1;at_destination_facility;last_mile;1785105487;0;59903397;RodaCoop;['residential', 'business'];True;True;False;False;False;False;False;False;True;False;False;False;driver;EPA6;SPA2;exchange_point;America/Belem;19;False;[];[];False;0;0;;0;True;0;False;0;False;planned;Veículo de Passeio;-;0;0;EPA6;exchange_point;64;0;0;64;0;0;0;52;12;0;0;0;64;0;0;0;0;False;0;0;False;False;False;0;0;263;0;263;0;64;64;0;0;0;0;0;0;0;0;False;;0;0;False;;0;0;False;;0;0;False;;0;0;False;;0;0;0;False;;0;0;;;249;100;16.14;PM1;TODAY_FAST_PROMISE;TODAY_PROMISE;2026-07-27;11;Veículo de Passeio;;;;
414523971;=G22_PM1;at_destination_facility;last_mile;1785105526;0;59903397;RodaCoop;['residential', 'business'];True;True;False;False;False;False;False;False;True;False;False;False;driver;EPA6;SPA2;exchange_point;America/Belem;19;False;[];[];False;0;0;;0;True;0;False;0;False;planned;Veículo de Passeio;-;0;0;EPA6;exchange_point;96;0;0;96;0;0;0;88;8;0;0;0;96;0;0;0;0;False;0;0;False;False;False;0;0;262;0;262;0;96;96;0;0;0;0;0;0;0;0;False;;0;0;False;;0;0;False;;0;0;False;;0;0;False;;0;0;0;False;;0;0;;;364;72,0;29.58;PM1;FAST_PROMISE;FAST_PROMISE;2026-07-25;11;Veículo de Passeio;;;;
414524062;=G21_PM1;at_destination_facility;last_mile;1785105595;0;59903397;RodaCoop;['residential', 'business'];True;True;False;False;False;False;False;False;True;False;False;False;driver;EPA6;SPA2;exchange_point;America/Belem;19;False;[];[];False;0;0;;0;True;0;False;0;False;planned;Vuc;-;0;0;EPA6;exchange_point;105;0;0;105;0;0;0;94;11;0;0;0;105;0;0;0;0;False;0;0;False;False;False;0;0;261;0;261;0;105;105;0;0;0;0;0;0;0;0;False;;0;0;False;;0;0;False;;0;0;False;;0;0;False;;0;0;0;False;;0;0;;;404;64,6;47.49;PM1;FAST_PROMISE;FAST_PROMISE;2026-07-25;16;Vuc;;;;
414524076;=G29_PM1;at_destination_facility;last_mile;1785105599;0;59903397;RodaCoop;['residential', 'business'];True;True;False;False;False;False;False;False;True;False;False;False;driver;EPA6;SPA2;exchange_point;America/Belem;19;False;[];[];False;0;0;;0;True;0;False;0;False;planned;Vuc;-;0;0;EPA6;exchange_point;78;0;0;78;0;0;0;72;6;0;0;0;78;0;0;0;0;False;0;0;False;False;False;0;0;261;0;261;0;78;78;0;0;0;0;0;0;0;0;False;;0;0;False;;0;0;False;;0;0;False;;0;0;False;;0;0;0;False;;0;0;;;411;63,5;35.65;PM1;FAST_PROMISE;FAST_PROMISE;2026-07-23;16;Vuc;;;;
414524552;=G20_PM1;at_destination_facility;last_mile;1785105981;0;59903397;RodaCoop;['residential', 'business'];True;True;False;False;True;False;False;False;True;False;False;False;driver;EPA6;SPA2;exchange_point;America/Belem;19;False;[];[];False;0;0;;0;True;0;False;0;False;planned;Vuc;-;0;0;EPA6;exchange_point;161;0;0;161;0;0;0;113;14;0;0;0;161;0;0;0;0;False;0;0;False;False;False;0;0;254;0;254;0;161;161;0;0;0;0;0;0;0;0;False;;0;0;False;;0;0;False;;0;0;False;;0;0;False;;0;0;0;False;;0;0;;;408;62,3;33.83;PM1;FAST_PROMISE;FAST_PROMISE;2026-07-21;16;Vuc;;;;
414524615;=G27_PM1;at_destination_facility;last_mile;1785106007;0;59903397;RodaCoop;['residential', 'business'];True;True;False;False;False;False;False;False;True;False;False;False;driver;EPA6;SPA2;exchange_point;America/Belem;19;False;[];[];False;0;0;;0;True;0;False;0;False;planned;Vuc;-;0;0;EPA6;exchange_point;91;0;0;91;0;0;0;76;15;0;0;0;91;0;0;0;0;False;0;0;False;False;False;0;0;254;0;254;0;91;91;0;0;0;0;0;0;0;0;False;;0;0;False;;0;0;False;;0;0;False;;0;0;False;;0;0;0;False;;0;0;;;408;62,3;70.75;PM1;FAST_PROMISE;FAST_PROMISE;2026-07-23;16;Vuc;;;;
