SHP_LG_ROUTE_ID;ID;PRO_ORIG_DE;PRO_ORIG_AT;DATA_PROMESSA;IMPACTO_DIT;PREFIXO;FACILITY;STATUS
412026931;47347517797;2026-07-21;2026-07-23;2026-07-23;VENCIDO;H1_PM1;EPA5;planned
412026931;47360312069;2026-07-20;2026-07-22;2026-07-22;VENCIDO;H1_PM1;EPA5;planned
412026931;47382714581;2026-07-21;2026-07-23;2026-07-23;VENCIDO;H1_PM1;EPA5;planned
412026931;47385619614;2026-07-21;2026-07-23;2026-07-23;VENCIDO;H1_PM1;EPA5;planned
412026931;47419701079;2026-07-17;2026-07-23;2026-07-23;VENCIDO;H1_PM1;EPA5;planned
412026931;47443115105;2026-07-18;2026-07-24;2026-07-24;ON TIME;H1_PM1;EPA5;planned
412026931;47443849853;2026-07-18;2026-07-24;2026-07-24;ON TIME;H1_PM1;EPA5;planned
412026931;47445278969;2026-07-18;2026-07-24;2026-07-24;ON TIME;H1_PM1;EPA5;planned
412026931;47447048596;2026-07-18;2026-07-24;2026-07-24;ON TIME;H1_PM1;EPA5;planned
412026931;47447584450;2026-07-18;2026-07-24;2026-07-24;ON TIME;H1_PM1;EPA5;planned
412026931;47450137741;2026-07-17;2026-07-23;2026-07-23;VENCIDO;H1_PM1;EPA5;planned
412026931;47453071098;2026-07-18;2026-07-24;2026-07-24;ON TIME;H1_PM1;EPA5;planned
412026931;47455369707;2026-07-18;2026-07-24;2026-07-24;ON TIME;H1_PM1;EPA5;planned
412026931;47482274020;2026-07-18;2026-07-22;2026-07-22;VENCIDO;H1_PM1;EPA5;planned
412026931;47488943902;2026-07-19;2026-07-25;2026-07-25;EARLY;H1_PM1;EPA5;planned
412026931;47490472196;2026-07-18;2026-07-24;2026-07-24;ON TIME;H1_PM1;EPA5;planned
412026931;47490856730;2026-07-18;2026-07-24;2026-07-24;ON TIME;H1_PM1;EPA5;planned
412026931;47491311349;2026-07-18;2026-07-24;2026-07-24;ON TIME;H1_PM1;EPA5;planned
412026931;47491668502;2026-07-19;2026-07-24;2026-07-24;ON TIME;H1_PM1;EPA5;planned
412026931;47494096042;2026-07-18;2026-07-23;2026-07-23;VENCIDO;H1_PM1;EPA5;planned
412026931;47494106052;2026-07-22;2026-07-28;2026-07-28;EARLY;H1_PM1;EPA5;planned
412026931;47494379413;2026-07-19;2026-07-24;2026-07-24;ON TIME;H1_PM1;EPA5;planned
412026931;47495457410;2026-07-19;2026-07-23;2026-07-23;VENCIDO;H1_PM1;EPA5;planned
412026931;47495955568;2026-07-18;2026-07-24;2026-07-24;ON TIME;H1_PM1;EPA5;planned
412026931;47496082038;2026-07-18;2026-07-24;2026-07-24;ON TIME;H1_PM1;EPA5;planned
412026931;47496210843;2026-07-18;2026-07-24;2026-07-24;ON TIME;H1_PM1;EPA5;planned
412026931;47496817579;2026-07-18;2026-07-24;2026-07-24;ON TIME;H1_PM1;EPA5;planned
412026931;47498570745;2026-07-18;2026-07-24;2026-07-24;ON TIME;H1_PM1;EPA5;planned
412026931;47498819066;2026-07-18;2026-07-22;2026-07-22;VENCIDO;H1_PM1;EPA5;planned
412026931;47499288042;2026-07-18;2026-07-24;2026-07-24;ON TIME;H1_PM1;EPA5;planned
412026931;47499816212;2026-07-21;2026-07-23;2026-07-23;VENCIDO;H1_PM1;EPA5;planned
412026931;47501760357;2026-07-18;2026-07-24;2026-07-24;ON TIME;H1_PM1;EPA5;planned
412026931;47501782327;2026-07-18;2026-07-24;2026-07-24;ON TIME;H1_PM1;EPA5;planned
412026931;47502208033;2026-07-18;2026-07-24;2026-07-24;ON TIME;H1_PM1;EPA5;planned
412026931;47503149464;2026-07-18;2026-07-24;2026-07-24;ON TIME;H1_PM1;EPA5;planned
412026931;47503197572;2026-07-20;2026-07-24;2026-07-24;ON TIME;H1_PM1;EPA5;planned
412026931;47503294913;2026-07-20;2026-07-24;2026-07-24;ON TIME;H1_PM1;EPA5;planned
412026931;47503305146;2026-07-20;2026-07-24;2026-07-24;ON TIME;H1_PM1;EPA5;planned
412026931;47503305180;2026-07-20;2026-07-24;2026-07-24;ON TIME;H1_PM1;EPA5;planned
412026931;47503305248;2026-07-20;2026-07-24;2026-07-24;ON TIME;H1_PM1;EPA5;planned
412026931;47503779261;2026-07-18;2026-07-24;2026-07-24;ON TIME;H1_PM1;EPA5;planned
412026931;47503963637;2026-07-20;2026-07-24;2026-07-24;ON TIME;H1_PM1;EPA5;planned
412026931;47503963667;2026-07-20;2026-07-25;2026-07-25;EARLY;H1_PM1;EPA5;planned
412026931;47504230744;2026-07-18;2026-07-24;2026-07-24;ON TIME;H1_PM1;EPA5;planned
412026931;47504545742;2026-07-18;2026-07-24;2026-07-24;ON TIME;H1_PM1;EPA5;planned
412026931;47504632265;2026-07-20;2026-07-24;2026-07-24;ON TIME;H1_PM1;EPA5;planned
412026931;47504675707;2026-07-18;2026-07-24;2026-07-24;ON TIME;H1_PM1;EPA5;planned
412026931;47504688165;2026-07-22;2026-07-26;2026-07-26;EARLY;H1_PM1;EPA5;planned
412026931;47504973813;2026-07-20;2026-07-24;2026-07-24;ON TIME;H1_PM1;EPA5;planned
412026931;47505063281;2026-07-20;2026-07-24;2026-07-24;ON TIME;H1_PM1;EPA5;planned
412026931;47505175601;2026-07-20;2026-07-24;2026-07-24;ON TIME;H1_PM1;EPA5;planned
412026931;47505329944;2026-07-20;2026-07-24;2026-07-24;ON TIME;H1_PM1;EPA5;planned
412026931;47505330286;2026-07-20;2026-07-24;2026-07-24;ON TIME;H1_PM1;EPA5;planned
412026931;47505350581;2026-07-20;2026-07-24;2026-07-24;ON TIME;H1_PM1;EPA5;planned
412026931;47505351155;2026-07-20;2026-07-24;2026-07-24;ON TIME;H1_PM1;EPA5;planned
412026931;47505617904;2026-07-20;2026-07-24;2026-07-24;ON TIME;H1_PM1;EPA5;planned
412026931;47505618274;2026-07-18;2026-07-24;2026-07-24;ON TIME;H1_PM1;EPA5;planned
412026931;47505963212;2026-07-18;2026-07-24;2026-07-24;ON TIME;H1_PM1;EPA5;planned
412026931;47506002802;2026-07-20;2026-07-24;2026-07-24;ON TIME;H1_PM1;EPA5;planned
412026931;47506015091;2026-07-20;2026-07-24;2026-07-24;ON TIME;H1_PM1;EPA5;planned
412026931;47506295555;2026-07-18;2026-07-24;2026-07-24;ON TIME;H1_PM1;EPA5;planned
412026931;47506296011;2026-07-20;2026-07-24;2026-07-24;ON TIME;H1_PM1;EPA5;planned
412026931;47506317238;2026-07-18;2026-07-24;2026-07-24;ON TIME;H1_PM1;EPA5;planned
412026931;47506326822;2026-07-20;2026-07-24;2026-07-24;ON TIME;H1_PM1;EPA5;planned
412026931;47506403226;2026-07-20;2026-07-24;2026-07-24;ON TIME;H1_PM1;EPA5;planned
412026931;47506556580;2026-07-20;2026-07-24;2026-07-24;ON TIME;H1_PM1;EPA5;planned
412026931;47506610142;2026-07-18;2026-07-24;2026-07-24;ON TIME;H1_PM1;EPA5;planned
412026931;47506806749;2026-07-20;2026-07-24;2026-07-24;ON TIME;H1_PM1;EPA5;planned
412026931;47507013588;2026-07-21;2026-07-25;2026-07-25;EARLY;H1_PM1;EPA5;planned
412026931;47507392174;2026-07-20;2026-07-24;2026-07-24;ON TIME;H1_PM1;EPA5;planned
412026931;47507442211;2026-07-20;2026-07-24;2026-07-24;ON TIME;H1_PM1;EPA5;planned
412026931;47507477760;2026-07-21;2026-07-24;2026-07-24;ON TIME;H1_PM1;EPA5;planned
412026931;47507906202;2026-07-20;2026-07-24;2026-07-24;ON TIME;H1_PM1;EPA5;planned
412026931;47508131230;2026-07-18;2026-07-24;2026-07-24;ON TIME;H1_PM1;EPA5;planned
412026931;47508295819;2026-07-21;2026-07-24;2026-07-24;ON TIME;H1_PM1;EPA5;planned
412026931;47508320215;2026-07-20;2026-07-24;2026-07-24;ON TIME;H1_PM1;EPA5;planned
412026931;47508353771;2026-07-20;2026-07-24;2026-07-24;ON TIME;H1_PM1;EPA5;planned
412026931;47508353863;2026-07-20;2026-07-24;2026-07-24;ON TIME;H1_PM1;EPA5;planned
412026931;47508353895;2026-07-20;2026-07-24;2026-07-24;ON TIME;H1_PM1;EPA5;planned
412026931;47508397875;2026-07-18;2026-07-24;2026-07-24;ON TIME;H1_PM1;EPA5;planned
412026931;47508397905;2026-07-20;2026-07-24;2026-07-24;ON TIME;H1_PM1;EPA5;planned
412026931;47508642700;2026-07-18;2026-07-24;2026-07-24;ON TIME;H1_PM1;EPA5;planned
412026931;47509067765;2026-07-18;2026-07-24;2026-07-24;ON TIME;H1_PM1;EPA5;planned
412026931;47509440413;2026-07-18;2026-07-24;2026-07-24;ON TIME;H1_PM1;EPA5;planned
412026931;47509549752;2026-07-20;2026-07-24;2026-07-24;ON TIME;H1_PM1;EPA5;planned
412026931;47509764269;2026-07-20;2026-07-24;2026-07-24;ON TIME;H1_PM1;EPA5;planned
412026931;47509879487;2026-07-18;2026-07-24;2026-07-24;ON TIME;H1_PM1;EPA5;planned
412026931;47509993760;2026-07-20;2026-07-25;2026-07-25;EARLY;H1_PM1;EPA5;planned
412026931;47510054693;2026-07-18;2026-07-24;2026-07-24;ON TIME;H1_PM1;EPA5;planned
412026931;47510151842;2026-07-18;2026-07-24;2026-07-24;ON TIME;H1_PM1;EPA5;planned
412026931;47510845307;2026-07-20;2026-07-24;2026-07-24;ON TIME;H1_PM1;EPA5;planned
412026931;47511137818;2026-07-19;2026-07-25;2026-07-25;EARLY;H1_PM1;EPA5;planned
412026931;47511259990;2026-07-18;2026-07-24;2026-07-24;ON TIME;H1_PM1;EPA5;planned
412026931;47511260004;2026-07-18;2026-07-24;2026-07-24;ON TIME;H1_PM1;EPA5;planned
412026931;47511476195;2026-07-20;2026-07-24;2026-07-24;ON TIME;H1_PM1;EPA5;planned
412026931;47511646224;2026-07-20;2026-07-24;2026-07-24;ON TIME;H1_PM1;EPA5;planned
412026931;47511806641;2026-07-20;2026-07-24;2026-07-24;ON TIME;H1_PM1;EPA5;planned
412026931;47511811846;2026-07-20;2026-07-24;2026-07-24;ON TIME;H1_PM1;EPA5;planned
412026931;47512393389;2026-07-20;2026-07-24;2026-07-24;ON TIME;H1_PM1;EPA5;planned
412026931;47513697220;2026-07-20;2026-07-24;2026-07-24;ON TIME;H1_PM1;EPA5;planned
412026931;47513869772;2026-07-20;2026-07-25;2026-07-25;EARLY;H1_PM1;EPA5;planned
412026931;47514019645;2026-07-20;2026-07-24;2026-07-24;ON TIME;H1_PM1;EPA5;planned
412026931;47514209236;2026-07-20;2026-07-24;2026-07-24;ON TIME;H1_PM1;EPA5;planned
412026931;47514395828;2026-07-23;2026-07-29;2026-07-29;EARLY;H1_PM1;EPA5;planned
412026931;47516395763;2026-07-25;2026-07-29;2026-07-29;EARLY;H1_PM1;EPA5;planned
412026931;47517665176;2026-07-20;2026-07-25;2026-07-25;EARLY;H1_PM1;EPA5;planned
412026931;47519300904;2026-07-20;2026-07-24;2026-07-24;ON TIME;H1_PM1;EPA5;planned
412026931;47519416199;2026-07-20;2026-07-24;2026-07-24;ON TIME;H1_PM1;EPA5;planned
412026931;47520355831;2026-07-21;2026-07-25;2026-07-25;EARLY;H1_PM1;EPA5;planned
412026931;47521043308;2026-07-20;2026-07-25;2026-07-25;EARLY;H1_PM1;EPA5;planned
412026931;47521164144;2026-07-20;2026-07-25;2026-07-25;EARLY;H1_PM1;EPA5;planned
412026931;47521561970;2026-07-20;2026-07-22;2026-07-22;VENCIDO;H1_PM1;EPA5;planned
412026931;47522492196;2026-07-20;2026-07-25;2026-07-25;EARLY;H1_PM1;EPA5;planned
412026931;47522856365;2026-07-21;2026-07-23;2026-07-23;VENCIDO;H1_PM1;EPA5;planned
412026931;47523591435;2026-07-20;2026-07-25;2026-07-25;EARLY;H1_PM1;EPA5;planned
412026931;47524160303;2026-07-22;2026-07-26;2026-07-26;EARLY;H1_PM1;EPA5;planned
412026931;47524801827;2026-07-20;2026-07-24;2026-07-24;ON TIME;H1_PM1;EPA5;planned
412026931;47526209249;2026-07-22;2026-07-27;2026-07-27;EARLY;H1_PM1;EPA5;planned
412026931;47526279820;2026-07-20;2026-07-25;2026-07-25;EARLY;H1_PM1;EPA5;planned
412026931;47526478863;2026-07-23;2026-07-26;2026-07-26;EARLY;H1_PM1;EPA5;planned
412026931;47528300371;2026-07-22;2026-07-24;2026-07-24;ON TIME;H1_PM1;EPA5;planned
412026931;47530082629;2026-07-20;2026-07-24;2026-07-24;ON TIME;H1_PM1;EPA5;planned
412026931;47530565425;2026-07-21;2026-07-27;2026-07-27;EARLY;H1_PM1;EPA5;planned
412026931;47532242760;2026-07-22;2026-07-26;2026-07-26;EARLY;H1_PM1;EPA5;planned
412026931;47533453631;2026-07-21;2026-07-23;2026-07-23;VENCIDO;H1_PM1;EPA5;planned
412026931;47534924343;2026-07-20;2026-07-25;2026-07-25;EARLY;H1_PM1;EPA5;planned
412026931;47535605171;2026-07-21;2026-07-23;2026-07-23;VENCIDO;H1_PM1;EPA5;planned
412026931;47535908896;2026-07-22;2026-07-26;2026-07-26;EARLY;H1_PM1;EPA5;planned
412026931;47535971884;2026-07-21;2026-07-23;2026-07-23;VENCIDO;H1_PM1;EPA5;planned
412026931;47536113897;2026-07-26;2026-07-28;2026-07-28;EARLY;H1_PM1;EPA5;planned
412026931;47536139062;2026-07-20;2026-07-22;2026-07-22;VENCIDO;H1_PM1;EPA5;planned
412026931;47536215138;2026-07-26;2026-07-30;2026-07-30;EARLY;H1_PM1;EPA5;planned
412026931;47536402686;2026-07-22;2026-07-28;2026-07-28;EARLY;H1_PM1;EPA5;planned
412026931;47537551061;2026-07-21;2026-07-27;2026-07-27;EARLY;H1_PM1;EPA5;planned
412026931;47538218468;2026-07-23;2026-07-29;2026-07-29;EARLY;H1_PM1;EPA5;planned
412026931;47541203699;2026-07-22;2026-07-24;2026-07-24;ON TIME;H1_PM1;EPA5;planned
412026931;47542325146;2026-07-21;2026-07-23;2026-07-23;VENCIDO;H1_PM1;EPA5;planned
412026931;47542550744;2026-07-21;2026-07-23;2026-07-23;VENCIDO;H1_PM1;EPA5;planned
412026931;47543521420;2026-07-21;2026-07-23;2026-07-23;VENCIDO;H1_PM1;EPA5;planned
412026931;47543618138;2026-07-22;2026-07-28;2026-07-28;EARLY;H1_PM1;EPA5;planned
412026931;47543991892;2026-07-21;2026-07-23;2026-07-23;VENCIDO;H1_PM1;EPA5;planned
412026931;47544216248;2026-07-22;2026-07-23;2026-07-23;VENCIDO;H1_PM1;EPA5;planned
412026931;47544384961;2026-07-22;2026-07-28;2026-07-28;EARLY;H1_PM1;EPA5;planned
412026931;47545055062;2026-07-21;2026-07-23;2026-07-23;VENCIDO;H1_PM1;EPA5;planned
412026931;47546491335;2026-07-21;2026-07-23;2026-07-23;VENCIDO;H1_PM1;EPA5;planned
412026931;47546699910;2026-07-22;2026-07-24;2026-07-24;ON TIME;H1_PM1;EPA5;planned
412026931;47546764733;2026-07-22;2026-07-23;2026-07-23;VENCIDO;H1_PM1;EPA5;planned
412026931;47547087063;2026-07-22;2026-07-23;2026-07-23;VENCIDO;H1_PM1;EPA5;planned
412026931;47547415814;2026-07-21;2026-07-27;2026-07-27;EARLY;H1_PM1;EPA5;planned
412026931;47548605740;2026-07-21;2026-07-23;2026-07-23;VENCIDO;H1_PM1;EPA5;planned
412026931;47551153867;2026-07-22;2026-07-23;2026-07-23;VENCIDO;H1_PM1;EPA5;planned
412598187;47340160165;2026-07-17;2026-07-19;2026-07-19;VENCIDO;>P1_PM1;EPA5;planned
412598187;47349777642;2026-07-17;2026-07-19;2026-07-19;VENCIDO;>P1_PM1;EPA5;planned
412598187;47362091448;2026-07-17;2026-07-19;2026-07-19;VENCIDO;>P1_PM1;EPA5;planned
412598187;47393199517;2026-07-18;2026-07-24;2026-07-24;ON TIME;>P1_PM1;EPA5;planned
412598187;47448055570;2026-07-18;2026-07-24;2026-07-24;ON TIME;>P1_PM1;EPA5;planned
412598187;47454850830;2026-07-13;2026-07-15;2026-07-15;VENCIDO;>P1_PM1;EPA5;planned
412598187;47465609220;2026-07-19;2026-07-25;2026-07-25;EARLY;>P1_PM1;EPA5;planned
412598187;47467434857;2026-07-18;2026-07-22;2026-07-22;VENCIDO;>P1_PM1;EPA5;planned
412598187;47471566380;2026-07-17;2026-07-19;2026-07-19;VENCIDO;>P1_PM1;EPA5;planned
412598187;47473256286;2026-07-19;2026-07-24;2026-07-24;ON TIME;>P1_PM1;EPA5;planned
412598187;47474935667;2026-07-14;2026-07-20;2026-07-20;VENCIDO;>P1_PM1;EPA5;planned
412598187;47476044877;2026-07-17;2026-07-19;2026-07-19;VENCIDO;>P1_PM1;EPA5;planned
412598187;47476634795;2026-07-21;2026-07-25;2026-07-25;EARLY;>P1_PM1;EPA5;planned
412598187;47478303716;2026-07-19;2026-07-25;2026-07-25;EARLY;>P1_PM1;EPA5;planned
412598187;47479235529;2026-07-14;2026-07-16;2026-07-16;VENCIDO;>P1_PM1;EPA5;planned
412598187;47479451996;2026-07-17;2026-07-21;2026-07-21;VENCIDO;>P1_PM1;EPA5;planned
412598187;47480549511;2026-07-17;2026-07-21;2026-07-21;VENCIDO;>P1_PM1;EPA5;planned
412598187;47483265169;2026-07-18;2026-07-20;2026-07-20;VENCIDO;>P1_PM1;EPA5;planned
412598187;47483767691;2026-07-17;2026-07-19;2026-07-19;VENCIDO;>P1_PM1;EPA5;planned
412598187;47484887171;2026-07-18;2026-07-21;2026-07-21;VENCIDO;>P1_PM1;EPA5;planned
412598187;47484963886;2026-07-17;2026-07-19;2026-07-19;VENCIDO;>P1_PM1;EPA5;planned
412598187;47485474981;2026-07-17;2026-07-19;2026-07-19;VENCIDO;>P1_PM1;EPA5;planned
412598187;47485553192;2026-07-16;2026-07-20;2026-07-20;VENCIDO;>P1_PM1;EPA5;planned
412598187;47485923976;2026-07-16;2026-07-20;2026-07-20;VENCIDO;>P1_PM1;EPA5;planned
412598187;47487389391;2026-07-19;2026-07-25;2026-07-25;EARLY;>P1_PM1;EPA5;planned
412598187;47489802824;2026-07-21;2026-07-25;2026-07-25;EARLY;>P1_PM1;EPA5;planned
412598187;47493099624;2026-07-19;2026-07-25;2026-07-25;EARLY;>P1_PM1;EPA5;planned
412598187;47493109355;2026-07-21;2026-07-25;2026-07-25;EARLY;>P1_PM1;EPA5;planned
412598187;47494512664;2026-07-19;2026-07-25;2026-07-25;EARLY;>P1_PM1;EPA5;planned
412598187;47494545497;2026-07-19;2026-07-25;2026-07-25;EARLY;>P1_PM1;EPA5;planned
412598187;47495853444;2026-07-17;2026-07-19;2026-07-19;VENCIDO;>P1_PM1;EPA5;planned
412598187;47499226769;2026-07-16;2026-07-20;2026-07-20;VENCIDO;>P1_PM1;EPA5;planned
412598187;47500256844;2026-07-17;2026-07-19;2026-07-19;VENCIDO;>P1_PM1;EPA5;planned
412598187;47503642278;2026-07-20;2026-07-25;2026-07-25;EARLY;>P1_PM1;EPA5;planned
412598187;47504351875;2026-07-22;2026-07-28;2026-07-28;EARLY;>P1_PM1;EPA5;planned
412598187;47504757521;2026-07-20;2026-07-26;2026-07-26;EARLY;>P1_PM1;EPA5;planned
412598187;47504757555;2026-07-21;2026-07-25;2026-07-25;EARLY;>P1_PM1;EPA5;planned
412598187;47504757611;2026-07-21;2026-07-25;2026-07-25;EARLY;>P1_PM1;EPA5;planned
412598187;47504757731;2026-07-19;2026-07-24;2026-07-24;ON TIME;>P1_PM1;EPA5;planned
412598187;47504770903;2026-07-19;2026-07-25;2026-07-25;EARLY;>P1_PM1;EPA5;planned
412598187;47512488103;2026-07-22;2026-07-28;2026-07-28;EARLY;>P1_PM1;EPA5;planned
412598187;47513221966;2026-07-21;2026-07-25;2026-07-25;EARLY;>P1_PM1;EPA5;planned
412598187;47513581235;2026-07-21;2026-07-25;2026-07-25;EARLY;>P1_PM1;EPA5;planned
412598187;47513605604;2026-07-20;2026-07-25;2026-07-25;EARLY;>P1_PM1;EPA5;planned
412598187;47513605648;2026-07-20;2026-07-25;2026-07-25;EARLY;>P1_PM1;EPA5;planned
412598187;47513643441;2026-07-20;2026-07-25;2026-07-25;EARLY;>P1_PM1;EPA5;planned
412598187;47513643479;2026-07-21;2026-07-25;2026-07-25;EARLY;>P1_PM1;EPA5;planned
412598187;47513643509;2026-07-26;2026-07-30;2026-07-30;EARLY;>P1_PM1;EPA5;planned
412598187;47514047228;2026-07-21;2026-07-25;2026-07-25;EARLY;>P1_PM1;EPA5;planned
412598187;47514393059;2026-07-21;2026-07-25;2026-07-25;EARLY;>P1_PM1;EPA5;planned
412598187;47514394029;2026-07-21;2026-07-25;2026-07-25;EARLY;>P1_PM1;EPA5;planned
412598187;47514572191;2026-07-21;2026-07-25;2026-07-25;EARLY;>P1_PM1;EPA5;planned
412598187;47514637958;2026-07-21;2026-07-25;2026-07-25;EARLY;>P1_PM1;EPA5;planned
412598187;47514924393;2026-07-21;2026-07-25;2026-07-25;EARLY;>P1_PM1;EPA5;planned
412598187;47515206498;2026-07-21;2026-07-25;2026-07-25;EARLY;>P1_PM1;EPA5;planned
412598187;47515344093;2026-07-21;2026-07-25;2026-07-25;EARLY;>P1_PM1;EPA5;planned
412598187;47515566817;2026-07-20;2026-07-25;2026-07-25;EARLY;>P1_PM1;EPA5;planned
412598187;47515691163;2026-07-20;2026-07-25;2026-07-25;EARLY;>P1_PM1;EPA5;planned
412598187;47515787470;2026-07-21;2026-07-25;2026-07-25;EARLY;>P1_PM1;EPA5;planned
412598187;47515858019;2026-07-21;2026-07-25;2026-07-25;EARLY;>P1_PM1;EPA5;planned
412598187;47517318940;2026-07-21;2026-07-25;2026-07-25;EARLY;>P1_PM1;EPA5;planned
412598187;47518344227;2026-07-21;2026-07-25;2026-07-25;EARLY;>P1_PM1;EPA5;planned
412598187;47518934361;2026-07-21;2026-07-26;2026-07-26;EARLY;>P1_PM1;EPA5;planned
412598187;47518936366;2026-07-21;2026-07-25;2026-07-25;EARLY;>P1_PM1;EPA5;planned
412598187;47519251091;2026-07-19;2026-07-23;2026-07-23;VENCIDO;>P1_PM1;EPA5;planned
412598187;47519503136;2026-07-21;2026-07-25;2026-07-25;EARLY;>P1_PM1;EPA5;planned
412598187;47519796625;2026-07-21;2026-07-25;2026-07-25;EARLY;>P1_PM1;EPA5;planned
412598187;47519832115;2026-07-21;2026-07-25;2026-07-25;EARLY;>P1_PM1;EPA5;planned
412598187;47519909892;2026-07-22;2026-07-24;2026-07-24;ON TIME;>P1_PM1;EPA5;planned
412598187;47520170369;2026-07-21;2026-07-25;2026-07-25;EARLY;>P1_PM1;EPA5;planned
412598187;47520433648;2026-07-21;2026-07-25;2026-07-25;EARLY;>P1_PM1;EPA5;planned
412598187;47522088646;2026-07-20;2026-07-26;2026-07-26;EARLY;>P1_PM1;EPA5;planned
412598187;47522721477;2026-07-22;2026-07-27;2026-07-27;EARLY;>P1_PM1;EPA5;planned
412598187;47522810471;2026-07-23;2026-07-25;2026-07-25;EARLY;>P1_PM1;EPA5;planned
412598187;47522820138;2026-07-20;2026-07-25;2026-07-25;EARLY;>P1_PM1;EPA5;planned
412598187;47523579850;2026-07-24;2026-07-26;2026-07-26;EARLY;>P1_PM1;EPA5;planned
412598187;47523819460;2026-07-22;2026-07-26;2026-07-26;EARLY;>P1_PM1;EPA5;planned
412598187;47523943597;2026-07-23;2026-07-25;2026-07-25;EARLY;>P1_PM1;EPA5;planned
412598187;47524170407;2026-07-23;;2026-07-23;VENCIDO;>P1_PM1;EPA5;planned
412598187;47524191529;2026-07-22;2026-07-27;2026-07-27;EARLY;>P1_PM1;EPA5;planned
412598187;47524359528;2026-07-23;;2026-07-23;VENCIDO;>P1_PM1;EPA5;planned
412598187;47524640429;2026-07-22;2026-07-26;2026-07-26;EARLY;>P1_PM1;EPA5;planned
412598187;47524901110;2026-07-20;2026-07-26;2026-07-26;EARLY;>P1_PM1;EPA5;planned
412598187;47524958371;2026-07-23;2026-07-26;2026-07-26;EARLY;>P1_PM1;EPA5;planned
412598187;47524958729;2026-07-23;2026-07-26;2026-07-26;EARLY;>P1_PM1;EPA5;planned
412598187;47525021067;2026-07-23;2026-07-24;2026-07-24;ON TIME;>P1_PM1;EPA5;planned
412598187;47525021093;2026-07-23;2026-07-24;2026-07-24;ON TIME;>P1_PM1;EPA5;planned
412598187;47525021115;2026-07-23;2026-07-24;2026-07-24;ON TIME;>P1_PM1;EPA5;planned
412598187;47525219412;2026-07-23;2026-07-26;2026-07-26;EARLY;>P1_PM1;EPA5;planned
412598187;47525219450;2026-07-23;2026-07-26;2026-07-26;EARLY;>P1_PM1;EPA5;planned
412598187;47525234684;2026-07-22;2026-07-24;2026-07-24;ON TIME;>P1_PM1;EPA5;planned
412598187;47525239779;2026-07-23;2026-07-26;2026-07-26;EARLY;>P1_PM1;EPA5;planned
412598187;47525303529;2026-07-23;2026-07-26;2026-07-26;EARLY;>P1_PM1;EPA5;planned
412598187;47525424621;2026-07-23;2026-07-24;2026-07-24;ON TIME;>P1_PM1;EPA5;planned
412598187;47525424677;2026-07-23;2026-07-24;2026-07-24;ON TIME;>P1_PM1;EPA5;planned
412598187;47525424769;2026-07-23;2026-07-24;2026-07-24;ON TIME;>P1_PM1;EPA5;planned
412598187;47525424817;2026-07-23;2026-07-24;2026-07-24;ON TIME;>P1_PM1;EPA5;planned
412598187;47525424919;2026-07-23;2026-07-24;2026-07-24;ON TIME;>P1_PM1;EPA5;planned
412598187;47525425581;2026-07-23;2026-07-24;2026-07-24;ON TIME;>P1_PM1;EPA5;planned
412598187;47525425611;2026-07-23;2026-07-24;2026-07-24;ON TIME;>P1_PM1;EPA5;planned
412598187;47525425647;2026-07-23;2026-07-24;2026-07-24;ON TIME;>P1_PM1;EPA5;planned
412598187;47525425727;2026-07-23;2026-07-24;2026-07-24;ON TIME;>P1_PM1;EPA5;planned
412598187;47525426391;2026-07-23;2026-07-24;2026-07-24;ON TIME;>P1_PM1;EPA5;planned
412598187;47525426645;2026-07-23;2026-07-24;2026-07-24;ON TIME;>P1_PM1;EPA5;planned
412598187;47525426731;2026-07-23;2026-07-24;2026-07-24;ON TIME;>P1_PM1;EPA5;planned
412598187;47525426929;2026-07-23;2026-07-24;2026-07-24;ON TIME;>P1_PM1;EPA5;planned
412598187;47525427061;2026-07-23;2026-07-24;2026-07-24;ON TIME;>P1_PM1;EPA5;planned
412598187;47525427101;2026-07-23;2026-07-24;2026-07-24;ON TIME;>P1_PM1;EPA5;planned
412598187;47525427153;2026-07-23;2026-07-24;2026-07-24;ON TIME;>P1_PM1;EPA5;planned
412598187;47525427873;2026-07-23;2026-07-24;2026-07-24;ON TIME;>P1_PM1;EPA5;planned
412598187;47525427987;2026-07-23;2026-07-24;2026-07-24;ON TIME;>P1_PM1;EPA5;planned
412598187;47525428019;2026-07-23;2026-07-24;2026-07-24;ON TIME;>P1_PM1;EPA5;planned
412598187;47525428053;2026-07-23;2026-07-24;2026-07-24;ON TIME;>P1_PM1;EPA5;planned
412598187;47525428197;2026-07-23;2026-07-24;2026-07-24;ON TIME;>P1_PM1;EPA5;planned
412598187;47525428435;2026-07-23;2026-07-24;2026-07-24;ON TIME;>P1_PM1;EPA5;planned
412598187;47525428885;2026-07-23;2026-07-24;2026-07-24;ON TIME;>P1_PM1;EPA5;planned
412598187;47525429261;2026-07-23;2026-07-24;2026-07-24;ON TIME;>P1_PM1;EPA5;planned
412598187;47525429295;2026-07-23;2026-07-24;2026-07-24;ON TIME;>P1_PM1;EPA5;planned
412598187;47525429345;2026-07-23;2026-07-24;2026-07-24;ON TIME;>P1_PM1;EPA5;planned
412598187;47525429477;2026-07-23;2026-07-24;2026-07-24;ON TIME;>P1_PM1;EPA5;planned
412598187;47525483272;2026-07-23;2026-07-26;2026-07-26;EARLY;>P1_PM1;EPA5;planned
412598187;47525685066;2026-07-23;2026-07-24;2026-07-24;ON TIME;>P1_PM1;EPA5;planned
412598187;47525685128;2026-07-23;2026-07-24;2026-07-24;ON TIME;>P1_PM1;EPA5;planned
412598187;47525685650;2026-07-23;2026-07-24;2026-07-24;ON TIME;>P1_PM1;EPA5;planned
412598187;47525685960;2026-07-23;2026-07-24;2026-07-24;ON TIME;>P1_PM1;EPA5;planned
412598187;47525686006;2026-07-23;2026-07-24;2026-07-24;ON TIME;>P1_PM1;EPA5;planned
412598187;47525686092;2026-07-23;2026-07-24;2026-07-24;ON TIME;>P1_PM1;EPA5;planned
412598187;47525686188;2026-07-23;2026-07-24;2026-07-24;ON TIME;>P1_PM1;EPA5;planned
412598187;47525686824;2026-07-23;2026-07-24;2026-07-24;ON TIME;>P1_PM1;EPA5;planned
412598187;47525687066;2026-07-23;2026-07-24;2026-07-24;ON TIME;>P1_PM1;EPA5;planned
412598187;47525687142;2026-07-23;2026-07-24;2026-07-24;ON TIME;>P1_PM1;EPA5;planned
412598187;47525687176;2026-07-23;2026-07-24;2026-07-24;ON TIME;>P1_PM1;EPA5;planned
412598187;47525687712;2026-07-23;2026-07-24;2026-07-24;ON TIME;>P1_PM1;EPA5;planned
412598187;47525688204;2026-07-23;2026-07-24;2026-07-24;ON TIME;>P1_PM1;EPA5;planned
412598187;47525688234;2026-07-23;2026-07-24;2026-07-24;ON TIME;>P1_PM1;EPA5;planned
412598187;47525688276;2026-07-23;2026-07-24;2026-07-24;ON TIME;>P1_PM1;EPA5;planned
412598187;47525688320;2026-07-23;2026-07-24;2026-07-24;ON TIME;>P1_PM1;EPA5;planned
412598187;47525689102;2026-07-23;2026-07-24;2026-07-24;ON TIME;>P1_PM1;EPA5;planned
412598187;47525689440;2026-07-23;2026-07-24;2026-07-24;ON TIME;>P1_PM1;EPA5;planned
412598187;47525689536;2026-07-23;2026-07-24;2026-07-24;ON TIME;>P1_PM1;EPA5;planned
412598187;47525689564;2026-07-23;2026-07-24;2026-07-24;ON TIME;>P1_PM1;EPA5;planned
412598187;47525690118;2026-07-23;2026-07-24;2026-07-24;ON TIME;>P1_PM1;EPA5;planned
412598187;47525690328;2026-07-23;2026-07-24;2026-07-24;ON TIME;>P1_PM1;EPA5;planned
412598187;47525690364;2026-07-23;2026-07-24;2026-07-24;ON TIME;>P1_PM1;EPA5;planned
412598187;47525786262;2026-07-23;;2026-07-23;VENCIDO;>P1_PM1;EPA5;planned
412598187;47525973265;2026-07-21;2026-07-26;2026-07-26;EARLY;>P1_PM1;EPA5;planned
412598187;47526043704;2026-07-22;2026-07-26;2026-07-26;EARLY;>P1_PM1;EPA5;planned
412598187;47526429066;2026-07-23;2026-07-25;2026-07-25;EARLY;>P1_PM1;EPA5;planned
412598187;47526462509;2026-07-22;2026-07-27;2026-07-27;EARLY;>P1_PM1;EPA5;planned
412598187;47527340752;2026-07-22;2026-07-27;2026-07-27;EARLY;>P1_PM1;EPA5;planned
412598187;47528440978;2026-07-21;2026-07-25;2026-07-25;EARLY;>P1_PM1;EPA5;planned
412598187;47528504802;2026-07-21;2026-07-25;2026-07-25;EARLY;>P1_PM1;EPA5;planned
412598187;47528635679;2026-07-21;2026-07-25;2026-07-25;EARLY;>P1_PM1;EPA5;planned
412598187;47528688459;2026-07-21;2026-07-25;2026-07-25;EARLY;>P1_PM1;EPA5;planned
412598187;47528754349;2026-07-22;2026-07-26;2026-07-26;EARLY;>P1_PM1;EPA5;planned
412598187;47528799971;2026-07-23;2026-07-26;2026-07-26;EARLY;>P1_PM1;EPA5;planned
412598187;47528833045;2026-07-22;2026-07-26;2026-07-26;EARLY;>P1_PM1;EPA5;planned
412598187;47528902135;2026-07-23;2026-07-24;2026-07-24;ON TIME;>P1_PM1;EPA5;planned
412598187;47529337018;2026-07-22;2026-07-26;2026-07-26;EARLY;>P1_PM1;EPA5;planned
412598187;47529441789;2026-07-23;;2026-07-23;VENCIDO;>P1_PM1;EPA5;planned
412598187;47529586480;2026-07-22;2026-07-27;2026-07-27;EARLY;>P1_PM1;EPA5;planned
412598187;47529701130;2026-07-23;2026-07-24;2026-07-24;ON TIME;>P1_PM1;EPA5;planned
412598187;47529701164;2026-07-23;2026-07-24;2026-07-24;ON TIME;>P1_PM1;EPA5;planned
412598187;47529701338;2026-07-23;;2026-07-23;VENCIDO;>P1_PM1;EPA5;planned
412598187;47529701622;2026-07-22;2026-07-26;2026-07-26;EARLY;>P1_PM1;EPA5;planned
412598187;47530022960;2026-07-22;2026-07-26;2026-07-26;EARLY;>P1_PM1;EPA5;planned
412598187;47531014720;2026-07-24;2026-07-28;2026-07-28;EARLY;>P1_PM1;EPA5;planned
412598187;47531565461;2026-07-22;2026-07-26;2026-07-26;EARLY;>P1_PM1;EPA5;planned
412598187;47532083000;2026-07-21;2026-07-25;2026-07-25;EARLY;>P1_PM1;EPA5;planned
412598187;47540811447;2026-07-22;2026-07-26;2026-07-26;EARLY;>P1_PM1;EPA5;planned
412598187;47541032876;2026-07-22;2026-07-26;2026-07-26;EARLY;>P1_PM1;EPA5;planned
412598187;47541404991;2026-07-22;2026-07-26;2026-07-26;EARLY;>P1_PM1;EPA5;planned
412598187;47541419729;2026-07-22;2026-07-26;2026-07-26;EARLY;>P1_PM1;EPA5;planned
412598187;47543164962;2026-07-24;2026-07-26;2026-07-26;EARLY;>P1_PM1;EPA5;planned
412598187;47544896433;2026-07-23;2026-07-29;2026-07-29;EARLY;>P1_PM1;EPA5;planned
412598187;47545084567;;;;;>P1_PM1;EPA5;planned
412598187;47545084887;;;;;>P1_PM1;EPA5;planned
412598187;47546666643;2026-07-24;2026-07-28;2026-07-28;EARLY;>P1_PM1;EPA5;planned
412598187;47550051599;2026-07-23;2026-07-24;2026-07-24;ON TIME;>P1_PM1;EPA5;planned
412598187;47550339859;2026-07-23;2026-07-25;2026-07-25;EARLY;>P1_PM1;EPA5;planned
412598187;47550461121;2026-07-23;2026-07-26;2026-07-26;EARLY;>P1_PM1;EPA5;planned
412598187;47550580990;2026-07-22;2026-07-25;2026-07-25;EARLY;>P1_PM1;EPA5;planned
412598187;47550685006;2026-07-22;2026-07-25;2026-07-25;EARLY;>P1_PM1;EPA5;planned
412598187;47550701292;2026-07-22;2026-07-23;2026-07-23;VENCIDO;>P1_PM1;EPA5;planned
412598187;47551009433;2026-07-23;2026-07-26;2026-07-26;EARLY;>P1_PM1;EPA5;planned
412598187;47551261824;2026-07-23;;2026-07-23;VENCIDO;>P1_PM1;EPA5;planned
412598187;47551413713;2026-07-23;2026-07-26;2026-07-26;EARLY;>P1_PM1;EPA5;planned
412598187;47551606443;2026-07-23;2026-07-26;2026-07-26;EARLY;>P1_PM1;EPA5;planned
412598187;47552529153;2026-07-23;2026-07-26;2026-07-26;EARLY;>P1_PM1;EPA5;planned
412598187;47552807294;2026-07-23;;2026-07-23;VENCIDO;>P1_PM1;EPA5;planned
412598187;47553250102;2026-07-23;;2026-07-23;VENCIDO;>P1_PM1;EPA5;planned
412598187;47553332343;2026-07-23;;2026-07-23;VENCIDO;>P1_PM1;EPA5;planned
412598187;47553509589;2026-07-23;2026-07-26;2026-07-26;EARLY;>P1_PM1;EPA5;planned
412598187;47553590395;2026-07-23;2026-07-25;2026-07-25;EARLY;>P1_PM1;EPA5;planned
412598187;47553678987;2026-07-23;2026-07-26;2026-07-26;EARLY;>P1_PM1;EPA5;planned
412598187;47553732828;2026-07-23;2026-07-26;2026-07-26;EARLY;>P1_PM1;EPA5;planned
412598187;47554175953;2026-07-23;2026-07-24;2026-07-24;ON TIME;>P1_PM1;EPA5;planned
412598187;47554281245;2026-07-23;2026-07-24;2026-07-24;ON TIME;>P1_PM1;EPA5;planned
412598187;47554748474;2026-07-23;2026-07-26;2026-07-26;EARLY;>P1_PM1;EPA5;planned
412598187;47557379524;2026-07-22;2026-07-24;2026-07-24;ON TIME;>P1_PM1;EPA5;planned
412598187;47559567369;2026-07-23;;2026-07-23;VENCIDO;>P1_PM1;EPA5;planned
412598187;47559592732;2026-07-23;;2026-07-23;VENCIDO;>P1_PM1;EPA5;planned
412598187;47564296435;;;;;>P1_PM1;EPA5;planned
412598187;47564547370;;;;;>P1_PM1;EPA5;planned
412598187;47566744457;2026-07-23;;2026-07-23;VENCIDO;>P1_PM1;EPA5;planned
412677931;47397857127;2026-07-18;2026-07-24;2026-07-24;ON TIME;>H2_PM1;EPA5;planned
412677931;47448575295;2026-07-21;2026-07-25;2026-07-25;EARLY;>H2_PM1;EPA5;planned
412677931;47455703789;2026-07-18;2026-08-10;2026-08-10;EARLY;>H2_PM1;EPA5;planned
412677931;47471127531;2026-07-15;2026-07-19;2026-07-19;VENCIDO;>H2_PM1;EPA5;planned
412677931;47473290652;2026-07-21;2026-07-25;2026-07-25;EARLY;>H2_PM1;EPA5;planned
412677931;47473906280;2026-07-23;2026-07-29;2026-07-29;EARLY;>H2_PM1;EPA5;planned
412677931;47481695997;2026-07-19;2026-07-25;2026-07-25;EARLY;>H2_PM1;EPA5;planned
412677931;47483277163;2026-07-19;2026-07-25;2026-07-25;EARLY;>H2_PM1;EPA5;planned
412677931;47490031631;2026-07-20;2026-07-26;2026-07-26;EARLY;>H2_PM1;EPA5;planned
412677931;47490386636;2026-07-19;2026-07-25;2026-07-25;EARLY;>H2_PM1;EPA5;planned
412677931;47492840085;2026-07-19;2026-07-25;2026-07-25;EARLY;>H2_PM1;EPA5;planned
412677931;47493248549;2026-07-21;2026-07-25;2026-07-25;EARLY;>H2_PM1;EPA5;planned
412677931;47494399891;2026-07-21;2026-07-25;2026-07-25;EARLY;>H2_PM1;EPA5;planned
412677931;47494481322;2026-07-21;2026-07-25;2026-07-25;EARLY;>H2_PM1;EPA5;planned
412677931;47496109306;2026-07-19;2026-07-25;2026-07-25;EARLY;>H2_PM1;EPA5;planned
412677931;47500879812;2026-07-19;2026-07-25;2026-07-25;EARLY;>H2_PM1;EPA5;planned
412677931;47501442590;2026-07-19;2026-07-25;2026-07-25;EARLY;>H2_PM1;EPA5;planned
412677931;47503889293;2026-07-19;2026-07-25;2026-07-25;EARLY;>H2_PM1;EPA5;planned
412677931;47504710091;2026-07-21;2026-07-25;2026-07-25;EARLY;>H2_PM1;EPA5;planned
412677931;47511874394;2026-07-20;2026-07-24;2026-07-24;ON TIME;>H2_PM1;EPA5;planned
412677931;47512369323;2026-07-22;2026-07-24;2026-07-24;ON TIME;>H2_PM1;EPA5;planned
412677931;47512458900;2026-07-20;2026-07-25;2026-07-25;EARLY;>H2_PM1;EPA5;planned
412677931;47512563979;2026-07-21;2026-07-25;2026-07-25;EARLY;>H2_PM1;EPA5;planned
412677931;47512564321;2026-07-20;2026-07-26;2026-07-26;EARLY;>H2_PM1;EPA5;planned
412677931;47512830218;2026-07-21;2026-07-27;2026-07-27;EARLY;>H2_PM1;EPA5;planned
412677931;47513263615;2026-07-20;2026-07-25;2026-07-25;EARLY;>H2_PM1;EPA5;planned
412677931;47513270069;2026-07-21;2026-07-25;2026-07-25;EARLY;>H2_PM1;EPA5;planned
412677931;47513528720;2026-07-21;2026-07-25;2026-07-25;EARLY;>H2_PM1;EPA5;planned
412677931;47513535602;2026-07-20;2026-07-25;2026-07-25;EARLY;>H2_PM1;EPA5;planned
412677931;47513649408;2026-07-21;2026-07-25;2026-07-25;EARLY;>H2_PM1;EPA5;planned
412677931;47513856751;2026-07-21;2026-07-25;2026-07-25;EARLY;>H2_PM1;EPA5;planned
412677931;47513868557;2026-07-21;2026-07-25;2026-07-25;EARLY;>H2_PM1;EPA5;planned
412677931;47514121366;2026-07-20;2026-07-25;2026-07-25;EARLY;>H2_PM1;EPA5;planned
412677931;47514122038;2026-07-20;2026-07-25;2026-07-25;EARLY;>H2_PM1;EPA5;planned
412677931;47514201081;2026-07-21;2026-07-25;2026-07-25;EARLY;>H2_PM1;EPA5;planned
412677931;47514902850;2026-07-21;2026-07-25;2026-07-25;EARLY;>H2_PM1;EPA5;planned
412677931;47514931751;2026-07-21;2026-07-25;2026-07-25;EARLY;>H2_PM1;EPA5;planned
412677931;47515383511;2026-07-20;2026-07-25;2026-07-25;EARLY;>H2_PM1;EPA5;planned
412677931;47515428409;2026-07-21;2026-07-25;2026-07-25;EARLY;>H2_PM1;EPA5;planned
412677931;47515692964;2026-07-21;2026-07-25;2026-07-25;EARLY;>H2_PM1;EPA5;planned
412677931;47515784483;2026-07-23;2026-07-29;2026-07-29;EARLY;>H2_PM1;EPA5;planned
412677931;47515784511;2026-07-22;2026-07-28;2026-07-28;EARLY;>H2_PM1;EPA5;planned
412677931;47516684077;2026-07-21;2026-07-25;2026-07-25;EARLY;>H2_PM1;EPA5;planned
412677931;47517630927;2026-07-21;2026-07-25;2026-07-25;EARLY;>H2_PM1;EPA5;planned
412677931;47518255629;2026-07-21;2026-07-23;2026-07-23;VENCIDO;>H2_PM1;EPA5;planned
412677931;47518292380;2026-07-21;2026-07-25;2026-07-25;EARLY;>H2_PM1;EPA5;planned
412677931;47520125609;2026-07-20;2026-07-25;2026-07-25;EARLY;>H2_PM1;EPA5;planned
412677931;47520183136;2026-07-21;2026-07-25;2026-07-25;EARLY;>H2_PM1;EPA5;planned
412677931;47520402505;2026-07-21;2026-07-25;2026-07-25;EARLY;>H2_PM1;EPA5;planned
412677931;47520426653;2026-07-21;2026-07-25;2026-07-25;EARLY;>H2_PM1;EPA5;planned
412677931;47521042628;2026-07-21;2026-07-25;2026-07-25;EARLY;>H2_PM1;EPA5;planned
412677931;47521335090;2026-07-21;2026-07-25;2026-07-25;EARLY;>H2_PM1;EPA5;planned
412677931;47521450846;2026-07-21;2026-07-25;2026-07-25;EARLY;>H2_PM1;EPA5;planned
412677931;47521597432;2026-07-21;2026-07-25;2026-07-25;EARLY;>H2_PM1;EPA5;planned
412677931;47522261684;2026-07-21;2026-07-25;2026-07-25;EARLY;>H2_PM1;EPA5;planned
412677931;47522261828;2026-07-21;2026-07-25;2026-07-25;EARLY;>H2_PM1;EPA5;planned
412677931;47522355545;2026-07-20;2026-07-25;2026-07-25;EARLY;>H2_PM1;EPA5;planned
412677931;47522355811;2026-07-21;2026-07-25;2026-07-25;EARLY;>H2_PM1;EPA5;planned
412677931;47522579630;2026-07-21;2026-07-25;2026-07-25;EARLY;>H2_PM1;EPA5;planned
412677931;47522711613;2026-07-21;2026-07-25;2026-07-25;EARLY;>H2_PM1;EPA5;planned
412677931;47523040841;2026-07-23;2026-07-24;2026-07-24;ON TIME;>H2_PM1;EPA5;planned
412677931;47523434774;2026-07-23;2026-07-25;2026-07-25;EARLY;>H2_PM1;EPA5;planned
412677931;47523514633;2026-07-23;2026-07-24;2026-07-24;ON TIME;>H2_PM1;EPA5;planned
412677931;47523514765;2026-07-23;2026-07-24;2026-07-24;ON TIME;>H2_PM1;EPA5;planned
412677931;47523514895;2026-07-23;2026-07-24;2026-07-24;ON TIME;>H2_PM1;EPA5;planned
412677931;47523594542;2026-07-23;2026-07-26;2026-07-26;EARLY;>H2_PM1;EPA5;planned
412677931;47523776214;2026-07-23;2026-07-24;2026-07-24;ON TIME;>H2_PM1;EPA5;planned
412677931;47523801626;2026-07-21;2026-07-25;2026-07-25;EARLY;>H2_PM1;EPA5;planned
412677931;47524115207;2026-07-22;2026-07-26;2026-07-26;EARLY;>H2_PM1;EPA5;planned
412677931;47524219374;2026-07-21;2026-07-25;2026-07-25;EARLY;>H2_PM1;EPA5;planned
412677931;47524686140;2026-07-22;2026-07-24;2026-07-24;ON TIME;>H2_PM1;EPA5;planned
412677931;47524827287;2026-07-22;2026-07-24;2026-07-24;ON TIME;>H2_PM1;EPA5;planned
412677931;47524827969;2026-07-22;2026-07-26;2026-07-26;EARLY;>H2_PM1;EPA5;planned
412677931;47524954231;2026-07-22;2026-07-26;2026-07-26;EARLY;>H2_PM1;EPA5;planned
412677931;47524966408;2026-07-22;2026-07-27;2026-07-27;EARLY;>H2_PM1;EPA5;planned
412677931;47525025997;2026-07-23;2026-07-26;2026-07-26;EARLY;>H2_PM1;EPA5;planned
412677931;47525088468;2026-07-22;2026-07-26;2026-07-26;EARLY;>H2_PM1;EPA5;planned
412677931;47525334679;2026-07-23;2026-07-24;2026-07-24;ON TIME;>H2_PM1;EPA5;planned
412677931;47525973291;2026-07-23;2026-07-24;2026-07-24;ON TIME;>H2_PM1;EPA5;planned
412677931;47526000380;2026-07-23;2026-07-26;2026-07-26;EARLY;>H2_PM1;EPA5;planned
412677931;47526133862;2026-07-23;2026-07-24;2026-07-24;ON TIME;>H2_PM1;EPA5;planned
412677931;47526142304;2026-07-23;2026-07-29;2026-07-29;EARLY;>H2_PM1;EPA5;planned
412677931;47526150221;2026-07-22;2026-07-26;2026-07-26;EARLY;>H2_PM1;EPA5;planned
412677931;47526411242;2026-07-22;2026-07-26;2026-07-26;EARLY;>H2_PM1;EPA5;planned
412677931;47526659347;2026-07-22;2026-07-26;2026-07-26;EARLY;>H2_PM1;EPA5;planned
412677931;47526745018;2026-07-26;2026-07-28;2026-07-28;EARLY;>H2_PM1;EPA5;planned
412677931;47526813768;2026-07-22;2026-07-26;2026-07-26;EARLY;>H2_PM1;EPA5;planned
412677931;47526878768;2026-07-23;2026-07-26;2026-07-26;EARLY;>H2_PM1;EPA5;planned
412677931;47527158877;2026-07-23;;2026-07-23;VENCIDO;>H2_PM1;EPA5;planned
412677931;47527481310;2026-07-22;2026-07-27;2026-07-27;EARLY;>H2_PM1;EPA5;planned
412677931;47528721128;2026-07-22;2026-07-24;2026-07-24;ON TIME;>H2_PM1;EPA5;planned
412677931;47528788806;2026-07-21;2026-07-25;2026-07-25;EARLY;>H2_PM1;EPA5;planned
412677931;47528981797;2026-07-22;2026-07-26;2026-07-26;EARLY;>H2_PM1;EPA5;planned
412677931;47529211804;2026-07-22;2026-07-23;2026-07-23;VENCIDO;>H2_PM1;EPA5;planned
412677931;47529493451;2026-07-22;2026-07-26;2026-07-26;EARLY;>H2_PM1;EPA5;planned
412677931;47529765434;2026-07-22;2026-07-24;2026-07-24;ON TIME;>H2_PM1;EPA5;planned
412677931;47529969280;2026-07-22;2026-07-27;2026-07-27;EARLY;>H2_PM1;EPA5;planned
412677931;47529969318;2026-07-23;2026-07-27;2026-07-27;EARLY;>H2_PM1;EPA5;planned
412677931;47530100748;2026-07-23;2026-07-26;2026-07-26;EARLY;>H2_PM1;EPA5;planned
412677931;47530152280;2026-07-23;;2026-07-23;VENCIDO;>H2_PM1;EPA5;planned
412677931;47530852934;2026-07-22;2026-07-27;2026-07-27;EARLY;>H2_PM1;EPA5;planned
412677931;47533362054;2026-07-22;2026-07-26;2026-07-26;EARLY;>H2_PM1;EPA5;planned
412677931;47534501777;2026-07-23;2026-07-26;2026-07-26;EARLY;>H2_PM1;EPA5;planned
412677931;47535768609;2026-07-22;2026-07-25;2026-07-25;EARLY;>H2_PM1;EPA5;planned
412677931;47537394304;2026-07-21;2026-07-26;2026-07-26;EARLY;>H2_PM1;EPA5;planned
412677931;47537406303;2026-07-22;2026-07-28;2026-07-28;EARLY;>H2_PM1;EPA5;planned
412677931;47538877580;2026-07-21;2026-07-27;2026-07-27;EARLY;>H2_PM1;EPA5;planned
412677931;47539627241;2026-07-22;2026-07-26;2026-07-26;EARLY;>H2_PM1;EPA5;planned
412677931;47540384080;2026-07-22;2026-07-26;2026-07-26;EARLY;>H2_PM1;EPA5;planned
412677931;47542616724;2026-07-23;2026-07-25;2026-07-25;EARLY;>H2_PM1;EPA5;planned
412677931;47549540029;2026-07-24;2026-07-26;2026-07-26;EARLY;>H2_PM1;EPA5;planned
412677931;47549776885;2026-07-22;2026-07-26;2026-07-26;EARLY;>H2_PM1;EPA5;planned
412677931;47549777131;2026-07-22;2026-07-26;2026-07-26;EARLY;>H2_PM1;EPA5;planned
412677931;47549841105;2026-07-22;2026-07-24;2026-07-24;ON TIME;>H2_PM1;EPA5;planned
412677931;47550030308;2026-07-22;2026-07-26;2026-07-26;EARLY;>H2_PM1;EPA5;planned
412677931;47550595539;2026-07-23;2026-07-24;2026-07-24;ON TIME;>H2_PM1;EPA5;planned
412677931;47550726607;2026-07-23;;2026-07-23;VENCIDO;>H2_PM1;EPA5;planned
412677931;47550726653;2026-07-23;2026-07-26;2026-07-26;EARLY;>H2_PM1;EPA5;planned
412677931;47550736367;2026-07-22;2026-07-25;2026-07-25;EARLY;>H2_PM1;EPA5;planned
412677931;47551335756;2026-07-22;2026-07-25;2026-07-25;EARLY;>H2_PM1;EPA5;planned
412677931;47551773996;2026-07-23;2026-07-26;2026-07-26;EARLY;>H2_PM1;EPA5;planned
412677931;47552635379;2026-07-23;2026-07-26;2026-07-26;EARLY;>H2_PM1;EPA5;planned
412677931;47552645509;2026-07-24;2026-07-25;2026-07-25;EARLY;>H2_PM1;EPA5;planned
412677931;47553262507;2026-07-23;2026-07-24;2026-07-24;ON TIME;>H2_PM1;EPA5;planned
412677931;47553279337;2026-07-23;2026-07-26;2026-07-26;EARLY;>H2_PM1;EPA5;planned
412677931;47553507686;2026-07-23;2026-07-24;2026-07-24;ON TIME;>H2_PM1;EPA5;planned
412677931;47553568290;2026-07-23;;2026-07-23;VENCIDO;>H2_PM1;EPA5;planned
412677931;47553766023;2026-07-23;2026-07-26;2026-07-26;EARLY;>H2_PM1;EPA5;planned
412677931;47554139775;2026-07-23;2026-07-26;2026-07-26;EARLY;>H2_PM1;EPA5;planned
412677931;47555066054;2026-07-23;2026-07-26;2026-07-26;EARLY;>H2_PM1;EPA5;planned
412677931;47556230926;2026-07-22;2026-07-24;2026-07-24;ON TIME;>H2_PM1;EPA5;planned
412677931;47556527362;2026-07-23;;2026-07-23;VENCIDO;>H2_PM1;EPA5;planned
412677931;47557272839;2026-07-23;;2026-07-23;VENCIDO;>H2_PM1;EPA5;planned
412677931;47558376827;2026-07-23;;2026-07-23;VENCIDO;>H2_PM1;EPA5;planned
412677931;47560262925;2026-07-24;2026-07-25;2026-07-25;EARLY;>H2_PM1;EPA5;planned
412677931;47566469607;2026-07-23;;2026-07-23;VENCIDO;>H2_PM1;EPA5;planned
413138020;47404641009;2026-07-16;2026-07-18;2026-07-18;VENCIDO;=A1_PM1;ETO4;planned
413138020;47460162124;2026-07-13;2026-07-15;2026-07-15;VENCIDO;=A1_PM1;ETO4;planned
413138020;47466218023;2026-07-12;2026-07-18;2026-07-18;VENCIDO;=A1_PM1;ETO4;planned
413138020;47472337975;2026-07-16;2026-07-18;2026-07-18;VENCIDO;=A1_PM1;ETO4;planned
413138020;47472976149;2026-07-27;2026-07-28;2026-07-28;EARLY;=A1_PM1;ETO4;planned
413138020;47481877099;2026-07-21;2026-07-27;2026-07-27;EARLY;=A1_PM1;ETO4;planned
413138020;47484287872;2026-07-23;2026-07-27;2026-07-27;EARLY;=A1_PM1;ETO4;planned
413138020;47486595469;2026-07-16;2026-07-22;2026-07-22;VENCIDO;=A1_PM1;ETO4;planned
413138020;47486842342;2026-07-16;2026-07-22;2026-07-22;VENCIDO;=A1_PM1;ETO4;planned
413138020;47486853866;2026-07-16;2026-07-22;2026-07-22;VENCIDO;=A1_PM1;ETO4;planned
413138020;47487987223;2026-07-20;2026-07-26;2026-07-26;EARLY;=A1_PM1;ETO4;planned
413138020;47488117476;2026-07-21;2026-07-27;2026-07-27;EARLY;=A1_PM1;ETO4;planned
413138020;47490613621;2026-07-20;2026-07-21;2026-07-21;VENCIDO;=A1_PM1;ETO4;planned
413138020;47491124607;2026-07-17;2026-07-23;2026-07-23;VENCIDO;=A1_PM1;ETO4;planned
413138020;47493028773;2026-07-22;2026-07-26;2026-07-26;EARLY;=A1_PM1;ETO4;planned
413138020;47493693333;2026-07-21;2026-07-27;2026-07-27;EARLY;=A1_PM1;ETO4;planned
413138020;47497038657;2026-07-19;2026-07-21;2026-07-21;VENCIDO;=A1_PM1;ETO4;planned
413138020;47497038675;2026-07-20;2026-07-22;2026-07-22;VENCIDO;=A1_PM1;ETO4;planned
413138020;47497306100;2026-07-20;2026-07-22;2026-07-22;VENCIDO;=A1_PM1;ETO4;planned
413138020;47499792439;2026-07-17;2026-07-23;2026-07-23;VENCIDO;=A1_PM1;ETO4;planned
413138020;47507387222;2026-07-23;2026-07-27;2026-07-27;EARLY;=A1_PM1;ETO4;planned
413138020;47509724224;2026-07-23;2026-07-27;2026-07-27;EARLY;=A1_PM1;ETO4;planned
413138020;47516718489;2026-07-18;;2026-07-18;VENCIDO;=A1_PM1;ETO4;planned
413138020;47517649883;2026-07-18;2026-07-20;2026-07-20;VENCIDO;=A1_PM1;ETO4;planned
413138020;47517727490;2026-07-21;2026-07-23;2026-07-23;VENCIDO;=A1_PM1;ETO4;planned
413138020;47518040122;2026-07-23;2026-07-24;2026-07-24;ON TIME;=A1_PM1;ETO4;planned
413138020;47518360039;2026-07-19;2026-07-21;2026-07-21;VENCIDO;=A1_PM1;ETO4;planned
413138020;47519979091;2026-07-22;2026-07-28;2026-07-28;EARLY;=A1_PM1;ETO4;planned
413138020;47520487207;2026-07-19;2026-07-21;2026-07-21;VENCIDO;=A1_PM1;ETO4;planned
413138020;47521229540;2026-07-22;2026-07-28;2026-07-28;EARLY;=A1_PM1;ETO4;planned
413138020;47521241313;2026-07-27;;2026-07-27;EARLY;=A1_PM1;ETO4;planned
413138020;47522826835;2026-07-22;2026-07-25;2026-07-25;EARLY;=A1_PM1;ETO4;planned
413138020;47523577759;2026-07-23;2026-07-27;2026-07-27;EARLY;=A1_PM1;ETO4;planned
413138020;47524399113;2026-07-27;2026-07-28;2026-07-28;EARLY;=A1_PM1;ETO4;planned
413138020;47524654967;2026-07-23;2026-07-27;2026-07-27;EARLY;=A1_PM1;ETO4;planned
413138020;47525060752;2026-07-27;2026-07-28;2026-07-28;EARLY;=A1_PM1;ETO4;planned
413138020;47525210335;2026-07-19;2026-07-21;2026-07-21;VENCIDO;=A1_PM1;ETO4;planned
413138020;47525839433;2026-07-23;2026-07-27;2026-07-27;EARLY;=A1_PM1;ETO4;planned
413138020;47526672869;2026-07-22;2026-07-27;2026-07-27;EARLY;=A1_PM1;ETO4;planned
413138020;47528716544;2026-07-25;2026-07-29;2026-07-29;EARLY;=A1_PM1;ETO4;planned
413138020;47529476672;2026-07-23;2026-07-29;2026-07-29;EARLY;=A1_PM1;ETO4;planned
413138020;47530019845;2026-07-27;2026-07-31;2026-07-31;EARLY;=A1_PM1;ETO4;planned
413138020;47530235393;2026-07-23;2026-07-27;2026-07-27;EARLY;=A1_PM1;ETO4;planned
413138020;47530494772;2026-07-22;2026-07-27;2026-07-27;EARLY;=A1_PM1;ETO4;planned
413138020;47533701046;2026-07-20;2026-07-22;2026-07-22;VENCIDO;=A1_PM1;ETO4;planned
413138020;47535038628;2026-07-22;2026-07-26;2026-07-26;EARLY;=A1_PM1;ETO4;planned
413138020;47535388609;2026-07-22;2026-07-28;2026-07-28;EARLY;=A1_PM1;ETO4;planned
413138020;47536738581;2026-07-22;2026-07-28;2026-07-28;EARLY;=A1_PM1;ETO4;planned
413138020;47536911359;2026-07-22;2026-07-28;2026-07-28;EARLY;=A1_PM1;ETO4;planned
413138020;47537138822;2026-07-22;2026-07-28;2026-07-28;EARLY;=A1_PM1;ETO4;planned
413138020;47537226503;2026-07-22;2026-07-26;2026-07-26;EARLY;=A1_PM1;ETO4;planned
413138020;47537722100;2026-07-23;2026-07-27;2026-07-27;EARLY;=A1_PM1;ETO4;planned
413138020;47538217287;2026-07-21;2026-07-23;2026-07-23;VENCIDO;=A1_PM1;ETO4;planned
413138020;47538530043;2026-07-27;;2026-07-27;EARLY;=A1_PM1;ETO4;planned
413138020;47538813835;2026-07-27;2026-07-31;2026-07-31;EARLY;=A1_PM1;ETO4;planned
413138020;47539550303;2026-07-23;2026-07-26;2026-07-26;EARLY;=A1_PM1;ETO4;planned
413138020;47540298898;2026-07-22;2026-07-26;2026-07-26;EARLY;=A1_PM1;ETO4;planned
413138020;47541670916;2026-07-27;;2026-07-27;EARLY;=A1_PM1;ETO4;planned
413138020;47542323428;2026-07-24;2026-07-26;2026-07-26;EARLY;=A1_PM1;ETO4;planned
413138020;47542709005;2026-07-24;2026-07-25;2026-07-25;EARLY;=A1_PM1;ETO4;planned
413138020;47543207641;2026-07-23;2026-07-27;2026-07-27;EARLY;=A1_PM1;ETO4;planned
413138020;47544257570;2026-07-21;2026-07-26;2026-07-26;EARLY;=A1_PM1;ETO4;planned
413138020;47544318247;2026-07-24;2026-07-26;2026-07-26;EARLY;=A1_PM1;ETO4;planned
413138020;47544374042;2026-07-23;2026-07-26;2026-07-26;EARLY;=A1_PM1;ETO4;planned
413138020;47545277130;2026-07-23;2026-07-27;2026-07-27;EARLY;=A1_PM1;ETO4;planned
413138020;47545303949;2026-07-23;2026-07-27;2026-07-27;EARLY;=A1_PM1;ETO4;planned
413138020;47545314614;2026-07-27;2026-07-28;2026-07-28;EARLY;=A1_PM1;ETO4;planned
413138020;47545558118;2026-07-23;2026-07-27;2026-07-27;EARLY;=A1_PM1;ETO4;planned
413138020;47545783786;2026-07-23;2026-07-25;2026-07-25;EARLY;=A1_PM1;ETO4;planned
413138020;47545802561;2026-07-22;2026-07-26;2026-07-26;EARLY;=A1_PM1;ETO4;planned
413138020;47546104292;2026-07-23;2026-07-27;2026-07-27;EARLY;=A1_PM1;ETO4;planned
413138020;47546134072;2026-07-27;2026-07-28;2026-07-28;EARLY;=A1_PM1;ETO4;planned
413138020;47546870990;2026-07-24;;2026-07-24;ON TIME;=A1_PM1;ETO4;planned
413138020;47547002722;2026-07-27;2026-07-28;2026-07-28;EARLY;=A1_PM1;ETO4;planned
413138020;47547113729;2026-07-27;2026-07-29;2026-07-29;EARLY;=A1_PM1;ETO4;planned
413138020;47547334443;2026-07-24;2026-07-26;2026-07-26;EARLY;=A1_PM1;ETO4;planned
413138020;47547424465;2026-07-27;2026-07-28;2026-07-28;EARLY;=A1_PM1;ETO4;planned
413138020;47547432779;2026-07-23;2026-07-25;2026-07-25;EARLY;=A1_PM1;ETO4;planned
413138020;47547450054;2026-07-24;2026-07-27;2026-07-27;EARLY;=A1_PM1;ETO4;planned
413138020;47547736410;2026-07-24;2026-07-26;2026-07-26;EARLY;=A1_PM1;ETO4;planned
413138020;47547839874;2026-07-26;2026-07-28;2026-07-28;EARLY;=A1_PM1;ETO4;planned
413138020;47547920464;2026-07-24;2026-07-26;2026-07-26;EARLY;=A1_PM1;ETO4;planned
413138020;47548329312;2026-07-23;2026-07-27;2026-07-27;EARLY;=A1_PM1;ETO4;planned
413138020;47548445618;2026-07-24;2026-07-26;2026-07-26;EARLY;=A1_PM1;ETO4;planned
413138020;47548657092;2026-07-23;2026-07-27;2026-07-27;EARLY;=A1_PM1;ETO4;planned
413138020;47548952897;2026-07-22;2026-07-26;2026-07-26;EARLY;=A1_PM1;ETO4;planned
413138020;47549194851;2026-07-24;2026-07-26;2026-07-26;EARLY;=A1_PM1;ETO4;planned
413138020;47549378432;2026-07-25;2026-07-27;2026-07-27;EARLY;=A1_PM1;ETO4;planned
413138020;47549449608;2026-07-22;2026-07-26;2026-07-26;EARLY;=A1_PM1;ETO4;planned
413138020;47549604841;2026-07-24;2026-07-26;2026-07-26;EARLY;=A1_PM1;ETO4;planned
413138020;47549784791;2026-07-22;;2026-07-22;VENCIDO;=A1_PM1;ETO4;planned
413138020;47549792608;2026-07-22;2026-07-26;2026-07-26;EARLY;=A1_PM1;ETO4;planned
413138020;47549880699;2026-07-24;2026-07-26;2026-07-26;EARLY;=A1_PM1;ETO4;planned
413138020;47550386278;2026-07-24;2026-07-26;2026-07-26;EARLY;=A1_PM1;ETO4;planned
413138020;47550488530;2026-07-27;2026-07-28;2026-07-28;EARLY;=A1_PM1;ETO4;planned
413138020;47550549062;2026-07-22;2026-07-26;2026-07-26;EARLY;=A1_PM1;ETO4;planned
413138020;47550602923;2026-07-22;2026-07-26;2026-07-26;EARLY;=A1_PM1;ETO4;planned
413138020;47550783952;2026-07-25;;2026-07-25;EARLY;=A1_PM1;ETO4;planned
413138020;47550972999;2026-07-24;2026-07-26;2026-07-26;EARLY;=A1_PM1;ETO4;planned
413138020;47551056574;2026-07-24;2026-07-26;2026-07-26;EARLY;=A1_PM1;ETO4;planned
413138020;47551099717;2026-07-22;2026-07-26;2026-07-26;EARLY;=A1_PM1;ETO4;planned
413138020;47551163747;2026-07-25;2026-07-27;2026-07-27;EARLY;=A1_PM1;ETO4;planned
413138020;47551474944;2026-07-24;2026-07-26;2026-07-26;EARLY;=A1_PM1;ETO4;planned
413138020;47552461767;2026-07-22;2026-07-26;2026-07-26;EARLY;=A1_PM1;ETO4;planned
413138020;47552469042;2026-07-27;;2026-07-27;EARLY;=A1_PM1;ETO4;planned
413138020;47552500899;2026-07-24;2026-07-26;2026-07-26;EARLY;=A1_PM1;ETO4;planned
413138020;47552526847;2026-07-24;2026-07-26;2026-07-26;EARLY;=A1_PM1;ETO4;planned
413138020;47552565389;2026-07-27;2026-07-28;2026-07-28;EARLY;=A1_PM1;ETO4;planned
413138020;47552607093;;;;;=A1_PM1;ETO4;planned
413138020;47552680173;2026-07-24;;2026-07-24;ON TIME;=A1_PM1;ETO4;planned
413138020;47552831137;2026-07-24;2026-07-26;2026-07-26;EARLY;=A1_PM1;ETO4;planned
413138020;47552857216;2026-07-27;;2026-07-27;EARLY;=A1_PM1;ETO4;planned
413138020;47552994592;2026-07-24;2026-07-26;2026-07-26;EARLY;=A1_PM1;ETO4;planned
413138020;47553009449;2026-07-24;2026-07-26;2026-07-26;EARLY;=A1_PM1;ETO4;planned
413138020;47553048575;2026-07-24;2026-07-26;2026-07-26;EARLY;=A1_PM1;ETO4;planned
413138020;47553049001;2026-07-24;2026-07-26;2026-07-26;EARLY;=A1_PM1;ETO4;planned
413138020;47553066795;2026-07-24;;2026-07-24;ON TIME;=A1_PM1;ETO4;planned
413138020;47553143900;2026-07-24;2026-07-26;2026-07-26;EARLY;=A1_PM1;ETO4;planned
413138020;47553233564;2026-07-27;2026-07-28;2026-07-28;EARLY;=A1_PM1;ETO4;planned
413138020;47553316763;2026-07-23;2026-07-27;2026-07-27;EARLY;=A1_PM1;ETO4;planned
413138020;47553556155;2026-07-26;2026-07-28;2026-07-28;EARLY;=A1_PM1;ETO4;planned
413138020;47553715539;2026-07-27;;2026-07-27;EARLY;=A1_PM1;ETO4;planned
413138020;47554090633;2026-07-25;2026-07-29;2026-07-29;EARLY;=A1_PM1;ETO4;planned
413138020;47554343814;2026-07-23;2026-07-25;2026-07-25;EARLY;=A1_PM1;ETO4;planned
413138020;47554391388;2026-07-25;;2026-07-25;EARLY;=A1_PM1;ETO4;planned
413138020;47554425670;2026-07-25;2026-07-27;2026-07-27;EARLY;=A1_PM1;ETO4;planned
413138020;47554719443;2026-07-25;2026-07-27;2026-07-27;EARLY;=A1_PM1;ETO4;planned
413138020;47554730790;2026-07-24;2026-07-26;2026-07-26;EARLY;=A1_PM1;ETO4;planned
413138020;47554753501;2026-07-25;2026-07-27;2026-07-27;EARLY;=A1_PM1;ETO4;planned
413138020;47555051901;2026-07-25;2026-07-27;2026-07-27;EARLY;=A1_PM1;ETO4;planned
413138020;47555304674;2026-07-25;2026-07-27;2026-07-27;EARLY;=A1_PM1;ETO4;planned
413138020;47555784253;2026-07-26;2026-07-30;2026-07-30;EARLY;=A1_PM1;ETO4;planned
413138020;47555925882;2026-07-27;;2026-07-27;EARLY;=A1_PM1;ETO4;planned
413138020;47556092801;2026-07-24;2026-07-26;2026-07-26;EARLY;=A1_PM1;ETO4;planned
413138020;47556283507;2026-07-23;2026-07-25;2026-07-25;EARLY;=A1_PM1;ETO4;planned
413138020;47556312433;2026-07-26;2026-07-30;2026-07-30;EARLY;=A1_PM1;ETO4;planned
413138020;47556436459;2026-07-25;;2026-07-25;EARLY;=A1_PM1;ETO4;planned
413138020;47556532398;2026-07-27;;2026-07-27;EARLY;=A1_PM1;ETO4;planned
413138020;47556570687;2026-07-25;2026-07-27;2026-07-27;EARLY;=A1_PM1;ETO4;planned
413138020;47556702755;2026-07-27;;2026-07-27;EARLY;=A1_PM1;ETO4;planned
413138020;47556717991;2026-07-25;;2026-07-25;EARLY;=A1_PM1;ETO4;planned
413138020;47556790549;2026-07-25;2026-07-27;2026-07-27;EARLY;=A1_PM1;ETO4;planned
413138020;47556935628;2026-07-25;;2026-07-25;EARLY;=A1_PM1;ETO4;planned
413138020;47557055496;2026-07-26;2026-07-30;2026-07-30;EARLY;=A1_PM1;ETO4;planned
413138020;47557297705;2026-07-27;;2026-07-27;EARLY;=A1_PM1;ETO4;planned
413138020;47557517238;2026-07-27;2026-07-28;2026-07-28;EARLY;=A1_PM1;ETO4;planned
413138020;47557772088;2026-07-27;;2026-07-27;EARLY;=A1_PM1;ETO4;planned
413138020;47558091247;2026-07-27;;2026-07-27;EARLY;=A1_PM1;ETO4;planned
413138020;47558388197;;;;;=A1_PM1;ETO4;planned
413138020;47558442671;2026-07-27;;2026-07-27;EARLY;=A1_PM1;ETO4;planned
413138020;47558487597;2026-07-27;2026-07-28;2026-07-28;EARLY;=A1_PM1;ETO4;planned
413138020;47558525922;2026-07-27;2026-07-28;2026-07-28;EARLY;=A1_PM1;ETO4;planned
413138020;47558641428;;;;;=A1_PM1;ETO4;planned
413138020;47558758117;2026-07-27;;2026-07-27;EARLY;=A1_PM1;ETO4;planned
413138020;47558776482;2026-07-25;2026-07-26;2026-07-26;EARLY;=A1_PM1;ETO4;planned
413138020;47558859851;2026-07-25;;2026-07-25;EARLY;=A1_PM1;ETO4;planned
413138020;47559894299;2026-07-24;2026-07-26;2026-07-26;EARLY;=A1_PM1;ETO4;planned
413138020;47560797735;2026-07-24;2026-07-26;2026-07-26;EARLY;=A1_PM1;ETO4;planned
413138020;47560948400;2026-07-23;2026-07-25;2026-07-25;EARLY;=A1_PM1;ETO4;planned
413138020;47561010500;2026-07-27;2026-07-28;2026-07-28;EARLY;=A1_PM1;ETO4;planned
413138020;47561018005;2026-07-27;;2026-07-27;EARLY;=A1_PM1;ETO4;planned
413138020;47561070830;2026-07-26;2026-07-28;2026-07-28;EARLY;=A1_PM1;ETO4;planned
413138020;47561502792;2026-07-28;2026-07-30;2026-07-30;EARLY;=A1_PM1;ETO4;planned
413138020;47561522411;2026-07-24;2026-07-28;2026-07-28;EARLY;=A1_PM1;ETO4;planned
413138020;47561577245;2026-07-24;;2026-07-24;ON TIME;=A1_PM1;ETO4;planned
413138020;47561829202;2026-07-24;2026-07-26;2026-07-26;EARLY;=A1_PM1;ETO4;planned
413138020;47561907985;2026-07-25;2026-07-27;2026-07-27;EARLY;=A1_PM1;ETO4;planned
413138020;47562093205;2026-07-27;2026-07-28;2026-07-28;EARLY;=A1_PM1;ETO4;planned
413138020;47562098856;2026-07-24;;2026-07-24;ON TIME;=A1_PM1;ETO4;planned
413138020;47562821314;2026-07-25;2026-07-27;2026-07-27;EARLY;=A1_PM1;ETO4;planned
413138020;47562953669;2026-07-27;2026-07-28;2026-07-28;EARLY;=A1_PM1;ETO4;planned
413138020;47563028670;2026-07-25;2026-07-27;2026-07-27;EARLY;=A1_PM1;ETO4;planned
413138020;47563152838;2026-07-24;2026-07-26;2026-07-26;EARLY;=A1_PM1;ETO4;planned
413138020;47564448088;2026-07-27;;2026-07-27;EARLY;=A1_PM1;ETO4;planned
413138020;47564449600;2026-07-24;2026-07-25;2026-07-25;EARLY;=A1_PM1;ETO4;planned
413138020;47564449886;2026-07-25;2026-07-27;2026-07-27;EARLY;=A1_PM1;ETO4;planned
413138020;47564608518;2026-07-25;2026-07-27;2026-07-27;EARLY;=A1_PM1;ETO4;planned
413138020;47564945975;2026-07-24;2026-07-26;2026-07-26;EARLY;=A1_PM1;ETO4;planned
413138020;47565390688;2026-07-25;2026-07-27;2026-07-27;EARLY;=A1_PM1;ETO4;planned
413138020;47565415224;2026-07-27;;2026-07-27;EARLY;=A1_PM1;ETO4;planned
413138020;47565541402;2026-07-25;;2026-07-25;EARLY;=A1_PM1;ETO4;planned
413138020;47565690015;2026-07-25;;2026-07-25;EARLY;=A1_PM1;ETO4;planned
413138020;47565705783;2026-07-24;2026-07-25;2026-07-25;EARLY;=A1_PM1;ETO4;planned
413138020;47565800405;2026-07-27;2026-07-28;2026-07-28;EARLY;=A1_PM1;ETO4;planned
413138020;47565806606;2026-07-27;;2026-07-27;EARLY;=A1_PM1;ETO4;planned
413138020;47565918234;2026-07-27;;2026-07-27;EARLY;=A1_PM1;ETO4;planned
413138020;47565960422;2026-07-27;;2026-07-27;EARLY;=A1_PM1;ETO4;planned
413138020;47566279920;2026-07-27;;2026-07-27;EARLY;=A1_PM1;ETO4;planned
413138020;47566439540;2026-07-27;;2026-07-27;EARLY;=A1_PM1;ETO4;planned
413138020;47566831517;2026-07-25;2026-07-27;2026-07-27;EARLY;=A1_PM1;ETO4;planned
413138020;47567029615;2026-07-27;;2026-07-27;EARLY;=A1_PM1;ETO4;planned
413138020;47567100002;2026-07-26;2026-07-27;2026-07-27;EARLY;=A1_PM1;ETO4;planned
413138020;47567139290;2026-07-24;2026-07-25;2026-07-25;EARLY;=A1_PM1;ETO4;planned
413138020;47567309004;2026-07-24;2026-07-25;2026-07-25;EARLY;=A1_PM1;ETO4;planned
413138020;47567373505;2026-07-25;;2026-07-25;EARLY;=A1_PM1;ETO4;planned
413138020;47567521793;2026-07-25;;2026-07-25;EARLY;=A1_PM1;ETO4;planned
413138020;47568163231;2026-07-27;;2026-07-27;EARLY;=A1_PM1;ETO4;planned
413138020;47568236730;2026-07-24;2026-07-26;2026-07-26;EARLY;=A1_PM1;ETO4;planned
413138020;47568236750;2026-07-24;2026-07-25;2026-07-25;EARLY;=A1_PM1;ETO4;planned
413138020;47568236860;2026-07-25;;2026-07-25;EARLY;=A1_PM1;ETO4;planned
413138020;47568236900;2026-07-24;2026-07-26;2026-07-26;EARLY;=A1_PM1;ETO4;planned
413138020;47568572093;2026-07-27;;2026-07-27;EARLY;=A1_PM1;ETO4;planned
413138020;47568938890;2026-07-27;;2026-07-27;EARLY;=A1_PM1;ETO4;planned
413138020;47569095743;2026-07-25;;2026-07-25;EARLY;=A1_PM1;ETO4;planned
413138020;47569097774;2026-07-27;;2026-07-27;EARLY;=A1_PM1;ETO4;planned
413138020;47569457470;2026-07-25;;2026-07-25;EARLY;=A1_PM1;ETO4;planned
413138020;47569673711;2026-07-27;2026-07-28;2026-07-28;EARLY;=A1_PM1;ETO4;planned
413138020;47569727596;2026-07-27;;2026-07-27;EARLY;=A1_PM1;ETO4;planned
413138020;47569778957;2026-07-25;;2026-07-25;EARLY;=A1_PM1;ETO4;planned
413138020;47569802922;2026-07-27;;2026-07-27;EARLY;=A1_PM1;ETO4;planned
413138020;47569864090;2026-07-24;2026-07-25;2026-07-25;EARLY;=A1_PM1;ETO4;planned
413138020;47570021589;2026-07-27;;2026-07-27;EARLY;=A1_PM1;ETO4;planned
413138020;47570202924;2026-07-27;;2026-07-27;EARLY;=A1_PM1;ETO4;planned
413138020;47570560268;2026-07-25;2026-07-27;2026-07-27;EARLY;=A1_PM1;ETO4;planned
413138020;47570765733;2026-07-27;;2026-07-27;EARLY;=A1_PM1;ETO4;planned
413138020;47571069002;2026-07-24;2026-07-25;2026-07-25;EARLY;=A1_PM1;ETO4;planned
413138020;47571743904;2026-07-27;;2026-07-27;EARLY;=A1_PM1;ETO4;planned
413138020;47571802905;2026-07-27;2026-07-28;2026-07-28;EARLY;=A1_PM1;ETO4;planned
413138020;47572121989;2026-07-25;;2026-07-25;EARLY;=A1_PM1;ETO4;planned
413138020;47572149201;2026-07-27;2026-07-28;2026-07-28;EARLY;=A1_PM1;ETO4;planned
413138020;47572235233;2026-07-27;;2026-07-27;EARLY;=A1_PM1;ETO4;planned
413138020;47572322402;2026-07-27;2026-07-28;2026-07-28;EARLY;=A1_PM1;ETO4;planned
413138020;47572327041;2026-07-25;;2026-07-25;EARLY;=A1_PM1;ETO4;planned
413138020;47572372622;2026-07-25;;2026-07-25;EARLY;=A1_PM1;ETO4;planned
413138020;47572412479;2026-07-25;2026-07-27;2026-07-27;EARLY;=A1_PM1;ETO4;planned
413138020;47572445717;2026-07-25;2026-07-27;2026-07-27;EARLY;=A1_PM1;ETO4;planned
413138020;47572613944;2026-07-27;;2026-07-27;EARLY;=A1_PM1;ETO4;planned
413138020;47572637433;2026-07-27;;2026-07-27;EARLY;=A1_PM1;ETO4;planned
413138020;47572744962;2026-07-25;;2026-07-25;EARLY;=A1_PM1;ETO4;planned
413138020;47572777436;2026-07-25;2026-07-27;2026-07-27;EARLY;=A1_PM1;ETO4;planned
413138020;47572850204;2026-07-25;2026-07-27;2026-07-27;EARLY;=A1_PM1;ETO4;planned
413138020;47572891299;2026-07-25;;2026-07-25;EARLY;=A1_PM1;ETO4;planned
413138020;47573093429;2026-07-28;2026-07-30;2026-07-30;EARLY;=A1_PM1;ETO4;planned
413138020;47573145741;2026-07-27;;2026-07-27;EARLY;=A1_PM1;ETO4;planned
413138020;47573300178;2026-07-25;;2026-07-25;EARLY;=A1_PM1;ETO4;planned
413138020;47573532940;2026-07-27;2026-07-28;2026-07-28;EARLY;=A1_PM1;ETO4;planned
413138020;47573532962;2026-07-27;;2026-07-27;EARLY;=A1_PM1;ETO4;planned
413138020;47573654654;2026-07-30;2026-08-01;2026-08-01;EARLY;=A1_PM1;ETO4;planned
413138020;47573683893;2026-07-27;2026-07-28;2026-07-28;EARLY;=A1_PM1;ETO4;planned
413138020;47573710684;2026-07-27;;2026-07-27;EARLY;=A1_PM1;ETO4;planned
413138020;47573781757;2026-07-25;;2026-07-25;EARLY;=A1_PM1;ETO4;planned
413138020;47573901295;2026-07-27;;2026-07-27;EARLY;=A1_PM1;ETO4;planned
413138020;47573955102;2026-07-25;2026-07-27;2026-07-27;EARLY;=A1_PM1;ETO4;planned
413138020;47574043657;2026-07-27;;2026-07-27;EARLY;=A1_PM1;ETO4;planned
413138020;47574057480;2026-07-25;;2026-07-25;EARLY;=A1_PM1;ETO4;planned
413138020;47574107527;2026-07-25;2026-07-27;2026-07-27;EARLY;=A1_PM1;ETO4;planned
413138020;47574221040;2026-07-27;;2026-07-27;EARLY;=A1_PM1;ETO4;planned
413138020;47574344958;2026-07-25;;2026-07-25;EARLY;=A1_PM1;ETO4;planned
413138020;47574357446;2026-07-25;;2026-07-25;EARLY;=A1_PM1;ETO4;planned
413138020;47574425133;2026-07-27;;2026-07-27;EARLY;=A1_PM1;ETO4;planned
413138020;47574533690;2026-07-27;2026-07-28;2026-07-28;EARLY;=A1_PM1;ETO4;planned
413138020;47574877246;2026-07-27;;2026-07-27;EARLY;=A1_PM1;ETO4;planned
413138020;47574894295;2026-07-27;2026-07-29;2026-07-29;EARLY;=A1_PM1;ETO4;planned
413138020;47575011726;2026-07-25;;2026-07-25;EARLY;=A1_PM1;ETO4;planned
413138020;47575118593;2026-07-25;2026-07-29;2026-07-29;EARLY;=A1_PM1;ETO4;planned
413138020;47575126756;2026-07-27;2026-07-28;2026-07-28;EARLY;=A1_PM1;ETO4;planned
413138020;47575262577;2026-07-25;2026-07-29;2026-07-29;EARLY;=A1_PM1;ETO4;planned
413138020;47575287437;2026-07-25;2026-07-29;2026-07-29;EARLY;=A1_PM1;ETO4;planned
413138020;47575522317;2026-07-27;;2026-07-27;EARLY;=A1_PM1;ETO4;planned
413138020;47575541247;2026-07-25;2026-07-27;2026-07-27;EARLY;=A1_PM1;ETO4;planned
413138020;47575613968;2026-07-25;2026-07-27;2026-07-27;EARLY;=A1_PM1;ETO4;planned
413138020;47575699402;2026-07-25;2026-07-27;2026-07-27;EARLY;=A1_PM1;ETO4;planned
413138020;47575853780;2026-07-26;2026-07-28;2026-07-28;EARLY;=A1_PM1;ETO4;planned
413138020;47575969695;2026-07-25;;2026-07-25;EARLY;=A1_PM1;ETO4;planned
413138020;47576114068;2026-07-25;;2026-07-25;EARLY;=A1_PM1;ETO4;planned
413138020;47576570506;2026-07-27;;2026-07-27;EARLY;=A1_PM1;ETO4;planned
413138020;47576972177;2026-07-27;;2026-07-27;EARLY;=A1_PM1;ETO4;planned
413138020;47577766042;2026-07-25;;2026-07-25;EARLY;=A1_PM1;ETO4;planned
413138020;47577884232;2026-07-25;;2026-07-25;EARLY;=A1_PM1;ETO4;planned
413138020;47578364837;2026-07-27;;2026-07-27;EARLY;=A1_PM1;ETO4;planned
413138020;47578370933;2026-07-25;;2026-07-25;EARLY;=A1_PM1;ETO4;planned
413138020;47578724403;2026-07-25;;2026-07-25;EARLY;=A1_PM1;ETO4;planned
413138020;47578828347;2026-07-27;;2026-07-27;EARLY;=A1_PM1;ETO4;planned
413138020;47578837586;2026-07-27;;2026-07-27;EARLY;=A1_PM1;ETO4;planned
413138020;47578911407;2026-07-27;;2026-07-27;EARLY;=A1_PM1;ETO4;planned
413138020;47578917116;2026-07-25;;2026-07-25;EARLY;=A1_PM1;ETO4;planned
413138020;47578938652;2026-07-25;;2026-07-25;EARLY;=A1_PM1;ETO4;planned
413138020;47579041976;2026-07-27;;2026-07-27;EARLY;=A1_PM1;ETO4;planned
413138020;47579077850;2026-07-27;;2026-07-27;EARLY;=A1_PM1;ETO4;planned
413138020;47579163250;2026-07-25;;2026-07-25;EARLY;=A1_PM1;ETO4;planned
413138020;47579175211;2026-07-25;;2026-07-25;EARLY;=A1_PM1;ETO4;planned
413138020;47579752744;2026-07-27;;2026-07-27;EARLY;=A1_PM1;ETO4;planned
413138020;47580288053;2026-07-27;;2026-07-27;EARLY;=A1_PM1;ETO4;planned
413138020;47580699321;2026-07-27;;2026-07-27;EARLY;=A1_PM1;ETO4;planned
413138020;47580783802;2026-07-25;;2026-07-25;EARLY;=A1_PM1;ETO4;planned
413138020;47580783812;2026-07-25;;2026-07-25;EARLY;=A1_PM1;ETO4;planned
413163710;47448671297;2026-07-09;2026-07-11;2026-07-11;VENCIDO;=I8_PM1;EPA4;planned
413163710;47471632087;2026-07-18;2026-07-24;2026-07-24;ON TIME;=I8_PM1;EPA4;planned
413163710;47485575857;2026-07-15;2026-07-17;2026-07-17;VENCIDO;=I8_PM1;EPA4;planned
413163710;47504653987;2026-07-19;2026-07-25;2026-07-25;EARLY;=I8_PM1;EPA4;planned
413163710;47513094688;2026-07-22;2026-07-26;2026-07-26;EARLY;=I8_PM1;EPA4;planned
413163710;47516244090;2026-07-22;2026-07-26;2026-07-26;EARLY;=I8_PM1;EPA4;planned
413163710;47523186836;2026-07-23;2026-07-24;2026-07-24;ON TIME;=I8_PM1;EPA4;planned
413163710;47525650843;2026-07-20;2026-07-26;2026-07-26;EARLY;=I8_PM1;EPA4;planned
413163710;47526499384;2026-07-22;2026-07-26;2026-07-26;EARLY;=I8_PM1;EPA4;planned
413163710;47527786352;2026-07-21;2026-07-26;2026-07-26;EARLY;=I8_PM1;EPA4;planned
413163710;47528661653;2026-07-24;2026-07-28;2026-07-28;EARLY;=I8_PM1;EPA4;planned
413163710;47529789950;2026-07-22;2026-07-26;2026-07-26;EARLY;=I8_PM1;EPA4;planned
413163710;47530265591;2026-07-21;2026-07-26;2026-07-26;EARLY;=I8_PM1;EPA4;planned
413163710;47530737627;2026-07-21;2026-07-27;2026-07-27;EARLY;=I8_PM1;EPA4;planned
413163710;47531779021;2026-07-20;2026-07-26;2026-07-26;EARLY;=I8_PM1;EPA4;planned
413163710;47533529073;2026-07-22;2026-07-26;2026-07-26;EARLY;=I8_PM1;EPA4;planned
413163710;47534087437;2026-07-22;2026-07-26;2026-07-26;EARLY;=I8_PM1;EPA4;planned
413163710;47535429253;2026-07-24;2026-07-25;2026-07-25;EARLY;=I8_PM1;EPA4;planned
413163710;47535524901;2026-07-22;2026-07-26;2026-07-26;EARLY;=I8_PM1;EPA4;planned
413163710;47539113765;2026-07-22;2026-07-26;2026-07-26;EARLY;=I8_PM1;EPA4;planned
413163710;47539349876;2026-07-22;2026-07-26;2026-07-26;EARLY;=I8_PM1;EPA4;planned
413163710;47539353392;2026-07-22;2026-07-26;2026-07-26;EARLY;=I8_PM1;EPA4;planned
413163710;47539678193;2026-07-22;2026-07-26;2026-07-26;EARLY;=I8_PM1;EPA4;planned
413163710;47539998492;2026-07-22;2026-07-26;2026-07-26;EARLY;=I8_PM1;EPA4;planned
413163710;47540358908;2026-07-23;2026-07-25;2026-07-25;EARLY;=I8_PM1;EPA4;planned
413163710;47540414614;2026-07-22;2026-07-26;2026-07-26;EARLY;=I8_PM1;EPA4;planned
413163710;47540721755;2026-07-23;2026-07-25;2026-07-25;EARLY;=I8_PM1;EPA4;planned
413163710;47541578298;2026-07-23;2026-07-26;2026-07-26;EARLY;=I8_PM1;EPA4;planned
413163710;47541790484;2026-07-23;2026-07-26;2026-07-26;EARLY;=I8_PM1;EPA4;planned
413163710;47541876567;2026-07-24;2026-07-25;2026-07-25;EARLY;=I8_PM1;EPA4;planned
413163710;47542502556;2026-07-23;2026-07-26;2026-07-26;EARLY;=I8_PM1;EPA4;planned
413163710;47543120624;2026-07-22;2026-07-26;2026-07-26;EARLY;=I8_PM1;EPA4;planned
413163710;47543203161;2026-07-23;2026-07-26;2026-07-26;EARLY;=I8_PM1;EPA4;planned
413163710;47543228830;2026-07-22;2026-07-26;2026-07-26;EARLY;=I8_PM1;EPA4;planned
413163710;47544511094;2026-07-22;2026-07-26;2026-07-26;EARLY;=I8_PM1;EPA4;planned
413163710;47545336800;2026-07-22;2026-07-26;2026-07-26;EARLY;=I8_PM1;EPA4;planned
413163710;47545434057;2026-07-23;2026-07-26;2026-07-26;EARLY;=I8_PM1;EPA4;planned
413163710;47545831242;2026-07-23;;2026-07-23;VENCIDO;=I8_PM1;EPA4;planned
413163710;47546416848;2026-07-23;2026-07-26;2026-07-26;EARLY;=I8_PM1;EPA4;planned
413163710;47547394286;2026-07-24;2026-07-28;2026-07-28;EARLY;=I8_PM1;EPA4;planned
413163710;47547762077;2026-07-23;2026-07-26;2026-07-26;EARLY;=I8_PM1;EPA4;planned
413163710;47548055809;2026-07-23;2026-07-25;2026-07-25;EARLY;=I8_PM1;EPA4;planned
413163710;47548175371;2026-07-23;2026-07-26;2026-07-26;EARLY;=I8_PM1;EPA4;planned
413163710;47549641121;2026-07-24;2026-07-26;2026-07-26;EARLY;=I8_PM1;EPA4;planned
413163710;47550240665;2026-07-23;2026-07-25;2026-07-25;EARLY;=I8_PM1;EPA4;planned
413163710;47550988510;2026-07-23;2026-07-25;2026-07-25;EARLY;=I8_PM1;EPA4;planned
413163710;47552136101;2026-07-23;2026-07-26;2026-07-26;EARLY;=I8_PM1;EPA4;planned
413163710;47552404643;2026-07-24;;2026-07-24;ON TIME;=I8_PM1;EPA4;planned
413163710;47552657124;2026-07-24;;2026-07-24;ON TIME;=I8_PM1;EPA4;planned
413163710;47552701050;2026-07-23;2026-07-25;2026-07-25;EARLY;=I8_PM1;EPA4;planned
413163710;47553124139;2026-07-23;2026-07-26;2026-07-26;EARLY;=I8_PM1;EPA4;planned
413163710;47553162395;2026-07-24;2026-07-25;2026-07-25;EARLY;=I8_PM1;EPA4;planned
413163710;47553455605;2026-07-23;2026-07-26;2026-07-26;EARLY;=I8_PM1;EPA4;planned
413163710;47553479744;2026-07-23;2026-07-26;2026-07-26;EARLY;=I8_PM1;EPA4;planned
413163710;47553681198;2026-07-23;2026-07-26;2026-07-26;EARLY;=I8_PM1;EPA4;planned
413163710;47553824388;2026-07-24;2026-07-28;2026-07-28;EARLY;=I8_PM1;EPA4;planned
413163710;47553851612;2026-07-24;2026-07-25;2026-07-25;EARLY;=I8_PM1;EPA4;planned
413163710;47554278643;2026-07-23;2026-07-26;2026-07-26;EARLY;=I8_PM1;EPA4;planned
413163710;47554323768;2026-07-23;2026-07-26;2026-07-26;EARLY;=I8_PM1;EPA4;planned
413163710;47556174453;2026-07-24;;2026-07-24;ON TIME;=I8_PM1;EPA4;planned
413163710;47556777954;2026-07-23;2026-07-26;2026-07-26;EARLY;=I8_PM1;EPA4;planned
413163710;47557428389;2026-07-24;2026-07-25;2026-07-25;EARLY;=I8_PM1;EPA4;planned
413163710;47557464458;2026-07-24;2026-07-25;2026-07-25;EARLY;=I8_PM1;EPA4;planned
413163710;47557681606;2026-07-24;2026-07-25;2026-07-25;EARLY;=I8_PM1;EPA4;planned
413163710;47557997217;2026-07-23;2026-07-26;2026-07-26;EARLY;=I8_PM1;EPA4;planned
413163710;47558296937;2026-07-23;2026-07-24;2026-07-24;ON TIME;=I8_PM1;EPA4;planned
413163710;47558928678;2026-07-24;2026-07-25;2026-07-25;EARLY;=I8_PM1;EPA4;planned
413163710;47560711549;2026-07-24;2026-07-25;2026-07-25;EARLY;=I8_PM1;EPA4;planned
413163710;47566091067;2026-07-23;2026-07-25;2026-07-25;EARLY;=I8_PM1;EPA4;planned
413163710;47566553823;2026-07-23;2026-07-24;2026-07-24;ON TIME;=I8_PM1;EPA4;planned
413163710;47566647113;2026-07-24;2026-07-25;2026-07-25;EARLY;=I8_PM1;EPA4;planned
413163710;47566682830;2026-07-23;2026-07-25;2026-07-25;EARLY;=I8_PM1;EPA4;planned
413163710;47567003779;2026-07-23;2026-07-24;2026-07-24;ON TIME;=I8_PM1;EPA4;planned
413163710;47567394035;2026-07-23;2026-07-24;2026-07-24;ON TIME;=I8_PM1;EPA4;planned
413163710;47567555408;2026-07-24;2026-07-25;2026-07-25;EARLY;=I8_PM1;EPA4;planned
413163710;47567555432;2026-07-23;2026-07-24;2026-07-24;ON TIME;=I8_PM1;EPA4;planned
413163710;47569502418;2026-07-24;;2026-07-24;ON TIME;=I8_PM1;EPA4;planned
413163710;47569896341;2026-07-23;2026-07-24;2026-07-24;ON TIME;=I8_PM1;EPA4;planned
413163710;47570620283;2026-07-23;2026-07-24;2026-07-24;ON TIME;=I8_PM1;EPA4;planned
413163710;47571984235;2026-07-24;;2026-07-24;ON TIME;=I8_PM1;EPA4;planned
413163710;47571984243;2026-07-24;;2026-07-24;ON TIME;=I8_PM1;EPA4;planned
413163710;47572192891;2026-07-24;;2026-07-24;ON TIME;=I8_PM1;EPA4;planned
413163710;47572668798;2026-07-23;2026-07-25;2026-07-25;EARLY;=I8_PM1;EPA4;planned
413163710;47572830383;2026-07-23;2026-07-25;2026-07-25;EARLY;=I8_PM1;EPA4;planned
413163710;47573253830;2026-07-23;2026-07-25;2026-07-25;EARLY;=I8_PM1;EPA4;planned
413163710;47573631512;2026-07-24;;2026-07-24;ON TIME;=I8_PM1;EPA4;planned
413163710;47573774840;2026-07-24;;2026-07-24;ON TIME;=I8_PM1;EPA4;planned
413163710;47574037188;2026-07-23;2026-07-25;2026-07-25;EARLY;=I8_PM1;EPA4;planned
413163710;47575152953;2026-07-24;2026-07-28;2026-07-28;EARLY;=I8_PM1;EPA4;planned
413163710;47575437562;2026-07-24;2026-07-28;2026-07-28;EARLY;=I8_PM1;EPA4;planned
413163710;47575557724;2026-07-24;2026-07-28;2026-07-28;EARLY;=I8_PM1;EPA4;planned
413163710;47578180352;2026-07-24;;2026-07-24;ON TIME;=I8_PM1;EPA4;planned
413163710;47578180426;2026-07-24;;2026-07-24;ON TIME;=I8_PM1;EPA4;planned
413163710;47578374875;2026-07-24;;2026-07-24;ON TIME;=I8_PM1;EPA4;planned
413163710;47579666678;2026-07-24;;2026-07-24;ON TIME;=I8_PM1;EPA4;planned
413177745;47450814732;2026-07-23;2026-07-26;2026-07-26;EARLY;=C1_PM1;EPA7;planned
413177745;47485892536;2026-07-23;2026-07-29;2026-07-29;EARLY;=C1_PM1;EPA7;planned
413177745;47494529687;2026-07-21;2026-07-27;2026-07-27;EARLY;=C1_PM1;EPA7;planned
413177745;47503710128;2026-07-22;2026-07-26;2026-07-26;EARLY;=C1_PM1;EPA7;planned
413177745;47504047640;2026-07-22;2026-07-26;2026-07-26;EARLY;=C1_PM1;EPA7;planned
413177745;47511172221;2026-07-23;2026-07-27;2026-07-27;EARLY;=C1_PM1;EPA7;planned
413177745;47513311952;2026-07-23;2026-07-27;2026-07-27;EARLY;=C1_PM1;EPA7;planned
413177745;47517066183;2026-07-23;2026-07-27;2026-07-27;EARLY;=C1_PM1;EPA7;planned
413177745;47517433989;2026-07-23;2026-07-27;2026-07-27;EARLY;=C1_PM1;EPA7;planned
413177745;47520078262;2026-07-22;2026-07-28;2026-07-28;EARLY;=C1_PM1;EPA7;planned
413177745;47520336712;2026-07-22;2026-07-28;2026-07-28;EARLY;=C1_PM1;EPA7;planned
413177745;47520384062;2026-07-24;2026-07-30;2026-07-30;EARLY;=C1_PM1;EPA7;planned
413177745;47520451903;2026-07-21;2026-07-22;2026-07-22;VENCIDO;=C1_PM1;EPA7;planned
413177745;47521135342;2026-07-23;2026-07-27;2026-07-27;EARLY;=C1_PM1;EPA7;planned
413177745;47522922765;2026-07-24;2026-07-25;2026-07-25;EARLY;=C1_PM1;EPA7;planned
413177745;47522989015;2026-07-21;2026-07-27;2026-07-27;EARLY;=C1_PM1;EPA7;planned
413177745;47524345124;2026-07-21;2026-07-27;2026-07-27;EARLY;=C1_PM1;EPA7;planned
413177745;47524630673;2026-07-23;2026-07-27;2026-07-27;EARLY;=C1_PM1;EPA7;planned
413177745;47525769599;2026-07-27;2026-07-30;2026-07-30;EARLY;=C1_PM1;EPA7;planned
413177745;47527184434;2026-07-23;2026-07-27;2026-07-27;EARLY;=C1_PM1;EPA7;planned
413177745;47528504091;2026-07-21;2026-07-25;2026-07-25;EARLY;=C1_PM1;EPA7;planned
413177745;47528606842;2026-07-23;2026-07-27;2026-07-27;EARLY;=C1_PM1;EPA7;planned
413177745;47529440029;2026-07-22;2026-07-26;2026-07-26;EARLY;=C1_PM1;EPA7;planned
413177745;47529502239;2026-08-03;2026-08-04;2026-08-04;EARLY;=C1_PM1;EPA7;planned
413177745;47529821594;2026-07-23;2026-07-27;2026-07-27;EARLY;=C1_PM1;EPA7;planned
413177745;47529890941;2026-07-26;2026-07-30;2026-07-30;EARLY;=C1_PM1;EPA7;planned
413177745;47530753281;2026-07-22;2026-07-26;2026-07-26;EARLY;=C1_PM1;EPA7;planned
413177745;47531616950;2026-07-23;2026-07-27;2026-07-27;EARLY;=C1_PM1;EPA7;planned
413177745;47532136199;2026-07-21;2026-07-27;2026-07-27;EARLY;=C1_PM1;EPA7;planned
413177745;47532658389;2026-07-22;2026-07-26;2026-07-26;EARLY;=C1_PM1;EPA7;planned
413177745;47534054030;2026-07-23;2026-07-27;2026-07-27;EARLY;=C1_PM1;EPA7;planned
413177745;47534642694;2026-07-23;2026-07-27;2026-07-27;EARLY;=C1_PM1;EPA7;planned
413177745;47535574261;2026-07-23;2026-07-27;2026-07-27;EARLY;=C1_PM1;EPA7;planned
413177745;47535869777;2026-07-22;2026-07-28;2026-07-28;EARLY;=C1_PM1;EPA7;planned
413177745;47536028009;2026-07-23;2026-07-28;2026-07-28;EARLY;=C1_PM1;EPA7;planned
413177745;47536188813;2026-07-23;2026-07-27;2026-07-27;EARLY;=C1_PM1;EPA7;planned
413177745;47536445134;2026-07-23;2026-07-27;2026-07-27;EARLY;=C1_PM1;EPA7;planned
413177745;47536655663;2026-07-19;2026-07-25;2026-07-25;EARLY;=C1_PM1;EPA7;planned
413177745;47538359919;2026-07-23;2026-07-27;2026-07-27;EARLY;=C1_PM1;EPA7;planned
413177745;47538954406;2026-07-22;2026-07-26;2026-07-26;EARLY;=C1_PM1;EPA7;planned
413177745;47539236570;2026-07-23;2026-07-27;2026-07-27;EARLY;=C1_PM1;EPA7;planned
413177745;47539914761;2026-07-23;2026-07-27;2026-07-27;EARLY;=C1_PM1;EPA7;planned
413177745;47542675752;2026-07-22;2026-07-26;2026-07-26;EARLY;=C1_PM1;EPA7;planned
413177745;47543017050;2026-07-22;2026-07-26;2026-07-26;EARLY;=C1_PM1;EPA7;planned
413177745;47543068050;2026-07-23;2026-07-27;2026-07-27;EARLY;=C1_PM1;EPA7;planned
413177745;47543156416;2026-07-23;2026-07-27;2026-07-27;EARLY;=C1_PM1;EPA7;planned
413177745;47543197631;2026-07-23;2026-07-24;2026-07-24;ON TIME;=C1_PM1;EPA7;planned
413177745;47543367147;2026-07-23;2026-07-24;2026-07-24;ON TIME;=C1_PM1;EPA7;planned
413177745;47543450713;2026-07-28;2026-08-01;2026-08-01;EARLY;=C1_PM1;EPA7;planned
413177745;47543561903;2026-07-22;2026-07-26;2026-07-26;EARLY;=C1_PM1;EPA7;planned
413177745;47543973841;2026-07-28;2026-08-02;2026-08-02;EARLY;=C1_PM1;EPA7;planned
413177745;47544896903;2026-07-23;2026-07-27;2026-07-27;EARLY;=C1_PM1;EPA7;planned
413177745;47545251312;2026-07-23;2026-07-27;2026-07-27;EARLY;=C1_PM1;EPA7;planned
413177745;47545459899;2026-07-23;2026-07-27;2026-07-27;EARLY;=C1_PM1;EPA7;planned
413177745;47545674812;2026-07-24;2026-07-26;2026-07-26;EARLY;=C1_PM1;EPA7;planned
413177745;47546101593;2026-07-24;2026-07-26;2026-07-26;EARLY;=C1_PM1;EPA7;planned
413177745;47546106025;2026-07-22;2026-07-26;2026-07-26;EARLY;=C1_PM1;EPA7;planned
413177745;47546409255;2026-07-27;;2026-07-27;EARLY;=C1_PM1;EPA7;planned
413177745;47546670620;2026-07-27;;2026-07-27;EARLY;=C1_PM1;EPA7;planned
413177745;47546769539;2026-07-23;2026-07-26;2026-07-26;EARLY;=C1_PM1;EPA7;planned
413177745;47547739390;2026-07-24;2026-07-26;2026-07-26;EARLY;=C1_PM1;EPA7;planned
413177745;47548325692;2026-07-24;2026-07-26;2026-07-26;EARLY;=C1_PM1;EPA7;planned
413177745;47548810392;2026-07-23;2026-07-27;2026-07-27;EARLY;=C1_PM1;EPA7;planned
413177745;47549129137;2026-07-24;;2026-07-24;ON TIME;=C1_PM1;EPA7;planned
413177745;47549233365;2026-07-25;2026-07-27;2026-07-27;EARLY;=C1_PM1;EPA7;planned
413177745;47549758816;2026-07-24;2026-07-26;2026-07-26;EARLY;=C1_PM1;EPA7;planned
413177745;47550490040;2026-07-26;2026-07-30;2026-07-30;EARLY;=C1_PM1;EPA7;planned
413177745;47550553474;2026-07-24;2026-07-25;2026-07-25;EARLY;=C1_PM1;EPA7;planned
413177745;47550762058;2026-07-24;2026-07-25;2026-07-25;EARLY;=C1_PM1;EPA7;planned
413177745;47551857398;2026-07-26;;2026-07-26;EARLY;=C1_PM1;EPA7;planned
413177745;47552367981;2026-07-26;2026-07-30;2026-07-30;EARLY;=C1_PM1;EPA7;planned
413177745;47552472920;2026-07-24;2026-07-26;2026-07-26;EARLY;=C1_PM1;EPA7;planned
413177745;47552886287;2026-07-22;2026-07-26;2026-07-26;EARLY;=C1_PM1;EPA7;planned
413177745;47552896816;2026-07-25;2026-07-29;2026-07-29;EARLY;=C1_PM1;EPA7;planned
413177745;47553040269;2026-07-26;2026-07-30;2026-07-30;EARLY;=C1_PM1;EPA7;planned
413177745;47553167850;2026-07-26;2026-07-30;2026-07-30;EARLY;=C1_PM1;EPA7;planned
413177745;47553359686;2026-07-24;2026-07-26;2026-07-26;EARLY;=C1_PM1;EPA7;planned
413177745;47553611185;2026-07-22;2026-07-26;2026-07-26;EARLY;=C1_PM1;EPA7;planned
413177745;47553715453;2026-07-23;2026-07-27;2026-07-27;EARLY;=C1_PM1;EPA7;planned
413177745;47553883919;2026-07-27;2026-07-28;2026-07-28;EARLY;=C1_PM1;EPA7;planned
413177745;47553973977;2026-07-27;;2026-07-27;EARLY;=C1_PM1;EPA7;planned
413177745;47554143252;2026-07-22;2026-07-28;2026-07-28;EARLY;=C1_PM1;EPA7;planned
413177745;47554290984;2026-07-23;2026-07-25;2026-07-25;EARLY;=C1_PM1;EPA7;planned
413177745;47554396765;2026-07-24;2026-07-26;2026-07-26;EARLY;=C1_PM1;EPA7;planned
413177745;47554396909;2026-07-25;2026-07-27;2026-07-27;EARLY;=C1_PM1;EPA7;planned
413177745;47554653156;2026-07-23;2026-07-27;2026-07-27;EARLY;=C1_PM1;EPA7;planned
413177745;47554728932;2026-07-24;2026-07-27;2026-07-27;EARLY;=C1_PM1;EPA7;planned
413177745;47555093284;2026-07-26;2026-07-30;2026-07-30;EARLY;=C1_PM1;EPA7;planned
413177745;47555145758;2026-07-23;2026-07-27;2026-07-27;EARLY;=C1_PM1;EPA7;planned
413177745;47555478413;2026-07-25;;2026-07-25;EARLY;=C1_PM1;EPA7;planned
413177745;47555551400;2026-07-23;2026-07-27;2026-07-27;EARLY;=C1_PM1;EPA7;planned
413177745;47556242480;2026-07-27;;2026-07-27;EARLY;=C1_PM1;EPA7;planned
413177745;47556251912;2026-07-27;2026-07-28;2026-07-28;EARLY;=C1_PM1;EPA7;planned
413177745;47556671001;2026-07-23;2026-07-27;2026-07-27;EARLY;=C1_PM1;EPA7;planned
413177745;47556816626;2026-07-23;2026-07-25;2026-07-25;EARLY;=C1_PM1;EPA7;planned
413177745;47556877952;2026-07-26;2026-07-30;2026-07-30;EARLY;=C1_PM1;EPA7;planned
413177745;47557099705;2026-07-23;2026-07-27;2026-07-27;EARLY;=C1_PM1;EPA7;planned
413177745;47557325049;2026-07-27;2026-07-28;2026-07-28;EARLY;=C1_PM1;EPA7;planned
413177745;47557332682;2026-07-24;2026-07-26;2026-07-26;EARLY;=C1_PM1;EPA7;planned
413177745;47557508881;2026-07-23;2026-07-27;2026-07-27;EARLY;=C1_PM1;EPA7;planned
413177745;47557519323;2026-07-23;2026-07-27;2026-07-27;EARLY;=C1_PM1;EPA7;planned
413177745;47557750525;;;;;=C1_PM1;EPA7;planned
413177745;47558003296;;;;;=C1_PM1;EPA7;planned
413177745;47558010959;2026-07-26;2026-07-30;2026-07-30;EARLY;=C1_PM1;EPA7;planned
413177745;47558071874;2026-07-26;2026-07-30;2026-07-30;EARLY;=C1_PM1;EPA7;planned
413177745;47558311868;2026-07-27;;2026-07-27;EARLY;=C1_PM1;EPA7;planned
413177745;47558586759;2026-07-23;2026-07-25;2026-07-25;EARLY;=C1_PM1;EPA7;planned
413177745;47558907210;2026-07-25;;2026-07-25;EARLY;=C1_PM1;EPA7;planned
413177745;47559070716;2026-07-25;2026-07-27;2026-07-27;EARLY;=C1_PM1;EPA7;planned
413177745;47559270613;2026-07-27;2026-07-28;2026-07-28;EARLY;=C1_PM1;EPA7;planned
413177745;47559361755;2026-07-25;;2026-07-25;EARLY;=C1_PM1;EPA7;planned
413177745;47559646008;2026-07-24;2026-07-26;2026-07-26;EARLY;=C1_PM1;EPA7;planned
413177745;47559710158;2026-07-23;2026-07-25;2026-07-25;EARLY;=C1_PM1;EPA7;planned
413177745;47559824197;2026-07-24;2026-07-26;2026-07-26;EARLY;=C1_PM1;EPA7;planned
413177745;47560067006;2026-07-24;2026-07-26;2026-07-26;EARLY;=C1_PM1;EPA7;planned
413177745;47560118180;2026-07-27;;2026-07-27;EARLY;=C1_PM1;EPA7;planned
413177745;47560304004;2026-07-27;2026-07-28;2026-07-28;EARLY;=C1_PM1;EPA7;planned
413177745;47560788592;2026-07-25;;2026-07-25;EARLY;=C1_PM1;EPA7;planned
413177745;47560941005;2026-07-23;2026-07-24;2026-07-24;ON TIME;=C1_PM1;EPA7;planned
413177745;47561127433;2026-07-25;;2026-07-25;EARLY;=C1_PM1;EPA7;planned
413177745;47561467632;2026-07-27;;2026-07-27;EARLY;=C1_PM1;EPA7;planned
413177745;47561562268;2026-07-24;;2026-07-24;ON TIME;=C1_PM1;EPA7;planned
413177745;47563511606;2026-07-25;2026-07-27;2026-07-27;EARLY;=C1_PM1;EPA7;planned
413177745;47564554922;2026-07-24;2026-07-25;2026-07-25;EARLY;=C1_PM1;EPA7;planned
413177745;47564850683;2026-07-24;2026-07-25;2026-07-25;EARLY;=C1_PM1;EPA7;planned
413177745;47565102276;2026-07-24;2026-07-25;2026-07-25;EARLY;=C1_PM1;EPA7;planned
413177745;47565102616;2026-07-24;;2026-07-24;ON TIME;=C1_PM1;EPA7;planned
413177745;47565320041;2026-07-27;;2026-07-27;EARLY;=C1_PM1;EPA7;planned
413177745;47565333316;2026-07-27;;2026-07-27;EARLY;=C1_PM1;EPA7;planned
413177745;47565566828;2026-07-24;2026-07-25;2026-07-25;EARLY;=C1_PM1;EPA7;planned
413177745;47565629797;2026-07-25;;2026-07-25;EARLY;=C1_PM1;EPA7;planned
413177745;47565829907;2026-07-26;2026-07-27;2026-07-27;EARLY;=C1_PM1;EPA7;planned
413177745;47565859679;2026-07-25;;2026-07-25;EARLY;=C1_PM1;EPA7;planned
413177745;47565888079;2026-07-25;;2026-07-25;EARLY;=C1_PM1;EPA7;planned
413177745;47565892022;2026-07-24;2026-07-26;2026-07-26;EARLY;=C1_PM1;EPA7;planned
413177745;47566380618;2026-07-24;2026-07-25;2026-07-25;EARLY;=C1_PM1;EPA7;planned
413177745;47567233125;2026-07-27;;2026-07-27;EARLY;=C1_PM1;EPA7;planned
413177745;47567404172;2026-07-24;2026-07-25;2026-07-25;EARLY;=C1_PM1;EPA7;planned
413177745;47567631190;2026-07-25;;2026-07-25;EARLY;=C1_PM1;EPA7;planned
413177745;47567645384;2026-07-27;;2026-07-27;EARLY;=C1_PM1;EPA7;planned
413177745;47567779837;2026-07-24;2026-07-25;2026-07-25;EARLY;=C1_PM1;EPA7;planned
413177745;47568083473;2026-07-24;2026-07-25;2026-07-25;EARLY;=C1_PM1;EPA7;planned
413177745;47568136128;;;;;=C1_PM1;EPA7;planned
413177745;47568136178;;;;;=C1_PM1;EPA7;planned
413177745;47568241874;2026-07-27;;2026-07-27;EARLY;=C1_PM1;EPA7;planned
413177745;47568769761;2026-07-24;2026-07-25;2026-07-25;EARLY;=C1_PM1;EPA7;planned
413177745;47569004133;2026-07-27;;2026-07-27;EARLY;=C1_PM1;EPA7;planned
413177745;47569203795;2026-07-27;;2026-07-27;EARLY;=C1_PM1;EPA7;planned
413177745;47569312235;2026-07-24;2026-07-25;2026-07-25;EARLY;=C1_PM1;EPA7;planned
413177745;47569779068;2026-07-27;;2026-07-27;EARLY;=C1_PM1;EPA7;planned
413177745;47570421748;2026-07-25;2026-07-26;2026-07-26;EARLY;=C1_PM1;EPA7;planned
413177745;47570750720;2026-07-25;;2026-07-25;EARLY;=C1_PM1;EPA7;planned
413177745;47570750780;2026-07-25;;2026-07-25;EARLY;=C1_PM1;EPA7;planned
413177745;47570780360;2026-07-27;;2026-07-27;EARLY;=C1_PM1;EPA7;planned
413177745;47570927949;2026-07-25;;2026-07-25;EARLY;=C1_PM1;EPA7;planned
413177745;47570928131;2026-07-25;;2026-07-25;EARLY;=C1_PM1;EPA7;planned
413177745;47571765814;2026-07-27;;2026-07-27;EARLY;=C1_PM1;EPA7;planned
413177745;47572360706;2026-07-25;;2026-07-25;EARLY;=C1_PM1;EPA7;planned
413177745;47572363832;2026-07-25;;2026-07-25;EARLY;=C1_PM1;EPA7;planned
413177745;47572393996;2026-07-25;;2026-07-25;EARLY;=C1_PM1;EPA7;planned
413177745;47572418224;2026-07-27;;2026-07-27;EARLY;=C1_PM1;EPA7;planned
413177745;47572772787;2026-07-25;;2026-07-25;EARLY;=C1_PM1;EPA7;planned
413177745;47572861094;2026-07-27;2026-07-28;2026-07-28;EARLY;=C1_PM1;EPA7;planned
413177745;47573068535;2026-07-25;;2026-07-25;EARLY;=C1_PM1;EPA7;planned
413177745;47573258859;2026-07-27;;2026-07-27;EARLY;=C1_PM1;EPA7;planned
413177745;47573447219;2026-07-25;;2026-07-25;EARLY;=C1_PM1;EPA7;planned
413177745;47573673541;2026-07-27;;2026-07-27;EARLY;=C1_PM1;EPA7;planned
413177745;47573956764;2026-07-25;;2026-07-25;EARLY;=C1_PM1;EPA7;planned
413177745;47574259115;2026-07-27;;2026-07-27;EARLY;=C1_PM1;EPA7;planned
413177745;47574276845;2026-07-27;;2026-07-27;EARLY;=C1_PM1;EPA7;planned
413177745;47574485094;2026-07-27;;2026-07-27;EARLY;=C1_PM1;EPA7;planned
413177745;47574611991;2026-07-27;;2026-07-27;EARLY;=C1_PM1;EPA7;planned
413177745;47574665703;2026-07-25;;2026-07-25;EARLY;=C1_PM1;EPA7;planned
413177745;47574701890;2026-07-25;;2026-07-25;EARLY;=C1_PM1;EPA7;planned
413177745;47574710889;2026-07-25;;2026-07-25;EARLY;=C1_PM1;EPA7;planned
413177745;47574722891;2026-07-24;2026-07-28;2026-07-28;EARLY;=C1_PM1;EPA7;planned
413177745;47574865319;2026-07-25;;2026-07-25;EARLY;=C1_PM1;EPA7;planned
413177745;47575268957;2026-07-24;2026-07-26;2026-07-26;EARLY;=C1_PM1;EPA7;planned
413177745;47575302759;2026-07-27;;2026-07-27;EARLY;=C1_PM1;EPA7;planned
413177745;47575342945;2026-07-25;;2026-07-25;EARLY;=C1_PM1;EPA7;planned
413177745;47575591700;2026-07-25;;2026-07-25;EARLY;=C1_PM1;EPA7;planned
413177745;47575592422;2026-07-25;;2026-07-25;EARLY;=C1_PM1;EPA7;planned
413177745;47576379848;2026-07-25;;2026-07-25;EARLY;=C1_PM1;EPA7;planned
413177745;47576535809;2026-07-27;;2026-07-27;EARLY;=C1_PM1;EPA7;planned
413177745;47576737282;2026-07-25;;2026-07-25;EARLY;=C1_PM1;EPA7;planned
413177745;47577150980;2026-07-25;;2026-07-25;EARLY;=C1_PM1;EPA7;planned
413177745;47577164346;2026-07-25;;2026-07-25;EARLY;=C1_PM1;EPA7;planned
413177745;47577894681;2026-07-25;;2026-07-25;EARLY;=C1_PM1;EPA7;planned
413177745;47578624008;2026-07-25;;2026-07-25;EARLY;=C1_PM1;EPA7;planned
413177745;47579285187;2026-07-27;;2026-07-27;EARLY;=C1_PM1;EPA7;planned
413177745;47579413978;2026-07-27;;2026-07-27;EARLY;=C1_PM1;EPA7;planned
413177745;47579828489;2026-07-25;;2026-07-25;EARLY;=C1_PM1;EPA7;planned
413177745;47580032447;;;;;=C1_PM1;EPA7;planned
413177745;47580962722;2026-07-25;;2026-07-25;EARLY;=C1_PM1;EPA7;planned
413179663;47456461589;2026-07-19;2026-07-25;2026-07-25;EARLY;=C24_PM1;EPA7;planned
413179663;47462135348;2026-07-20;2026-07-26;2026-07-26;EARLY;=C24_PM1;EPA7;planned
413179663;47499002428;2026-07-21;2026-07-27;2026-07-27;EARLY;=C24_PM1;EPA7;planned
413179663;47507665320;2026-07-23;2026-07-27;2026-07-27;EARLY;=C24_PM1;EPA7;planned
413179663;47512960214;2026-07-23;2026-07-27;2026-07-27;EARLY;=C24_PM1;EPA7;planned
413179663;47520113838;2026-07-22;2026-07-28;2026-07-28;EARLY;=C24_PM1;EPA7;planned
413179663;47522606111;2026-07-22;2026-07-25;2026-07-25;EARLY;=C24_PM1;EPA7;planned
413179663;47523294000;2026-07-19;2026-07-25;2026-07-25;EARLY;=C24_PM1;EPA7;planned
413179663;47524068003;2026-07-23;2026-07-27;2026-07-27;EARLY;=C24_PM1;EPA7;planned
413179663;47525632101;2026-07-20;2026-07-26;2026-07-26;EARLY;=C24_PM1;EPA7;planned
413179663;47525989350;2026-07-23;2026-07-27;2026-07-27;EARLY;=C24_PM1;EPA7;planned
413179663;47526467677;2026-07-23;2026-07-27;2026-07-27;EARLY;=C24_PM1;EPA7;planned
413179663;47526728138;2026-07-22;2026-07-26;2026-07-26;EARLY;=C24_PM1;EPA7;planned
413179663;47527426395;2026-07-22;2026-07-27;2026-07-27;EARLY;=C24_PM1;EPA7;planned
413179663;47529372239;2026-07-23;2026-07-27;2026-07-27;EARLY;=C24_PM1;EPA7;planned
413179663;47529466273;2026-07-23;2026-07-27;2026-07-27;EARLY;=C24_PM1;EPA7;planned
413179663;47529991665;2026-07-22;2026-07-27;2026-07-27;EARLY;=C24_PM1;EPA7;planned
413179663;47530674188;2026-07-22;2026-07-27;2026-07-27;EARLY;=C24_PM1;EPA7;planned
413179663;47530731067;2026-07-24;2026-07-26;2026-07-26;EARLY;=C24_PM1;EPA7;planned
413179663;47532048721;2026-07-21;2026-07-27;2026-07-27;EARLY;=C24_PM1;EPA7;planned
413179663;47532464990;2026-07-22;2026-07-28;2026-07-28;EARLY;=C24_PM1;EPA7;planned
413179663;47533979429;2026-07-22;2026-07-26;2026-07-26;EARLY;=C24_PM1;EPA7;planned
413179663;47534236576;2026-07-23;2026-07-27;2026-07-27;EARLY;=C24_PM1;EPA7;planned
413179663;47537980852;2026-07-23;2026-07-27;2026-07-27;EARLY;=C24_PM1;EPA7;planned
413179663;47538734390;2026-07-23;2026-07-27;2026-07-27;EARLY;=C24_PM1;EPA7;planned
413179663;47538922795;2026-07-23;2026-07-29;2026-07-29;EARLY;=C24_PM1;EPA7;planned
413179663;47541365039;2026-07-23;2026-07-27;2026-07-27;EARLY;=C24_PM1;EPA7;planned
413179663;47542685957;2026-07-23;2026-07-27;2026-07-27;EARLY;=C24_PM1;EPA7;planned
413179663;47542984510;2026-07-25;2026-07-28;2026-07-28;EARLY;=C24_PM1;EPA7;planned
413179663;47543773272;2026-07-24;2026-07-26;2026-07-26;EARLY;=C24_PM1;EPA7;planned
413179663;47544896785;2026-07-23;2026-07-27;2026-07-27;EARLY;=C24_PM1;EPA7;planned
413179663;47545819678;2026-07-25;2026-07-26;2026-07-26;EARLY;=C24_PM1;EPA7;planned
413179663;47546041005;2026-07-23;2026-07-28;2026-07-28;EARLY;=C24_PM1;EPA7;planned
413179663;47546201059;2026-07-23;2026-07-25;2026-07-25;EARLY;=C24_PM1;EPA7;planned
413179663;47546294388;2026-07-25;2026-07-31;2026-07-31;EARLY;=C24_PM1;EPA7;planned
413179663;47546764838;2026-07-24;2026-07-27;2026-07-27;EARLY;=C24_PM1;EPA7;planned
413179663;47550151079;2026-07-23;2026-07-25;2026-07-25;EARLY;=C24_PM1;EPA7;planned
413179663;47550701222;2026-07-24;2026-07-26;2026-07-26;EARLY;=C24_PM1;EPA7;planned
413179663;47550953364;2026-07-24;2026-07-26;2026-07-26;EARLY;=C24_PM1;EPA7;planned
413179663;47551287613;2026-07-24;2026-07-27;2026-07-27;EARLY;=C24_PM1;EPA7;planned
413179663;47552124771;2026-07-24;2026-07-26;2026-07-26;EARLY;=C24_PM1;EPA7;planned
413179663;47553257207;2026-07-25;2026-07-27;2026-07-27;EARLY;=C24_PM1;EPA7;planned
413179663;47553510014;2026-07-26;2026-07-28;2026-07-28;EARLY;=C24_PM1;EPA7;planned
413179663;47554215868;2026-07-23;2026-07-25;2026-07-25;EARLY;=C24_PM1;EPA7;planned
413179663;47554546117;2026-07-23;2026-07-27;2026-07-27;EARLY;=C24_PM1;EPA7;planned
413179663;47555096909;2026-07-25;2026-07-29;2026-07-29;EARLY;=C24_PM1;EPA7;planned
413179663;47555649566;2026-07-23;2026-07-27;2026-07-27;EARLY;=C24_PM1;EPA7;planned
413179663;47555662647;2026-07-24;2026-07-26;2026-07-26;EARLY;=C24_PM1;EPA7;planned
413179663;47555697806;2026-07-23;2026-07-27;2026-07-27;EARLY;=C24_PM1;EPA7;planned
413179663;47556970953;2026-07-23;2026-07-27;2026-07-27;EARLY;=C24_PM1;EPA7;planned
413179663;47557061080;2026-07-23;2026-07-27;2026-07-27;EARLY;=C24_PM1;EPA7;planned
413179663;47557199063;2026-07-23;2026-07-27;2026-07-27;EARLY;=C24_PM1;EPA7;planned
413179663;47557204192;2026-07-25;;2026-07-25;EARLY;=C24_PM1;EPA7;planned
413179663;47558719254;2026-07-25;;2026-07-25;EARLY;=C24_PM1;EPA7;planned
413179663;47558760303;2026-07-24;2026-07-26;2026-07-26;EARLY;=C24_PM1;EPA7;planned
413179663;47558898002;2026-07-25;2026-07-27;2026-07-27;EARLY;=C24_PM1;EPA7;planned
413179663;47558916086;2026-07-24;2026-07-26;2026-07-26;EARLY;=C24_PM1;EPA7;planned
413179663;47560639281;2026-07-24;2026-07-25;2026-07-25;EARLY;=C24_PM1;EPA7;planned
413179663;47560928087;2026-07-25;;2026-07-25;EARLY;=C24_PM1;EPA7;planned
413179663;47563959116;2026-07-25;;2026-07-25;EARLY;=C24_PM1;EPA7;planned
413179663;47564497930;2026-07-25;;2026-07-25;EARLY;=C24_PM1;EPA7;planned
413179663;47566489835;2026-07-25;;2026-07-25;EARLY;=C24_PM1;EPA7;planned
413179663;47566941137;2026-07-25;;2026-07-25;EARLY;=C24_PM1;EPA7;planned
413179663;47567333046;2026-07-24;2026-07-25;2026-07-25;EARLY;=C24_PM1;EPA7;planned
413179663;47567485887;2026-07-24;2026-07-25;2026-07-25;EARLY;=C24_PM1;EPA7;planned
413179663;47567736998;2026-07-25;;2026-07-25;EARLY;=C24_PM1;EPA7;planned
413179663;47567760784;2026-07-24;2026-07-25;2026-07-25;EARLY;=C24_PM1;EPA7;planned
413179663;47569121654;2026-07-24;2026-07-25;2026-07-25;EARLY;=C24_PM1;EPA7;planned
413179663;47570187331;2026-07-25;2026-07-26;2026-07-26;EARLY;=C24_PM1;EPA7;planned
413179663;47572151449;2026-07-25;2026-07-27;2026-07-27;EARLY;=C24_PM1;EPA7;planned
413179663;47572356631;2026-07-26;2026-07-28;2026-07-28;EARLY;=C24_PM1;EPA7;planned
413179663;47572821975;2026-08-01;2026-08-03;2026-08-03;EARLY;=C24_PM1;EPA7;planned
413179663;47572871213;2026-07-24;2026-07-26;2026-07-26;EARLY;=C24_PM1;EPA7;planned
413179663;47573070646;2026-07-25;;2026-07-25;EARLY;=C24_PM1;EPA7;planned
413179663;47573317634;2026-07-25;;2026-07-25;EARLY;=C24_PM1;EPA7;planned
413179663;47573607690;2026-07-25;;2026-07-25;EARLY;=C24_PM1;EPA7;planned
413179663;47573762553;2026-07-25;;2026-07-25;EARLY;=C24_PM1;EPA7;planned
413179663;47573860903;2026-07-25;;2026-07-25;EARLY;=C24_PM1;EPA7;planned
413179663;47574292269;2026-07-25;;2026-07-25;EARLY;=C24_PM1;EPA7;planned
413179663;47574352636;2026-07-25;;2026-07-25;EARLY;=C24_PM1;EPA7;planned
413179663;47574443798;2026-07-24;2026-07-26;2026-07-26;EARLY;=C24_PM1;EPA7;planned
413179663;47574632244;2026-07-25;2026-07-27;2026-07-27;EARLY;=C24_PM1;EPA7;planned
413179663;47575036915;;;;;=C24_PM1;EPA7;planned
413179663;47575036957;;;;;=C24_PM1;EPA7;planned
413179663;47575265466;2026-07-29;2026-08-02;2026-08-02;EARLY;=C24_PM1;EPA7;planned
413179663;47575535362;2026-07-27;2026-07-29;2026-07-29;EARLY;=C24_PM1;EPA7;planned
413179663;47575641271;2026-07-27;2026-07-29;2026-07-29;EARLY;=C24_PM1;EPA7;planned
413179663;47575763209;2026-07-25;;2026-07-25;EARLY;=C24_PM1;EPA7;planned
413179663;47576034682;2026-07-25;;2026-07-25;EARLY;=C24_PM1;EPA7;planned
413179663;47576315975;2026-07-25;;2026-07-25;EARLY;=C24_PM1;EPA7;planned
413179663;47576404881;2026-07-25;;2026-07-25;EARLY;=C24_PM1;EPA7;planned
413179663;47577332221;2026-07-25;;2026-07-25;EARLY;=C24_PM1;EPA7;planned
413179663;47577530406;2026-07-25;;2026-07-25;EARLY;=C24_PM1;EPA7;planned
413179663;47577780509;2026-07-25;;2026-07-25;EARLY;=C24_PM1;EPA7;planned
413179663;47577905097;2026-07-25;;2026-07-25;EARLY;=C24_PM1;EPA7;planned
413179663;47578191694;2026-07-25;;2026-07-25;EARLY;=C24_PM1;EPA7;planned
413179663;47578514113;2026-07-25;;2026-07-25;EARLY;=C24_PM1;EPA7;planned
413179663;47578664371;2026-07-25;;2026-07-25;EARLY;=C24_PM1;EPA7;planned
413179663;47578868373;2026-07-25;;2026-07-25;EARLY;=C24_PM1;EPA7;planned
413179663;47580714709;2026-07-25;;2026-07-25;EARLY;=C24_PM1;EPA7;planned
413180363;47449585147;2026-07-23;2026-07-27;2026-07-27;EARLY;=C26_PM1;EPA7;planned
413180363;47450626376;2026-07-19;2026-07-25;2026-07-25;EARLY;=C26_PM1;EPA7;planned
413180363;47458284340;2026-07-12;2026-07-14;2026-07-14;VENCIDO;=C26_PM1;EPA7;planned
413180363;47473216855;2026-07-23;2026-07-27;2026-07-27;EARLY;=C26_PM1;EPA7;planned
413180363;47500134632;2026-07-21;2026-07-27;2026-07-27;EARLY;=C26_PM1;EPA7;planned
413180363;47523821877;2026-07-24;2026-07-26;2026-07-26;EARLY;=C26_PM1;EPA7;planned
413180363;47525240120;2026-07-23;2026-07-29;2026-07-29;EARLY;=C26_PM1;EPA7;planned
413180363;47526405838;2026-07-23;2026-07-27;2026-07-27;EARLY;=C26_PM1;EPA7;planned
413180363;47526950290;2026-07-23;2026-07-27;2026-07-27;EARLY;=C26_PM1;EPA7;planned
413180363;47528099959;2026-07-22;2026-07-27;2026-07-27;EARLY;=C26_PM1;EPA7;planned
413180363;47528199657;2026-07-22;2026-07-27;2026-07-27;EARLY;=C26_PM1;EPA7;planned
413180363;47528681903;2026-07-22;2026-07-27;2026-07-27;EARLY;=C26_PM1;EPA7;planned
413180363;47530137425;2026-07-22;2026-07-27;2026-07-27;EARLY;=C26_PM1;EPA7;planned
413180363;47530285813;2026-07-22;2026-07-27;2026-07-27;EARLY;=C26_PM1;EPA7;planned
413180363;47530289593;2026-07-23;2026-07-27;2026-07-27;EARLY;=C26_PM1;EPA7;planned
413180363;47531694487;2026-07-25;2026-07-27;2026-07-27;EARLY;=C26_PM1;EPA7;planned
413180363;47531722696;2026-07-21;2026-07-27;2026-07-27;EARLY;=C26_PM1;EPA7;planned
413180363;47534449123;2026-07-22;2026-07-28;2026-07-28;EARLY;=C26_PM1;EPA7;planned
413180363;47535281206;2026-07-22;2026-07-26;2026-07-26;EARLY;=C26_PM1;EPA7;planned
413180363;47535911793;2026-07-22;2026-07-26;2026-07-26;EARLY;=C26_PM1;EPA7;planned
413180363;47537405753;2026-07-22;2026-07-28;2026-07-28;EARLY;=C26_PM1;EPA7;planned
413180363;47537707853;2026-07-24;2026-07-25;2026-07-25;EARLY;=C26_PM1;EPA7;planned
413180363;47537954363;2026-07-22;2026-07-26;2026-07-26;EARLY;=C26_PM1;EPA7;planned
413180363;47538300725;2026-07-23;2026-07-27;2026-07-27;EARLY;=C26_PM1;EPA7;planned
413180363;47539353312;2026-07-23;2026-07-27;2026-07-27;EARLY;=C26_PM1;EPA7;planned
413180363;47541723136;2026-07-23;2026-07-27;2026-07-27;EARLY;=C26_PM1;EPA7;planned
413180363;47542467083;2026-07-23;2026-07-27;2026-07-27;EARLY;=C26_PM1;EPA7;planned
413180363;47543373134;2026-07-23;2026-07-27;2026-07-27;EARLY;=C26_PM1;EPA7;planned
413180363;47543479676;2026-07-23;2026-07-27;2026-07-27;EARLY;=C26_PM1;EPA7;planned
413180363;47543671638;2026-07-23;2026-07-27;2026-07-27;EARLY;=C26_PM1;EPA7;planned
413180363;47544061677;2026-07-23;2026-07-27;2026-07-27;EARLY;=C26_PM1;EPA7;planned
413180363;47545423441;2026-07-23;2026-07-27;2026-07-27;EARLY;=C26_PM1;EPA7;planned
413180363;47545720570;2026-07-23;2026-07-27;2026-07-27;EARLY;=C26_PM1;EPA7;planned
413180363;47547280223;2026-07-26;2026-07-27;2026-07-27;EARLY;=C26_PM1;EPA7;planned
413180363;47547901496;2026-07-24;2026-07-26;2026-07-26;EARLY;=C26_PM1;EPA7;planned
413180363;47550409031;2026-07-25;2026-07-26;2026-07-26;EARLY;=C26_PM1;EPA7;planned
413180363;47551122103;2026-07-24;2026-07-26;2026-07-26;EARLY;=C26_PM1;EPA7;planned
413180363;47551246632;2026-07-25;2026-07-26;2026-07-26;EARLY;=C26_PM1;EPA7;planned
413180363;47552396946;2026-07-24;2026-07-26;2026-07-26;EARLY;=C26_PM1;EPA7;planned
413180363;47552439523;2026-07-24;2026-07-27;2026-07-27;EARLY;=C26_PM1;EPA7;planned
413180363;47552468859;2026-07-23;2026-07-25;2026-07-25;EARLY;=C26_PM1;EPA7;planned
413180363;47552707262;2026-07-24;2026-07-27;2026-07-27;EARLY;=C26_PM1;EPA7;planned
413180363;47552840368;2026-07-24;2026-07-27;2026-07-27;EARLY;=C26_PM1;EPA7;planned
413180363;47553255156;2026-07-22;2026-07-26;2026-07-26;EARLY;=C26_PM1;EPA7;planned
413180363;47553482830;2026-07-23;2026-07-25;2026-07-25;EARLY;=C26_PM1;EPA7;planned
413180363;47553931391;2026-07-25;2026-07-29;2026-07-29;EARLY;=C26_PM1;EPA7;planned
413180363;47554228498;2026-07-24;2026-07-27;2026-07-27;EARLY;=C26_PM1;EPA7;planned
413180363;47555398044;2026-07-23;2026-07-27;2026-07-27;EARLY;=C26_PM1;EPA7;planned
413180363;47555699369;2026-07-25;;2026-07-25;EARLY;=C26_PM1;EPA7;planned
413180363;47555952428;2026-07-26;2026-07-28;2026-07-28;EARLY;=C26_PM1;EPA7;planned
413180363;47556103967;2026-07-25;;2026-07-25;EARLY;=C26_PM1;EPA7;planned
413180363;47556296055;2026-07-24;2026-07-27;2026-07-27;EARLY;=C26_PM1;EPA7;planned
413180363;47556324685;2026-07-24;2026-07-26;2026-07-26;EARLY;=C26_PM1;EPA7;planned
413180363;47556604323;2026-07-25;;2026-07-25;EARLY;=C26_PM1;EPA7;planned
413180363;47556751796;2026-07-25;;2026-07-25;EARLY;=C26_PM1;EPA7;planned
413180363;47558117963;2026-07-24;2026-07-26;2026-07-26;EARLY;=C26_PM1;EPA7;planned
413180363;47558326913;2026-07-25;;2026-07-25;EARLY;=C26_PM1;EPA7;planned
413180363;47558585625;2026-07-24;2026-07-26;2026-07-26;EARLY;=C26_PM1;EPA7;planned
413180363;47558675824;2026-07-24;2026-07-26;2026-07-26;EARLY;=C26_PM1;EPA7;planned
413180363;47558711320;2026-07-24;2026-07-25;2026-07-25;EARLY;=C26_PM1;EPA7;planned
413180363;47558774451;2026-07-24;2026-07-26;2026-07-26;EARLY;=C26_PM1;EPA7;planned
413180363;47558778339;2026-07-25;2026-07-26;2026-07-26;EARLY;=C26_PM1;EPA7;planned
413180363;47559234640;2026-07-24;2026-07-26;2026-07-26;EARLY;=C26_PM1;EPA7;planned
413180363;47559399592;2026-07-25;;2026-07-25;EARLY;=C26_PM1;EPA7;planned
413180363;47559411148;2026-07-25;;2026-07-25;EARLY;=C26_PM1;EPA7;planned
413180363;47559576686;2026-07-24;2026-07-26;2026-07-26;EARLY;=C26_PM1;EPA7;planned
413180363;47561924756;2026-07-25;;2026-07-25;EARLY;=C26_PM1;EPA7;planned
413180363;47562587506;2026-07-25;;2026-07-25;EARLY;=C26_PM1;EPA7;planned
413180363;47564203254;2026-07-24;2026-07-26;2026-07-26;EARLY;=C26_PM1;EPA7;planned
413180363;47564713624;2026-07-25;2026-07-27;2026-07-27;EARLY;=C26_PM1;EPA7;planned
413180363;47566199777;2026-07-25;2026-07-27;2026-07-27;EARLY;=C26_PM1;EPA7;planned
413180363;47566837277;2026-07-24;2026-07-25;2026-07-25;EARLY;=C26_PM1;EPA7;planned
413180363;47567921944;2026-07-24;2026-07-25;2026-07-25;EARLY;=C26_PM1;EPA7;planned
413180363;47570151607;2026-07-25;;2026-07-25;EARLY;=C26_PM1;EPA7;planned
413180363;47570942614;2026-07-24;2026-07-25;2026-07-25;EARLY;=C26_PM1;EPA7;planned
413180363;47571502394;2026-07-25;;2026-07-25;EARLY;=C26_PM1;EPA7;planned
413180363;47571933384;2026-07-25;;2026-07-25;EARLY;=C26_PM1;EPA7;planned
413180363;47572153267;2026-07-25;;2026-07-25;EARLY;=C26_PM1;EPA7;planned
413180363;47572418972;2026-07-24;2026-07-26;2026-07-26;EARLY;=C26_PM1;EPA7;planned
413180363;47572972848;2026-07-25;2026-07-27;2026-07-27;EARLY;=C26_PM1;EPA7;planned
413180363;47573169255;2026-07-25;2026-07-26;2026-07-26;EARLY;=C26_PM1;EPA7;planned
413180363;47573815325;2026-07-25;2026-07-27;2026-07-27;EARLY;=C26_PM1;EPA7;planned
413180363;47574386388;2026-07-25;;2026-07-25;EARLY;=C26_PM1;EPA7;planned
413180363;47575218722;2026-07-25;;2026-07-25;EARLY;=C26_PM1;EPA7;planned
413180363;47575302118;2026-07-25;2026-07-29;2026-07-29;EARLY;=C26_PM1;EPA7;planned
413180363;47575352724;2026-07-25;;2026-07-25;EARLY;=C26_PM1;EPA7;planned
413180363;47576755489;2026-07-25;;2026-07-25;EARLY;=C26_PM1;EPA7;planned
413180363;47577315733;2026-07-25;;2026-07-25;EARLY;=C26_PM1;EPA7;planned
413180363;47577989489;2026-07-25;;2026-07-25;EARLY;=C26_PM1;EPA7;planned
413180363;47578167875;2026-07-25;;2026-07-25;EARLY;=C26_PM1;EPA7;planned
413180363;47578543271;2026-07-25;;2026-07-25;EARLY;=C26_PM1;EPA7;planned
413180363;47578752210;2026-07-25;;2026-07-25;EARLY;=C26_PM1;EPA7;planned
413180363;47579486716;2026-07-25;;2026-07-25;EARLY;=C26_PM1;EPA7;planned
413180363;47579541445;2026-07-25;;2026-07-25;EARLY;=C26_PM1;EPA7;planned
413180363;47580560166;2026-07-25;;2026-07-25;EARLY;=C26_PM1;EPA7;planned
413180363;47581001498;2026-07-25;;2026-07-25;EARLY;=C26_PM1;EPA7;planned
413180811;47482180435;2026-07-24;2026-07-26;2026-07-26;EARLY;=C9_PM1;EPA7;planned
413180811;47509945244;2026-07-23;2026-07-27;2026-07-27;EARLY;=C9_PM1;EPA7;planned
413180811;47513693940;2026-07-23;2026-07-27;2026-07-27;EARLY;=C9_PM1;EPA7;planned
413180811;47516567320;2026-07-23;2026-07-27;2026-07-27;EARLY;=C9_PM1;EPA7;planned
413180811;47517695735;2026-07-23;2026-07-27;2026-07-27;EARLY;=C9_PM1;EPA7;planned
413180811;47522097280;2026-07-23;2026-07-27;2026-07-27;EARLY;=C9_PM1;EPA7;planned
413180811;47524415170;2026-07-21;2026-07-27;2026-07-27;EARLY;=C9_PM1;EPA7;planned
413180811;47524836333;2026-07-23;2026-07-27;2026-07-27;EARLY;=C9_PM1;EPA7;planned
413180811;47525420610;2026-07-25;2026-07-27;2026-07-27;EARLY;=C9_PM1;EPA7;planned
413180811;47526286612;2026-07-24;2026-07-26;2026-07-26;EARLY;=C9_PM1;EPA7;planned
413180811;47531657130;2026-07-21;2026-07-27;2026-07-27;EARLY;=C9_PM1;EPA7;planned
413180811;47531744735;2026-07-23;2026-07-27;2026-07-27;EARLY;=C9_PM1;EPA7;planned
413180811;47532446761;2026-07-23;2026-07-27;2026-07-27;EARLY;=C9_PM1;EPA7;planned
413180811;47533138574;2026-07-23;2026-07-27;2026-07-27;EARLY;=C9_PM1;EPA7;planned
413180811;47533235503;2026-07-22;2026-07-26;2026-07-26;EARLY;=C9_PM1;EPA7;planned
413180811;47536220420;2026-07-21;2026-07-27;2026-07-27;EARLY;=C9_PM1;EPA7;planned
413180811;47537136793;2026-07-22;2026-07-26;2026-07-26;EARLY;=C9_PM1;EPA7;planned
413180811;47537763720;2026-07-22;2026-07-26;2026-07-26;EARLY;=C9_PM1;EPA7;planned
413180811;47539763034;2026-07-23;2026-07-27;2026-07-27;EARLY;=C9_PM1;EPA7;planned
413180811;47547785036;2026-07-24;2026-07-27;2026-07-27;EARLY;=C9_PM1;EPA7;planned
413180811;47548935031;2026-07-24;2026-07-26;2026-07-26;EARLY;=C9_PM1;EPA7;planned
413180811;47549188454;2026-07-24;2026-07-26;2026-07-26;EARLY;=C9_PM1;EPA7;planned
413180811;47549739539;2026-07-25;2026-07-26;2026-07-26;EARLY;=C9_PM1;EPA7;planned
413180811;47550973921;2026-07-24;2026-07-26;2026-07-26;EARLY;=C9_PM1;EPA7;planned
413180811;47551936429;2026-07-24;;2026-07-24;ON TIME;=C9_PM1;EPA7;planned
413180811;47552192135;2026-07-23;2026-07-25;2026-07-25;EARLY;=C9_PM1;EPA7;planned
413180811;47552676974;2026-07-25;;2026-07-25;EARLY;=C9_PM1;EPA7;planned
413180811;47552742946;2026-07-25;;2026-07-25;EARLY;=C9_PM1;EPA7;planned
413180811;47552830921;2026-07-25;2026-07-27;2026-07-27;EARLY;=C9_PM1;EPA7;planned
413180811;47553010344;2026-07-24;2026-07-27;2026-07-27;EARLY;=C9_PM1;EPA7;planned
413180811;47553027876;2026-07-25;2026-07-29;2026-07-29;EARLY;=C9_PM1;EPA7;planned
413180811;47553636298;2026-07-24;2026-07-26;2026-07-26;EARLY;=C9_PM1;EPA7;planned
413180811;47553756143;2026-07-24;2026-07-27;2026-07-27;EARLY;=C9_PM1;EPA7;planned
413180811;47554137530;2026-07-24;2026-07-27;2026-07-27;EARLY;=C9_PM1;EPA7;planned
413180811;47554169808;2026-07-23;2026-07-27;2026-07-27;EARLY;=C9_PM1;EPA7;planned
413180811;47554264232;2026-07-24;2026-07-26;2026-07-26;EARLY;=C9_PM1;EPA7;planned
413180811;47554544322;2026-07-26;2026-07-30;2026-07-30;EARLY;=C9_PM1;EPA7;planned
413180811;47554943189;2026-07-23;2026-07-25;2026-07-25;EARLY;=C9_PM1;EPA7;planned
413180811;47555288748;2026-07-23;2026-07-27;2026-07-27;EARLY;=C9_PM1;EPA7;planned
413180811;47556099946;2026-07-23;2026-07-25;2026-07-25;EARLY;=C9_PM1;EPA7;planned
413180811;47556110029;2026-07-24;2026-07-26;2026-07-26;EARLY;=C9_PM1;EPA7;planned
413180811;47556208622;2026-07-25;;2026-07-25;EARLY;=C9_PM1;EPA7;planned
413180811;47556953270;2026-07-25;;2026-07-25;EARLY;=C9_PM1;EPA7;planned
413180811;47556995675;2026-07-23;2026-07-27;2026-07-27;EARLY;=C9_PM1;EPA7;planned
413180811;47557075845;2026-07-25;;2026-07-25;EARLY;=C9_PM1;EPA7;planned
413180811;47557111472;2026-07-23;2026-07-27;2026-07-27;EARLY;=C9_PM1;EPA7;planned
413180811;47557435977;2026-07-23;2026-07-27;2026-07-27;EARLY;=C9_PM1;EPA7;planned
413180811;47557455465;2026-07-23;2026-07-27;2026-07-27;EARLY;=C9_PM1;EPA7;planned
413180811;47558357268;2026-07-24;2026-07-26;2026-07-26;EARLY;=C9_PM1;EPA7;planned
413180811;47558772780;2026-07-25;;2026-07-25;EARLY;=C9_PM1;EPA7;planned
413180811;47558832544;2026-07-26;2026-07-28;2026-07-28;EARLY;=C9_PM1;EPA7;planned
413180811;47560578025;2026-07-25;;2026-07-25;EARLY;=C9_PM1;EPA7;planned
413180811;47560578043;2026-07-23;2026-07-25;2026-07-25;EARLY;=C9_PM1;EPA7;planned
413180811;47561075504;2026-07-25;;2026-07-25;EARLY;=C9_PM1;EPA7;planned
413180811;47562178167;2026-07-24;2026-07-25;2026-07-25;EARLY;=C9_PM1;EPA7;planned
413180811;47562664096;2026-07-24;2026-07-25;2026-07-25;EARLY;=C9_PM1;EPA7;planned
413180811;47563063846;2026-07-23;2026-07-25;2026-07-25;EARLY;=C9_PM1;EPA7;planned
413180811;47563654320;2026-07-24;2026-07-26;2026-07-26;EARLY;=C9_PM1;EPA7;planned
413180811;47564512262;2026-07-24;2026-07-26;2026-07-26;EARLY;=C9_PM1;EPA7;planned
413180811;47565319784;2026-07-24;2026-07-25;2026-07-25;EARLY;=C9_PM1;EPA7;planned
413180811;47565661605;2026-07-24;2026-07-25;2026-07-25;EARLY;=C9_PM1;EPA7;planned
413180811;47565898663;2026-07-24;2026-07-25;2026-07-25;EARLY;=C9_PM1;EPA7;planned
413180811;47566335311;2026-07-25;;2026-07-25;EARLY;=C9_PM1;EPA7;planned
413180811;47566335345;2026-07-25;;2026-07-25;EARLY;=C9_PM1;EPA7;planned
413180811;47566586484;2026-07-25;;2026-07-25;EARLY;=C9_PM1;EPA7;planned
413180811;47566965710;2026-07-24;2026-07-25;2026-07-25;EARLY;=C9_PM1;EPA7;planned
413180811;47567711207;2026-07-24;2026-07-25;2026-07-25;EARLY;=C9_PM1;EPA7;planned
413180811;47568077883;2026-07-24;2026-07-25;2026-07-25;EARLY;=C9_PM1;EPA7;planned
413180811;47568142103;2026-07-24;2026-07-25;2026-07-25;EARLY;=C9_PM1;EPA7;planned
413180811;47568317545;2026-07-24;2026-07-25;2026-07-25;EARLY;=C9_PM1;EPA7;planned
413180811;47568568666;2026-07-24;2026-07-25;2026-07-25;EARLY;=C9_PM1;EPA7;planned
413180811;47569658566;2026-07-25;;2026-07-25;EARLY;=C9_PM1;EPA7;planned
413180811;47572492460;2026-07-24;2026-07-26;2026-07-26;EARLY;=C9_PM1;EPA7;planned
413180811;47572645525;2026-07-25;;2026-07-25;EARLY;=C9_PM1;EPA7;planned
413180811;47572894906;2026-07-25;;2026-07-25;EARLY;=C9_PM1;EPA7;planned
413180811;47572934939;2026-07-24;2026-07-26;2026-07-26;EARLY;=C9_PM1;EPA7;planned
413180811;47572957699;2026-07-25;;2026-07-25;EARLY;=C9_PM1;EPA7;planned
413180811;47573023293;2026-07-25;;2026-07-25;EARLY;=C9_PM1;EPA7;planned
413180811;47573115289;2026-07-25;;2026-07-25;EARLY;=C9_PM1;EPA7;planned
413180811;47573168101;2026-07-25;;2026-07-25;EARLY;=C9_PM1;EPA7;planned
413180811;47573273660;2026-07-24;2026-07-26;2026-07-26;EARLY;=C9_PM1;EPA7;planned
413180811;47573280725;2026-07-25;;2026-07-25;EARLY;=C9_PM1;EPA7;planned
413180811;47573511072;2026-07-25;;2026-07-25;EARLY;=C9_PM1;EPA7;planned
413180811;47574631225;2026-07-25;2026-07-29;2026-07-29;EARLY;=C9_PM1;EPA7;planned
413180811;47574897000;2026-07-25;;2026-07-25;EARLY;=C9_PM1;EPA7;planned
413180811;47575084095;2026-07-24;2026-07-26;2026-07-26;EARLY;=C9_PM1;EPA7;planned
413180811;47575251474;2026-07-25;;2026-07-25;EARLY;=C9_PM1;EPA7;planned
413180811;47575353871;2026-07-25;2026-07-29;2026-07-29;EARLY;=C9_PM1;EPA7;planned
413180811;47575758832;2026-07-25;;2026-07-25;EARLY;=C9_PM1;EPA7;planned
413180811;47576097777;2026-07-25;;2026-07-25;EARLY;=C9_PM1;EPA7;planned
413180811;47576638960;2026-07-25;;2026-07-25;EARLY;=C9_PM1;EPA7;planned
413180811;47577628406;2026-07-25;;2026-07-25;EARLY;=C9_PM1;EPA7;planned
413180811;47577720463;2026-07-25;;2026-07-25;EARLY;=C9_PM1;EPA7;planned
413180811;47577720495;2026-07-25;;2026-07-25;EARLY;=C9_PM1;EPA7;planned
413180811;47577874002;2026-07-25;;2026-07-25;EARLY;=C9_PM1;EPA7;planned
413180811;47577906438;2026-07-25;;2026-07-25;EARLY;=C9_PM1;EPA7;planned
413180811;47578022923;2026-07-25;;2026-07-25;EARLY;=C9_PM1;EPA7;planned
413180811;47579822888;2026-07-25;;2026-07-25;EARLY;=C9_PM1;EPA7;planned
413180811;47580384578;2026-07-25;;2026-07-25;EARLY;=C9_PM1;EPA7;planned
413181406;47370432743;2026-07-21;2026-07-23;2026-07-23;VENCIDO;=C2_PM1;EPA7;planned
413181406;47452964734;;;;;=C2_PM1;EPA7;planned
413181406;47461575771;2026-07-12;2026-07-13;2026-07-13;VENCIDO;=C2_PM1;EPA7;planned
413181406;47465794830;2026-07-21;2026-07-25;2026-07-25;EARLY;=C2_PM1;EPA7;planned
413181406;47473849112;2026-07-20;2026-07-26;2026-07-26;EARLY;=C2_PM1;EPA7;planned
413181406;47477945558;2026-07-21;2026-07-27;2026-07-27;EARLY;=C2_PM1;EPA7;planned
413181406;47478480803;2026-07-21;2026-07-25;2026-07-25;EARLY;=C2_PM1;EPA7;planned
413181406;47494637970;2026-07-20;2026-07-22;2026-07-22;VENCIDO;=C2_PM1;EPA7;planned
413181406;47499359417;2026-07-19;2026-07-20;2026-07-20;VENCIDO;=C2_PM1;EPA7;planned
413181406;47499789434;2026-07-24;2026-07-26;2026-07-26;EARLY;=C2_PM1;EPA7;planned
413181406;47506322128;2026-07-19;2026-07-25;2026-07-25;EARLY;=C2_PM1;EPA7;planned
413181406;47508088898;2026-07-17;;2026-07-17;VENCIDO;=C2_PM1;EPA7;planned
413181406;47514135429;2026-07-23;2026-07-27;2026-07-27;EARLY;=C2_PM1;EPA7;planned
413181406;47514516289;2026-07-21;2026-07-22;2026-07-22;VENCIDO;=C2_PM1;EPA7;planned
413181406;47518157200;2026-07-23;2026-07-28;2026-07-28;EARLY;=C2_PM1;EPA7;planned
413181406;47522293364;2026-07-22;2026-07-24;2026-07-24;ON TIME;=C2_PM1;EPA7;planned
413181406;47522917518;2026-07-21;2026-07-27;2026-07-27;EARLY;=C2_PM1;EPA7;planned
413181406;47523270242;2026-07-23;2026-07-27;2026-07-27;EARLY;=C2_PM1;EPA7;planned
413181406;47523270268;2026-07-23;2026-07-27;2026-07-27;EARLY;=C2_PM1;EPA7;planned
413181406;47523604175;2026-07-21;2026-07-26;2026-07-26;EARLY;=C2_PM1;EPA7;planned
413181406;47526631224;2026-07-22;2026-07-27;2026-07-27;EARLY;=C2_PM1;EPA7;planned
413181406;47527089206;2026-07-22;2026-07-27;2026-07-27;EARLY;=C2_PM1;EPA7;planned
413181406;47529559752;2026-07-22;2026-07-26;2026-07-26;EARLY;=C2_PM1;EPA7;planned
413181406;47529559976;2026-07-23;2026-07-27;2026-07-27;EARLY;=C2_PM1;EPA7;planned
413181406;47529560082;2026-07-23;2026-07-27;2026-07-27;EARLY;=C2_PM1;EPA7;planned
413181406;47529926930;2026-07-23;2026-07-27;2026-07-27;EARLY;=C2_PM1;EPA7;planned
413181406;47530261763;2026-07-22;2026-07-24;2026-07-24;ON TIME;=C2_PM1;EPA7;planned
413181406;47530543289;2026-07-23;2026-07-24;2026-07-24;ON TIME;=C2_PM1;EPA7;planned
413181406;47534272984;2026-07-23;2026-07-27;2026-07-27;EARLY;=C2_PM1;EPA7;planned
413181406;47536825289;2026-07-22;2026-07-26;2026-07-26;EARLY;=C2_PM1;EPA7;planned
413181406;47537245006;2026-07-22;2026-07-26;2026-07-26;EARLY;=C2_PM1;EPA7;planned
413181406;47537338672;2026-07-23;2026-07-27;2026-07-27;EARLY;=C2_PM1;EPA7;planned
413181406;47542321214;2026-07-25;2026-07-28;2026-07-28;EARLY;=C2_PM1;EPA7;planned
413181406;47543785873;2026-07-23;2026-07-27;2026-07-27;EARLY;=C2_PM1;EPA7;planned
413181406;47545179996;2026-07-23;2026-07-27;2026-07-27;EARLY;=C2_PM1;EPA7;planned
413181406;47547187587;2026-07-24;2026-07-27;2026-07-27;EARLY;=C2_PM1;EPA7;planned
413181406;47547340071;2026-07-24;;2026-07-24;ON TIME;=C2_PM1;EPA7;planned
413181406;47547418694;2026-07-24;2026-07-27;2026-07-27;EARLY;=C2_PM1;EPA7;planned
413181406;47548120105;2026-07-23;2026-07-27;2026-07-27;EARLY;=C2_PM1;EPA7;planned
413181406;47549581783;2026-07-24;2026-07-26;2026-07-26;EARLY;=C2_PM1;EPA7;planned
413181406;47550051909;2026-07-25;2026-07-27;2026-07-27;EARLY;=C2_PM1;EPA7;planned
413181406;47552347470;2026-07-24;2026-07-27;2026-07-27;EARLY;=C2_PM1;EPA7;planned
413181406;47554052837;2026-07-25;;2026-07-25;EARLY;=C2_PM1;EPA7;planned
413181406;47554457887;2026-07-24;2026-07-27;2026-07-27;EARLY;=C2_PM1;EPA7;planned
413181406;47555148719;2026-07-25;;2026-07-25;EARLY;=C2_PM1;EPA7;planned
413181406;47556127386;2026-07-24;2026-07-26;2026-07-26;EARLY;=C2_PM1;EPA7;planned
413181406;47556721356;2026-07-25;;2026-07-25;EARLY;=C2_PM1;EPA7;planned
413181406;47557082838;2026-07-23;2026-07-27;2026-07-27;EARLY;=C2_PM1;EPA7;planned
413181406;47557170603;2026-07-23;2026-07-27;2026-07-27;EARLY;=C2_PM1;EPA7;planned
413181406;47557292758;2026-07-25;;2026-07-25;EARLY;=C2_PM1;EPA7;planned
413181406;47557513106;2026-07-23;2026-07-25;2026-07-25;EARLY;=C2_PM1;EPA7;planned
413181406;47557513140;2026-07-25;2026-07-27;2026-07-27;EARLY;=C2_PM1;EPA7;planned
413181406;47557587247;2026-07-25;2026-07-26;2026-07-26;EARLY;=C2_PM1;EPA7;planned
413181406;47557703594;2026-07-23;2026-07-27;2026-07-27;EARLY;=C2_PM1;EPA7;planned
413181406;47557892986;2026-07-24;2026-07-26;2026-07-26;EARLY;=C2_PM1;EPA7;planned
413181406;47557941814;2026-07-25;;2026-07-25;EARLY;=C2_PM1;EPA7;planned
413181406;47558440904;2026-07-23;2026-07-25;2026-07-25;EARLY;=C2_PM1;EPA7;planned
413181406;47558870444;2026-07-26;2026-07-28;2026-07-28;EARLY;=C2_PM1;EPA7;planned
413181406;47560388485;2026-07-25;;2026-07-25;EARLY;=C2_PM1;EPA7;planned
413181406;47560537108;2026-07-24;2026-07-26;2026-07-26;EARLY;=C2_PM1;EPA7;planned
413181406;47560537248;2026-07-24;2026-07-25;2026-07-25;EARLY;=C2_PM1;EPA7;planned
413181406;47560553139;2026-07-23;2026-07-25;2026-07-25;EARLY;=C2_PM1;EPA7;planned
413181406;47560640950;2026-07-25;;2026-07-25;EARLY;=C2_PM1;EPA7;planned
413181406;47560641040;2026-07-25;;2026-07-25;EARLY;=C2_PM1;EPA7;planned
413181406;47560669657;2026-07-23;2026-07-24;2026-07-24;ON TIME;=C2_PM1;EPA7;planned
413181406;47560670341;2026-07-24;2026-07-25;2026-07-25;EARLY;=C2_PM1;EPA7;planned
413181406;47560670461;2026-07-24;2026-07-25;2026-07-25;EARLY;=C2_PM1;EPA7;planned
413181406;47560721287;2026-07-22;2026-07-26;2026-07-26;EARLY;=C2_PM1;EPA7;planned
413181406;47560784183;2026-07-25;;2026-07-25;EARLY;=C2_PM1;EPA7;planned
413181406;47560799445;2026-07-25;;2026-07-25;EARLY;=C2_PM1;EPA7;planned
413181406;47560799537;2026-07-26;2026-07-27;2026-07-27;EARLY;=C2_PM1;EPA7;planned
413181406;47560921934;2026-07-24;2026-07-25;2026-07-25;EARLY;=C2_PM1;EPA7;planned
413181406;47561058841;2026-07-25;;2026-07-25;EARLY;=C2_PM1;EPA7;planned
413181406;47561318576;2026-07-25;;2026-07-25;EARLY;=C2_PM1;EPA7;planned
413181406;47561451726;2026-07-25;;2026-07-25;EARLY;=C2_PM1;EPA7;planned
413181406;47562376499;2026-07-25;;2026-07-25;EARLY;=C2_PM1;EPA7;planned
413181406;47562841316;2026-07-24;2026-07-26;2026-07-26;EARLY;=C2_PM1;EPA7;planned
413181406;47562903073;2026-07-23;2026-07-25;2026-07-25;EARLY;=C2_PM1;EPA7;planned
413181406;47563088772;2026-07-25;2026-07-26;2026-07-26;EARLY;=C2_PM1;EPA7;planned
413181406;47563159404;2026-07-25;;2026-07-25;EARLY;=C2_PM1;EPA7;planned
413181406;47564190862;2026-07-24;2026-07-26;2026-07-26;EARLY;=C2_PM1;EPA7;planned
413181406;47564233071;2026-07-25;;2026-07-25;EARLY;=C2_PM1;EPA7;planned
413181406;47564630658;2026-07-25;;2026-07-25;EARLY;=C2_PM1;EPA7;planned
413181406;47565342226;2026-07-23;2026-07-24;2026-07-24;ON TIME;=C2_PM1;EPA7;planned
413181406;47565816239;2026-07-24;2026-07-25;2026-07-25;EARLY;=C2_PM1;EPA7;planned
413181406;47565937231;2026-07-24;2026-07-26;2026-07-26;EARLY;=C2_PM1;EPA7;planned
413181406;47566067564;2026-07-24;2026-07-25;2026-07-25;EARLY;=C2_PM1;EPA7;planned
413181406;47566813756;2026-07-25;;2026-07-25;EARLY;=C2_PM1;EPA7;planned
413181406;47567286862;2026-07-24;2026-07-25;2026-07-25;EARLY;=C2_PM1;EPA7;planned
413181406;47568035790;2026-07-25;;2026-07-25;EARLY;=C2_PM1;EPA7;planned
413181406;47568598808;2026-07-25;;2026-07-25;EARLY;=C2_PM1;EPA7;planned
413181406;47569243362;2026-07-24;2026-07-25;2026-07-25;EARLY;=C2_PM1;EPA7;planned
413181406;47569564263;2026-07-24;2026-07-25;2026-07-25;EARLY;=C2_PM1;EPA7;planned
413181406;47569923271;2026-07-24;2026-07-25;2026-07-25;EARLY;=C2_PM1;EPA7;planned
413181406;47569986179;2026-07-24;2026-07-25;2026-07-25;EARLY;=C2_PM1;EPA7;planned
413181406;47571166662;2026-07-25;;2026-07-25;EARLY;=C2_PM1;EPA7;planned
413181406;47572287623;2026-07-26;;2026-07-26;EARLY;=C2_PM1;EPA7;planned
413181406;47572905772;2026-07-25;;2026-07-25;EARLY;=C2_PM1;EPA7;planned
413181406;47573640524;2026-07-25;;2026-07-25;EARLY;=C2_PM1;EPA7;planned
413181406;47573857917;2026-07-25;;2026-07-25;EARLY;=C2_PM1;EPA7;planned
413181406;47573982546;2026-07-25;;2026-07-25;EARLY;=C2_PM1;EPA7;planned
413181406;47573982724;2026-07-25;;2026-07-25;EARLY;=C2_PM1;EPA7;planned
413181406;47573982792;2026-07-25;;2026-07-25;EARLY;=C2_PM1;EPA7;planned
413181406;47573988885;;;;;=C2_PM1;EPA7;planned
413181406;47574238968;;;;;=C2_PM1;EPA7;planned
413181406;47574245781;2026-07-25;;2026-07-25;EARLY;=C2_PM1;EPA7;planned
413181406;47574779563;2026-07-25;;2026-07-25;EARLY;=C2_PM1;EPA7;planned
413181406;47575175452;2026-07-25;;2026-07-25;EARLY;=C2_PM1;EPA7;planned
413181406;47575251190;2026-07-25;;2026-07-25;EARLY;=C2_PM1;EPA7;planned
413181406;47575314963;2026-07-25;2026-07-29;2026-07-29;EARLY;=C2_PM1;EPA7;planned
413181406;47575462750;2026-07-25;;2026-07-25;EARLY;=C2_PM1;EPA7;planned
413181406;47575476722;2026-07-26;2026-07-28;2026-07-28;EARLY;=C2_PM1;EPA7;planned
413181406;47577365252;2026-07-25;;2026-07-25;EARLY;=C2_PM1;EPA7;planned
413181406;47577428944;2026-07-25;;2026-07-25;EARLY;=C2_PM1;EPA7;planned
413181406;47577694452;2026-07-25;;2026-07-25;EARLY;=C2_PM1;EPA7;planned
413181406;47578964008;2026-07-25;;2026-07-25;EARLY;=C2_PM1;EPA7;planned
413181406;47580713433;2026-07-25;;2026-07-25;EARLY;=C2_PM1;EPA7;planned
413181406;47580964368;2026-07-25;;2026-07-25;EARLY;=C2_PM1;EPA7;planned
413181749;47456656215;2026-07-19;2026-07-25;2026-07-25;EARLY;=C25_PM1;EPA7;planned
413181749;47491400329;2026-07-22;2026-07-26;2026-07-26;EARLY;=C25_PM1;EPA7;planned
413181749;47491669410;2026-07-22;2026-07-26;2026-07-26;EARLY;=C25_PM1;EPA7;planned
413181749;47503227858;2026-07-22;2026-07-26;2026-07-26;EARLY;=C25_PM1;EPA7;planned
413181749;47508121749;2026-07-23;2026-07-27;2026-07-27;EARLY;=C25_PM1;EPA7;planned
413181749;47510315822;2026-07-23;2026-07-27;2026-07-27;EARLY;=C25_PM1;EPA7;planned
413181749;47511011032;2026-07-23;2026-07-27;2026-07-27;EARLY;=C25_PM1;EPA7;planned
413181749;47514866166;2026-07-23;2026-07-27;2026-07-27;EARLY;=C25_PM1;EPA7;planned
413181749;47520967768;2026-07-24;2026-07-26;2026-07-26;EARLY;=C25_PM1;EPA7;planned
413181749;47525063129;2026-07-23;2026-07-27;2026-07-27;EARLY;=C25_PM1;EPA7;planned
413181749;47527141840;2026-07-23;2026-07-27;2026-07-27;EARLY;=C25_PM1;EPA7;planned
413181749;47527295625;2026-07-23;2026-07-27;2026-07-27;EARLY;=C25_PM1;EPA7;planned
413181749;47527462535;2026-07-23;2026-07-27;2026-07-27;EARLY;=C25_PM1;EPA7;planned
413181749;47528850372;2026-07-24;2026-07-28;2026-07-28;EARLY;=C25_PM1;EPA7;planned
413181749;47529413611;2026-07-23;2026-07-27;2026-07-27;EARLY;=C25_PM1;EPA7;planned
413181749;47530432152;2026-07-22;2026-07-27;2026-07-27;EARLY;=C25_PM1;EPA7;planned
413181749;47531385841;2026-07-23;2026-07-27;2026-07-27;EARLY;=C25_PM1;EPA7;planned
413181749;47533716701;2026-07-23;2026-07-27;2026-07-27;EARLY;=C25_PM1;EPA7;planned
413181749;47533967841;2026-07-24;2026-07-25;2026-07-25;EARLY;=C25_PM1;EPA7;planned
413181749;47534568576;2026-07-23;2026-07-27;2026-07-27;EARLY;=C25_PM1;EPA7;planned
413181749;47534654903;2026-07-24;2026-07-27;2026-07-27;EARLY;=C25_PM1;EPA7;planned
413181749;47535302202;2026-07-24;;2026-07-24;ON TIME;=C25_PM1;EPA7;planned
413181749;47538856095;2026-07-25;2026-07-27;2026-07-27;EARLY;=C25_PM1;EPA7;planned
413181749;47538921681;2026-07-23;2026-07-27;2026-07-27;EARLY;=C25_PM1;EPA7;planned
413181749;47540572313;2026-07-23;2026-07-27;2026-07-27;EARLY;=C25_PM1;EPA7;planned
413181749;47540928678;2026-07-23;2026-07-27;2026-07-27;EARLY;=C25_PM1;EPA7;planned
413181749;47542529260;2026-07-23;2026-07-27;2026-07-27;EARLY;=C25_PM1;EPA7;planned
413181749;47542882904;2026-07-25;2026-07-29;2026-07-29;EARLY;=C25_PM1;EPA7;planned
413181749;47543893523;2026-07-23;2026-07-27;2026-07-27;EARLY;=C25_PM1;EPA7;planned
413181749;47543893583;2026-07-24;;2026-07-24;ON TIME;=C25_PM1;EPA7;planned
413181749;47544146926;2026-07-23;2026-07-27;2026-07-27;EARLY;=C25_PM1;EPA7;planned
413181749;47544167789;2026-07-23;2026-07-27;2026-07-27;EARLY;=C25_PM1;EPA7;planned
413181749;47544228648;2026-07-23;2026-07-27;2026-07-27;EARLY;=C25_PM1;EPA7;planned
413181749;47544234315;2026-07-23;2026-07-27;2026-07-27;EARLY;=C25_PM1;EPA7;planned
413181749;47544234329;2026-07-23;2026-07-27;2026-07-27;EARLY;=C25_PM1;EPA7;planned
413181749;47544940219;2026-07-23;2026-07-27;2026-07-27;EARLY;=C25_PM1;EPA7;planned
413181749;47546561331;2026-07-24;2026-07-26;2026-07-26;EARLY;=C25_PM1;EPA7;planned
413181749;47547309395;2026-07-25;;2026-07-25;EARLY;=C25_PM1;EPA7;planned
413181749;47548818150;2026-07-24;2026-07-25;2026-07-25;EARLY;=C25_PM1;EPA7;planned
413181749;47549599264;2026-07-22;2026-07-26;2026-07-26;EARLY;=C25_PM1;EPA7;planned
413181749;47550241636;2026-07-23;2026-07-25;2026-07-25;EARLY;=C25_PM1;EPA7;planned
413181749;47550347108;2026-07-24;2026-07-26;2026-07-26;EARLY;=C25_PM1;EPA7;planned
413181749;47550605877;2026-07-24;2026-07-26;2026-07-26;EARLY;=C25_PM1;EPA7;planned
413181749;47550612764;2026-07-24;2026-07-26;2026-07-26;EARLY;=C25_PM1;EPA7;planned
413181749;47551959815;2026-07-24;;2026-07-24;ON TIME;=C25_PM1;EPA7;planned
413181749;47552168777;2026-07-22;;2026-07-22;VENCIDO;=C25_PM1;EPA7;planned
413181749;47552914645;2026-07-24;2026-07-26;2026-07-26;EARLY;=C25_PM1;EPA7;planned
413181749;47553427302;2026-07-24;2026-07-25;2026-07-25;EARLY;=C25_PM1;EPA7;planned
413181749;47553914593;2026-07-25;2026-07-27;2026-07-27;EARLY;=C25_PM1;EPA7;planned
413181749;47554720703;2026-07-24;2026-07-27;2026-07-27;EARLY;=C25_PM1;EPA7;planned
413181749;47555596142;2026-07-24;;2026-07-24;ON TIME;=C25_PM1;EPA7;planned
413181749;47557103838;2026-07-24;2026-07-26;2026-07-26;EARLY;=C25_PM1;EPA7;planned
413181749;47557111379;2026-07-25;;2026-07-25;EARLY;=C25_PM1;EPA7;planned
413181749;47558028717;2026-07-25;2026-07-26;2026-07-26;EARLY;=C25_PM1;EPA7;planned
413181749;47558179220;2026-07-25;;2026-07-25;EARLY;=C25_PM1;EPA7;planned
413181749;47558322066;2026-07-24;2026-07-26;2026-07-26;EARLY;=C25_PM1;EPA7;planned
413181749;47558514207;2026-07-24;2026-07-26;2026-07-26;EARLY;=C25_PM1;EPA7;planned
413181749;47558965780;2026-07-25;2026-07-26;2026-07-26;EARLY;=C25_PM1;EPA7;planned
413181749;47559134989;2026-07-24;;2026-07-24;ON TIME;=C25_PM1;EPA7;planned
413181749;47559148258;2026-07-25;2026-07-26;2026-07-26;EARLY;=C25_PM1;EPA7;planned
413181749;47559164920;2026-07-25;2026-07-26;2026-07-26;EARLY;=C25_PM1;EPA7;planned
413181749;47560281817;2026-07-25;;2026-07-25;EARLY;=C25_PM1;EPA7;planned
413181749;47560527544;2026-07-24;2026-07-26;2026-07-26;EARLY;=C25_PM1;EPA7;planned
413181749;47560803344;2026-07-23;2026-07-25;2026-07-25;EARLY;=C25_PM1;EPA7;planned
413181749;47561304415;2026-07-24;2026-07-26;2026-07-26;EARLY;=C25_PM1;EPA7;planned
413181749;47561352029;2026-07-25;;2026-07-25;EARLY;=C25_PM1;EPA7;planned
413181749;47562950797;2026-07-25;2026-07-26;2026-07-26;EARLY;=C25_PM1;EPA7;planned
413181749;47563531681;2026-07-24;2026-07-26;2026-07-26;EARLY;=C25_PM1;EPA7;planned
413181749;47564188671;2026-07-24;2026-07-25;2026-07-25;EARLY;=C25_PM1;EPA7;planned
413181749;47566019808;2026-07-24;2026-07-25;2026-07-25;EARLY;=C25_PM1;EPA7;planned
413181749;47566783216;2026-07-25;2026-07-26;2026-07-26;EARLY;=C25_PM1;EPA7;planned
413181749;47566783448;2026-07-24;2026-07-26;2026-07-26;EARLY;=C25_PM1;EPA7;planned
413181749;47567023272;2026-07-25;;2026-07-25;EARLY;=C25_PM1;EPA7;planned
413181749;47567182926;2026-07-24;2026-07-25;2026-07-25;EARLY;=C25_PM1;EPA7;planned
413181749;47567886286;2026-07-24;2026-07-27;2026-07-27;EARLY;=C25_PM1;EPA7;planned
413181749;47569980369;2026-07-24;2026-07-25;2026-07-25;EARLY;=C25_PM1;EPA7;planned
413181749;47570787044;2026-07-24;2026-07-26;2026-07-26;EARLY;=C25_PM1;EPA7;planned
413181749;47571989724;2026-07-25;2026-07-27;2026-07-27;EARLY;=C25_PM1;EPA7;planned
413181749;47572930891;2026-07-24;2026-07-26;2026-07-26;EARLY;=C25_PM1;EPA7;planned
413181749;47573128087;2026-07-25;;2026-07-25;EARLY;=C25_PM1;EPA7;planned
413181749;47573143537;2026-07-25;;2026-07-25;EARLY;=C25_PM1;EPA7;planned
413181749;47573144007;2026-07-25;;2026-07-25;EARLY;=C25_PM1;EPA7;planned
413181749;47573393366;2026-07-25;;2026-07-25;EARLY;=C25_PM1;EPA7;planned
413181749;47573427912;2026-07-24;2026-07-26;2026-07-26;EARLY;=C25_PM1;EPA7;planned
413181749;47573679453;2026-07-25;;2026-07-25;EARLY;=C25_PM1;EPA7;planned
413181749;47574006371;2026-07-25;;2026-07-25;EARLY;=C25_PM1;EPA7;planned
413181749;47574023155;2026-07-25;;2026-07-25;EARLY;=C25_PM1;EPA7;planned
413181749;47574260650;2026-07-25;;2026-07-25;EARLY;=C25_PM1;EPA7;planned
413181749;47575016818;2026-07-25;;2026-07-25;EARLY;=C25_PM1;EPA7;planned
413181749;47575229269;2026-07-25;;2026-07-25;EARLY;=C25_PM1;EPA7;planned
413181749;47576188390;2026-07-25;;2026-07-25;EARLY;=C25_PM1;EPA7;planned
413181749;47576341805;2026-07-25;;2026-07-25;EARLY;=C25_PM1;EPA7;planned
413181749;47576949514;2026-07-25;;2026-07-25;EARLY;=C25_PM1;EPA7;planned
413181749;47577116925;2026-07-25;;2026-07-25;EARLY;=C25_PM1;EPA7;planned
413181749;47577366342;2026-07-25;;2026-07-25;EARLY;=C25_PM1;EPA7;planned
413181749;47578547555;2026-07-25;;2026-07-25;EARLY;=C25_PM1;EPA7;planned
413181749;47578922333;2026-07-25;;2026-07-25;EARLY;=C25_PM1;EPA7;planned
413181749;47579669494;2026-07-25;;2026-07-25;EARLY;=C25_PM1;EPA7;planned
413181749;47580323721;2026-07-25;;2026-07-25;EARLY;=C25_PM1;EPA7;planned
413181749;47580573526;2026-07-25;;2026-07-25;EARLY;=C25_PM1;EPA7;planned
413181875;47483979512;2026-07-21;2026-07-27;2026-07-27;EARLY;=C7_PM1;EPA7;planned
413181875;47501302708;2026-07-23;2026-07-26;2026-07-26;EARLY;=C7_PM1;EPA7;planned
413181875;47511937428;2026-07-23;2026-07-27;2026-07-27;EARLY;=C7_PM1;EPA7;planned
413181875;47516575064;2026-07-23;2026-07-27;2026-07-27;EARLY;=C7_PM1;EPA7;planned
413181875;47519585383;2026-07-23;2026-07-27;2026-07-27;EARLY;=C7_PM1;EPA7;planned
413181875;47526557377;2026-07-23;2026-07-27;2026-07-27;EARLY;=C7_PM1;EPA7;planned
413181875;47529087728;2026-07-27;2026-07-31;2026-07-31;EARLY;=C7_PM1;EPA7;planned
413181875;47530802899;2026-07-22;2026-07-26;2026-07-26;EARLY;=C7_PM1;EPA7;planned
413181875;47531674981;2026-07-21;2026-07-27;2026-07-27;EARLY;=C7_PM1;EPA7;planned
413181875;47534259705;2026-07-24;2026-07-27;2026-07-27;EARLY;=C7_PM1;EPA7;planned
413181875;47534358421;2026-07-23;2026-07-27;2026-07-27;EARLY;=C7_PM1;EPA7;planned
413181875;47535885914;2026-07-23;2026-07-27;2026-07-27;EARLY;=C7_PM1;EPA7;planned
413181875;47536504673;2026-07-22;2026-07-26;2026-07-26;EARLY;=C7_PM1;EPA7;planned
413181875;47536923416;2026-07-21;2026-07-26;2026-07-26;EARLY;=C7_PM1;EPA7;planned
413181875;47539836952;2026-07-23;2026-07-27;2026-07-27;EARLY;=C7_PM1;EPA7;planned
413181875;47539861082;2026-07-23;2026-07-27;2026-07-27;EARLY;=C7_PM1;EPA7;planned
413181875;47541798861;2026-07-23;2026-07-27;2026-07-27;EARLY;=C7_PM1;EPA7;planned
413181875;47542021127;2026-07-25;;2026-07-25;EARLY;=C7_PM1;EPA7;planned
413181875;47542219443;2026-07-26;2026-07-28;2026-07-28;EARLY;=C7_PM1;EPA7;planned
413181875;47543119711;2026-07-22;2026-07-26;2026-07-26;EARLY;=C7_PM1;EPA7;planned
413181875;47543227659;2026-07-23;2026-07-27;2026-07-27;EARLY;=C7_PM1;EPA7;planned
413181875;47543340510;2026-07-23;2026-07-27;2026-07-27;EARLY;=C7_PM1;EPA7;planned
413181875;47543352458;2026-07-25;2026-07-27;2026-07-27;EARLY;=C7_PM1;EPA7;planned
413181875;47543656215;2026-07-23;2026-07-27;2026-07-27;EARLY;=C7_PM1;EPA7;planned
413181875;47543873151;2026-07-23;2026-07-27;2026-07-27;EARLY;=C7_PM1;EPA7;planned
413181875;47544126422;2026-07-23;2026-07-27;2026-07-27;EARLY;=C7_PM1;EPA7;planned
413181875;47544477653;2026-07-23;2026-07-27;2026-07-27;EARLY;=C7_PM1;EPA7;planned
413181875;47544544796;2026-07-23;2026-07-27;2026-07-27;EARLY;=C7_PM1;EPA7;planned
413181875;47545356178;2026-07-23;2026-07-27;2026-07-27;EARLY;=C7_PM1;EPA7;planned
413181875;47546207471;2026-07-24;2026-07-25;2026-07-25;EARLY;=C7_PM1;EPA7;planned
413181875;47547358671;2026-07-24;2026-07-26;2026-07-26;EARLY;=C7_PM1;EPA7;planned
413181875;47547714788;2026-07-24;2026-07-26;2026-07-26;EARLY;=C7_PM1;EPA7;planned
413181875;47547796762;2026-07-24;2026-07-27;2026-07-27;EARLY;=C7_PM1;EPA7;planned
413181875;47548892771;2026-07-25;2026-07-26;2026-07-26;EARLY;=C7_PM1;EPA7;planned
413181875;47550753345;2026-07-25;2026-07-26;2026-07-26;EARLY;=C7_PM1;EPA7;planned
413181875;47551354609;2026-07-25;;2026-07-25;EARLY;=C7_PM1;EPA7;planned
413181875;47552606983;2026-07-25;;2026-07-25;EARLY;=C7_PM1;EPA7;planned
413181875;47552947765;2026-07-24;2026-07-26;2026-07-26;EARLY;=C7_PM1;EPA7;planned
413181875;47553418006;2026-07-23;2026-07-27;2026-07-27;EARLY;=C7_PM1;EPA7;planned
413181875;47554312177;2026-07-25;;2026-07-25;EARLY;=C7_PM1;EPA7;planned
413181875;47554397749;2026-07-23;2026-07-25;2026-07-25;EARLY;=C7_PM1;EPA7;planned
413181875;47554461947;2026-07-24;2026-07-27;2026-07-27;EARLY;=C7_PM1;EPA7;planned
413181875;47554784238;2026-07-24;2026-07-26;2026-07-26;EARLY;=C7_PM1;EPA7;planned
413181875;47555061925;2026-07-25;;2026-07-25;EARLY;=C7_PM1;EPA7;planned
413181875;47555682669;2026-07-22;2026-07-26;2026-07-26;EARLY;=C7_PM1;EPA7;planned
413181875;47555830727;2026-07-24;2026-07-27;2026-07-27;EARLY;=C7_PM1;EPA7;planned
413181875;47556718755;2026-07-25;;2026-07-25;EARLY;=C7_PM1;EPA7;planned
413181875;47556765535;2026-07-23;2026-07-27;2026-07-27;EARLY;=C7_PM1;EPA7;planned
413181875;47556899885;2026-07-24;2026-07-27;2026-07-27;EARLY;=C7_PM1;EPA7;planned
413181875;47557551232;2026-07-23;2026-07-27;2026-07-27;EARLY;=C7_PM1;EPA7;planned
413181875;47558849791;2026-07-24;2026-07-26;2026-07-26;EARLY;=C7_PM1;EPA7;planned
413181875;47558962812;2026-07-24;2026-07-26;2026-07-26;EARLY;=C7_PM1;EPA7;planned
413181875;47559309333;2026-07-24;2026-07-25;2026-07-25;EARLY;=C7_PM1;EPA7;planned
413181875;47559490919;2026-07-24;2026-07-26;2026-07-26;EARLY;=C7_PM1;EPA7;planned
413181875;47560584040;2026-07-24;2026-07-25;2026-07-25;EARLY;=C7_PM1;EPA7;planned
413181875;47561416670;2026-07-24;2026-07-26;2026-07-26;EARLY;=C7_PM1;EPA7;planned
413181875;47562896300;2026-07-24;2026-07-25;2026-07-25;EARLY;=C7_PM1;EPA7;planned
413181875;47563105456;2026-07-23;2026-07-25;2026-07-25;EARLY;=C7_PM1;EPA7;planned
413181875;47563294777;2026-07-25;;2026-07-25;EARLY;=C7_PM1;EPA7;planned
413181875;47563295009;2026-07-25;;2026-07-25;EARLY;=C7_PM1;EPA7;planned
413181875;47563512735;2026-07-24;2026-07-26;2026-07-26;EARLY;=C7_PM1;EPA7;planned
413181875;47563512857;2026-07-24;2026-07-26;2026-07-26;EARLY;=C7_PM1;EPA7;planned
413181875;47563512873;2026-07-24;2026-07-26;2026-07-26;EARLY;=C7_PM1;EPA7;planned
413181875;47563819787;2026-07-25;;2026-07-25;EARLY;=C7_PM1;EPA7;planned
413181875;47566232897;2026-07-25;;2026-07-25;EARLY;=C7_PM1;EPA7;planned
413181875;47566574183;2026-07-24;2026-07-25;2026-07-25;EARLY;=C7_PM1;EPA7;planned
413181875;47567433268;2026-07-24;2026-07-25;2026-07-25;EARLY;=C7_PM1;EPA7;planned
413181875;47567596766;2026-07-24;2026-07-25;2026-07-25;EARLY;=C7_PM1;EPA7;planned
413181875;47568020319;2026-07-24;2026-07-25;2026-07-25;EARLY;=C7_PM1;EPA7;planned
413181875;47568156362;2026-07-25;;2026-07-25;EARLY;=C7_PM1;EPA7;planned
413181875;47568156500;2026-07-25;;2026-07-25;EARLY;=C7_PM1;EPA7;planned
413181875;47568176691;2026-07-24;2026-07-25;2026-07-25;EARLY;=C7_PM1;EPA7;planned
413181875;47568538134;2026-07-25;;2026-07-25;EARLY;=C7_PM1;EPA7;planned
413181875;47569446926;2026-07-25;;2026-07-25;EARLY;=C7_PM1;EPA7;planned
413181875;47569522082;2026-07-24;2026-07-25;2026-07-25;EARLY;=C7_PM1;EPA7;planned
413181875;47569905525;2026-07-25;2026-07-26;2026-07-26;EARLY;=C7_PM1;EPA7;planned
413181875;47570183191;2026-07-26;2026-07-27;2026-07-27;EARLY;=C7_PM1;EPA7;planned
413181875;47570303546;2026-07-25;;2026-07-25;EARLY;=C7_PM1;EPA7;planned
413181875;47570739182;2026-07-24;;2026-07-24;ON TIME;=C7_PM1;EPA7;planned
413181875;47572157843;2026-07-24;2026-07-26;2026-07-26;EARLY;=C7_PM1;EPA7;planned
413181875;47572660381;2026-07-25;;2026-07-25;EARLY;=C7_PM1;EPA7;planned
413181875;47572817116;2026-07-24;2026-07-26;2026-07-26;EARLY;=C7_PM1;EPA7;planned
413181875;47572893795;2026-07-25;;2026-07-25;EARLY;=C7_PM1;EPA7;planned
413181875;47572910860;2026-07-25;;2026-07-25;EARLY;=C7_PM1;EPA7;planned
413181875;47573468930;2026-07-25;;2026-07-25;EARLY;=C7_PM1;EPA7;planned
413181875;47573699482;2026-07-25;2026-07-27;2026-07-27;EARLY;=C7_PM1;EPA7;planned
413181875;47574034337;2026-07-25;;2026-07-25;EARLY;=C7_PM1;EPA7;planned
413181875;47574702814;2026-07-25;;2026-07-25;EARLY;=C7_PM1;EPA7;planned
413181875;47574715178;2026-07-25;;2026-07-25;EARLY;=C7_PM1;EPA7;planned
413181875;47574891533;2026-07-25;;2026-07-25;EARLY;=C7_PM1;EPA7;planned
413181875;47574987299;2026-07-25;;2026-07-25;EARLY;=C7_PM1;EPA7;planned
413181875;47577470249;2026-07-25;;2026-07-25;EARLY;=C7_PM1;EPA7;planned
413181875;47577608863;2026-07-25;;2026-07-25;EARLY;=C7_PM1;EPA7;planned
413181875;47577979924;2026-07-25;;2026-07-25;EARLY;=C7_PM1;EPA7;planned
413181875;47578219615;2026-07-25;;2026-07-25;EARLY;=C7_PM1;EPA7;planned
413181875;47578316138;2026-07-25;;2026-07-25;EARLY;=C7_PM1;EPA7;planned
413181875;47578479231;2026-07-25;;2026-07-25;EARLY;=C7_PM1;EPA7;planned
413181875;47578533926;2026-07-25;;2026-07-25;EARLY;=C7_PM1;EPA7;planned
413200824;47454959828;2026-07-12;2026-07-16;2026-07-16;VENCIDO;=A19_PM1;ETO4;planned
413200824;47510111214;2026-07-21;2026-07-26;2026-07-26;EARLY;=A19_PM1;ETO4;planned
413200824;47511407601;2026-07-21;2026-07-25;2026-07-25;EARLY;=A19_PM1;ETO4;planned
413200824;47525778397;2026-07-21;2026-07-27;2026-07-27;EARLY;=A19_PM1;ETO4;planned
413200824;47526304899;2026-07-22;2026-07-27;2026-07-27;EARLY;=A19_PM1;ETO4;planned
413200824;47527381722;2026-07-23;2026-07-27;2026-07-27;EARLY;=A19_PM1;ETO4;planned
413200824;47529482076;2026-07-19;2026-07-25;2026-07-25;EARLY;=A19_PM1;ETO4;planned
413200824;47534800270;2026-07-23;2026-07-27;2026-07-27;EARLY;=A19_PM1;ETO4;planned
413200824;47535712970;2026-07-24;;2026-07-24;ON TIME;=A19_PM1;ETO4;planned
413200824;47535737438;2026-07-23;2026-07-27;2026-07-27;EARLY;=A19_PM1;ETO4;planned
413200824;47538950462;2026-07-24;2026-07-26;2026-07-26;EARLY;=A19_PM1;ETO4;planned
413200824;47539895116;2026-07-23;2026-07-27;2026-07-27;EARLY;=A19_PM1;ETO4;planned
413200824;47540300178;2026-07-23;2026-07-27;2026-07-27;EARLY;=A19_PM1;ETO4;planned
413200824;47541709251;2026-07-23;2026-07-27;2026-07-27;EARLY;=A19_PM1;ETO4;planned
413200824;47543234101;2026-07-23;2026-07-27;2026-07-27;EARLY;=A19_PM1;ETO4;planned
413200824;47544954077;2026-07-23;2026-07-27;2026-07-27;EARLY;=A19_PM1;ETO4;planned
413200824;47545636375;2026-07-25;2026-07-27;2026-07-27;EARLY;=A19_PM1;ETO4;planned
413200824;47546399238;2026-07-24;2026-07-26;2026-07-26;EARLY;=A19_PM1;ETO4;planned
413200824;47546681115;2026-07-23;2026-07-27;2026-07-27;EARLY;=A19_PM1;ETO4;planned
413200824;47547381650;2026-07-23;2026-07-27;2026-07-27;EARLY;=A19_PM1;ETO4;planned
413200824;47547467317;2026-07-24;2026-07-27;2026-07-27;EARLY;=A19_PM1;ETO4;planned
413200824;47548216479;2026-07-23;2026-07-27;2026-07-27;EARLY;=A19_PM1;ETO4;planned
413200824;47548839035;2026-07-24;;2026-07-24;ON TIME;=A19_PM1;ETO4;planned
413200824;47550498791;2026-07-23;2026-07-26;2026-07-26;EARLY;=A19_PM1;ETO4;planned
413200824;47550686351;2026-07-24;2026-07-26;2026-07-26;EARLY;=A19_PM1;ETO4;planned
413200824;47550884543;2026-07-23;2026-07-25;2026-07-25;EARLY;=A19_PM1;ETO4;planned
413200824;47552381179;2026-07-24;2026-07-27;2026-07-27;EARLY;=A19_PM1;ETO4;planned
413200824;47553082027;2026-07-24;2026-07-26;2026-07-26;EARLY;=A19_PM1;ETO4;planned
413200824;47553123379;2026-07-25;;2026-07-25;EARLY;=A19_PM1;ETO4;planned
413200824;47553707255;2026-07-24;2026-07-26;2026-07-26;EARLY;=A19_PM1;ETO4;planned
413200824;47553707271;2026-07-24;2026-07-26;2026-07-26;EARLY;=A19_PM1;ETO4;planned
413200824;47553818688;2026-07-24;2026-07-27;2026-07-27;EARLY;=A19_PM1;ETO4;planned
413200824;47554021325;2026-07-26;2026-07-30;2026-07-30;EARLY;=A19_PM1;ETO4;planned
413200824;47554180587;2026-07-25;;2026-07-25;EARLY;=A19_PM1;ETO4;planned
413200824;47554299488;2026-07-24;2026-07-27;2026-07-27;EARLY;=A19_PM1;ETO4;planned
413200824;47554326840;2026-07-24;2026-07-26;2026-07-26;EARLY;=A19_PM1;ETO4;planned
413200824;47554636130;2026-07-23;2026-07-25;2026-07-25;EARLY;=A19_PM1;ETO4;planned
413200824;47555401654;2026-07-24;2026-07-26;2026-07-26;EARLY;=A19_PM1;ETO4;planned
413200824;47555992440;2026-07-25;2026-07-29;2026-07-29;EARLY;=A19_PM1;ETO4;planned
413200824;47556584711;2026-07-25;;2026-07-25;EARLY;=A19_PM1;ETO4;planned
413200824;47556723700;2026-07-24;2026-07-26;2026-07-26;EARLY;=A19_PM1;ETO4;planned
413200824;47556755530;2026-07-25;;2026-07-25;EARLY;=A19_PM1;ETO4;planned
413200824;47557967280;2026-07-25;2026-07-26;2026-07-26;EARLY;=A19_PM1;ETO4;planned
413200824;47558147710;2026-07-23;2026-07-27;2026-07-27;EARLY;=A19_PM1;ETO4;planned
413200824;47558156852;2026-07-24;2026-07-27;2026-07-27;EARLY;=A19_PM1;ETO4;planned
413200824;47558511260;2026-07-25;;2026-07-25;EARLY;=A19_PM1;ETO4;planned
413200824;47559173093;2026-07-24;2026-07-26;2026-07-26;EARLY;=A19_PM1;ETO4;planned
413200824;47559239891;2026-07-25;;2026-07-25;EARLY;=A19_PM1;ETO4;planned
413200824;47559492128;2026-07-25;;2026-07-25;EARLY;=A19_PM1;ETO4;planned
413200824;47561466912;2026-07-24;2026-07-26;2026-07-26;EARLY;=A19_PM1;ETO4;planned
413200824;47561476137;2026-07-24;2026-07-25;2026-07-25;EARLY;=A19_PM1;ETO4;planned
413200824;47561551180;2026-07-25;2026-07-27;2026-07-27;EARLY;=A19_PM1;ETO4;planned
413200824;47562441416;2026-07-24;2026-07-26;2026-07-26;EARLY;=A19_PM1;ETO4;planned
413200824;47564900263;2026-07-25;;2026-07-25;EARLY;=A19_PM1;ETO4;planned
413200824;47564929861;2026-07-24;2026-07-25;2026-07-25;EARLY;=A19_PM1;ETO4;planned
413200824;47564946004;2026-07-24;2026-07-25;2026-07-25;EARLY;=A19_PM1;ETO4;planned
413200824;47566464333;2026-07-24;2026-07-25;2026-07-25;EARLY;=A19_PM1;ETO4;planned
413200824;47566617596;2026-07-25;;2026-07-25;EARLY;=A19_PM1;ETO4;planned
413200824;47566624492;2026-07-24;2026-07-25;2026-07-25;EARLY;=A19_PM1;ETO4;planned
413200824;47568841852;2026-07-24;2026-07-25;2026-07-25;EARLY;=A19_PM1;ETO4;planned
413200824;47569677540;2026-07-24;2026-07-26;2026-07-26;EARLY;=A19_PM1;ETO4;planned
413200824;47569907251;2026-07-24;2026-07-26;2026-07-26;EARLY;=A19_PM1;ETO4;planned
413200824;47569930992;2026-07-24;2026-07-25;2026-07-25;EARLY;=A19_PM1;ETO4;planned
413200824;47570005052;2026-07-25;;2026-07-25;EARLY;=A19_PM1;ETO4;planned
413200824;47570026782;2026-07-24;2026-07-25;2026-07-25;EARLY;=A19_PM1;ETO4;planned
413200824;47570081438;2026-07-24;2026-07-25;2026-07-25;EARLY;=A19_PM1;ETO4;planned
413200824;47570997861;2026-07-24;2026-07-25;2026-07-25;EARLY;=A19_PM1;ETO4;planned
413200824;47571058487;2026-07-24;2026-07-25;2026-07-25;EARLY;=A19_PM1;ETO4;planned
413200824;47572079489;2026-07-24;2026-07-26;2026-07-26;EARLY;=A19_PM1;ETO4;planned
413200824;47572179727;2026-07-24;2026-07-26;2026-07-26;EARLY;=A19_PM1;ETO4;planned
413200824;47572698723;2026-07-24;2026-07-26;2026-07-26;EARLY;=A19_PM1;ETO4;planned
413200824;47573955436;2026-07-25;2026-07-27;2026-07-27;EARLY;=A19_PM1;ETO4;planned
413200824;47574133056;2026-07-25;;2026-07-25;EARLY;=A19_PM1;ETO4;planned
413200824;47574838532;2026-07-25;2026-07-27;2026-07-27;EARLY;=A19_PM1;ETO4;planned
413200824;47575604095;2026-07-25;2026-07-27;2026-07-27;EARLY;=A19_PM1;ETO4;planned
413200824;47576443917;2026-07-25;2026-07-27;2026-07-27;EARLY;=A19_PM1;ETO4;planned
413200824;47576601675;2026-07-25;;2026-07-25;EARLY;=A19_PM1;ETO4;planned
413200824;47577478640;2026-07-25;2026-07-27;2026-07-27;EARLY;=A19_PM1;ETO4;planned
413200824;47577631936;2026-07-25;;2026-07-25;EARLY;=A19_PM1;ETO4;planned
413200824;47577870294;2026-07-25;;2026-07-25;EARLY;=A19_PM1;ETO4;planned
413200824;47578080562;2026-07-25;;2026-07-25;EARLY;=A19_PM1;ETO4;planned
413200824;47578326562;2026-07-25;;2026-07-25;EARLY;=A19_PM1;ETO4;planned
413200824;47578386492;2026-07-25;;2026-07-25;EARLY;=A19_PM1;ETO4;planned
413200824;47578386728;2026-07-25;;2026-07-25;EARLY;=A19_PM1;ETO4;planned
413200824;47578398176;2026-07-25;;2026-07-25;EARLY;=A19_PM1;ETO4;planned
413200824;47579223583;2026-07-25;;2026-07-25;EARLY;=A19_PM1;ETO4;planned
413200824;47579650939;2026-07-25;;2026-07-25;EARLY;=A19_PM1;ETO4;planned
413200824;47580837470;2026-07-25;;2026-07-25;EARLY;=A19_PM1;ETO4;planned
413200992;47304205406;2026-07-13;2026-07-15;2026-07-15;VENCIDO;=A21_PM1;ETO4;planned
413200992;47448606412;2026-07-13;2026-07-14;2026-07-14;VENCIDO;=A21_PM1;ETO4;planned
413200992;47457611210;;;;;=A21_PM1;ETO4;planned
413200992;47467969394;2026-07-13;2026-07-17;2026-07-17;VENCIDO;=A21_PM1;ETO4;planned
413200992;47480327909;2026-07-19;2026-07-21;2026-07-21;VENCIDO;=A21_PM1;ETO4;planned
413200992;47485413569;2026-07-17;2026-07-18;2026-07-18;VENCIDO;=A21_PM1;ETO4;planned
413200992;47507384713;2026-07-23;2026-07-27;2026-07-27;EARLY;=A21_PM1;ETO4;planned
413200992;47514084245;2026-07-21;2026-07-23;2026-07-23;VENCIDO;=A21_PM1;ETO4;planned
413200992;47521761818;2026-07-19;2026-07-20;2026-07-20;VENCIDO;=A21_PM1;ETO4;planned
413200992;47528504090;2026-07-22;2026-07-26;2026-07-26;EARLY;=A21_PM1;ETO4;planned
413200992;47528923629;2026-07-23;2026-07-24;2026-07-24;ON TIME;=A21_PM1;ETO4;planned
413200992;47529847967;2026-07-22;2026-07-24;2026-07-24;ON TIME;=A21_PM1;ETO4;planned
413200992;47529848219;2026-07-22;2026-07-24;2026-07-24;ON TIME;=A21_PM1;ETO4;planned
413200992;47530106316;2026-07-22;2026-07-24;2026-07-24;ON TIME;=A21_PM1;ETO4;planned
413200992;47530106650;2026-07-22;2026-07-24;2026-07-24;ON TIME;=A21_PM1;ETO4;planned
413200992;47530107836;2026-07-22;2026-07-24;2026-07-24;ON TIME;=A21_PM1;ETO4;planned
413200992;47530107860;2026-07-22;2026-07-24;2026-07-24;ON TIME;=A21_PM1;ETO4;planned
413200992;47531239034;2026-07-22;2026-07-24;2026-07-24;ON TIME;=A21_PM1;ETO4;planned
413200992;47536993219;2026-07-23;2026-07-27;2026-07-27;EARLY;=A21_PM1;ETO4;planned
413200992;47537082124;2026-07-22;2026-07-26;2026-07-26;EARLY;=A21_PM1;ETO4;planned
413200992;47538330772;2026-07-21;;2026-07-21;VENCIDO;=A21_PM1;ETO4;planned
413200992;47538672451;2026-07-23;2026-07-25;2026-07-25;EARLY;=A21_PM1;ETO4;planned
413200992;47540675442;2026-07-22;2026-07-24;2026-07-24;ON TIME;=A21_PM1;ETO4;planned
413200992;47540729614;2026-07-23;2026-07-25;2026-07-25;EARLY;=A21_PM1;ETO4;planned
413200992;47543315346;2026-07-24;;2026-07-24;ON TIME;=A21_PM1;ETO4;planned
413200992;47543563795;2026-07-24;;2026-07-24;ON TIME;=A21_PM1;ETO4;planned
413200992;47543798882;2026-07-25;2026-07-27;2026-07-27;EARLY;=A21_PM1;ETO4;planned
413200992;47548123464;2026-07-26;2026-07-28;2026-07-28;EARLY;=A21_PM1;ETO4;planned
413200992;47549910483;2026-07-23;2026-07-25;2026-07-25;EARLY;=A21_PM1;ETO4;planned
413200992;47550870330;2026-07-26;2026-07-28;2026-07-28;EARLY;=A21_PM1;ETO4;planned
413200992;47550911474;2026-07-25;;2026-07-25;EARLY;=A21_PM1;ETO4;planned
413200992;47550985644;2026-07-25;2026-07-26;2026-07-26;EARLY;=A21_PM1;ETO4;planned
413200992;47551141758;2026-07-25;;2026-07-25;EARLY;=A21_PM1;ETO4;planned
413200992;47552812939;2026-07-25;;2026-07-25;EARLY;=A21_PM1;ETO4;planned
413200992;47552924506;2026-07-25;;2026-07-25;EARLY;=A21_PM1;ETO4;planned
413200992;47553758218;2026-07-24;2026-07-25;2026-07-25;EARLY;=A21_PM1;ETO4;planned
413200992;47554105708;2026-07-24;;2026-07-24;ON TIME;=A21_PM1;ETO4;planned
413200992;47554661698;2026-07-24;2026-07-26;2026-07-26;EARLY;=A21_PM1;ETO4;planned
413200992;47555128516;2026-07-24;2026-07-27;2026-07-27;EARLY;=A21_PM1;ETO4;planned
413200992;47555210002;2026-07-24;;2026-07-24;ON TIME;=A21_PM1;ETO4;planned
413200992;47555359511;2026-07-24;2026-07-27;2026-07-27;EARLY;=A21_PM1;ETO4;planned
413200992;47555542174;2026-07-25;;2026-07-25;EARLY;=A21_PM1;ETO4;planned
413200992;47555551762;2026-07-25;;2026-07-25;EARLY;=A21_PM1;ETO4;planned
413200992;47555699175;2026-07-25;;2026-07-25;EARLY;=A21_PM1;ETO4;planned
413200992;47555794318;2026-07-25;;2026-07-25;EARLY;=A21_PM1;ETO4;planned
413200992;47556604141;2026-07-25;;2026-07-25;EARLY;=A21_PM1;ETO4;planned
413200992;47556856906;2026-07-25;;2026-07-25;EARLY;=A21_PM1;ETO4;planned
413200992;47557091700;2026-07-25;;2026-07-25;EARLY;=A21_PM1;ETO4;planned
413200992;47557326262;2026-07-25;;2026-07-25;EARLY;=A21_PM1;ETO4;planned
413200992;47557565142;2026-07-25;2026-07-27;2026-07-27;EARLY;=A21_PM1;ETO4;planned
413200992;47557565264;2026-07-24;2026-07-27;2026-07-27;EARLY;=A21_PM1;ETO4;planned
413200992;47558325301;2026-07-25;;2026-07-25;EARLY;=A21_PM1;ETO4;planned
413200992;47558628602;2026-07-25;;2026-07-25;EARLY;=A21_PM1;ETO4;planned
413200992;47558668356;2026-07-25;2026-07-26;2026-07-26;EARLY;=A21_PM1;ETO4;planned
413200992;47559144761;2026-07-25;2026-07-26;2026-07-26;EARLY;=A21_PM1;ETO4;planned
413200992;47562376155;2026-07-25;2026-07-26;2026-07-26;EARLY;=A21_PM1;ETO4;planned
413200992;47562567000;2026-07-24;2026-07-26;2026-07-26;EARLY;=A21_PM1;ETO4;planned
413200992;47562903288;2026-07-24;2026-07-26;2026-07-26;EARLY;=A21_PM1;ETO4;planned
413200992;47564335528;2026-07-25;;2026-07-25;EARLY;=A21_PM1;ETO4;planned
413200992;47564462365;2026-07-25;;2026-07-25;EARLY;=A21_PM1;ETO4;planned
413200992;47564473790;2026-07-25;;2026-07-25;EARLY;=A21_PM1;ETO4;planned
413200992;47565475235;2026-07-25;;2026-07-25;EARLY;=A21_PM1;ETO4;planned
413200992;47566216951;2026-07-24;2026-07-25;2026-07-25;EARLY;=A21_PM1;ETO4;planned
413200992;47567966450;2026-07-24;2026-07-25;2026-07-25;EARLY;=A21_PM1;ETO4;planned
413200992;47568660016;2026-07-24;2026-07-25;2026-07-25;EARLY;=A21_PM1;ETO4;planned
413200992;47568860472;2026-07-24;2026-07-25;2026-07-25;EARLY;=A21_PM1;ETO4;planned
413200992;47570268076;2026-07-25;2026-07-27;2026-07-27;EARLY;=A21_PM1;ETO4;planned
413200992;47572417144;2026-07-25;;2026-07-25;EARLY;=A21_PM1;ETO4;planned
413200992;47572442530;2026-07-24;2026-07-26;2026-07-26;EARLY;=A21_PM1;ETO4;planned
413200992;47575197466;2026-07-25;;2026-07-25;EARLY;=A21_PM1;ETO4;planned
413200992;47575821146;2026-07-25;;2026-07-25;EARLY;=A21_PM1;ETO4;planned
413200992;47575821670;2026-07-25;;2026-07-25;EARLY;=A21_PM1;ETO4;planned
413200992;47575821728;2026-07-25;;2026-07-25;EARLY;=A21_PM1;ETO4;planned
413200992;47578939705;2026-07-25;;2026-07-25;EARLY;=A21_PM1;ETO4;planned
413201160;47506298429;2026-07-23;2026-07-27;2026-07-27;EARLY;=A22_PM1;ETO4;planned
413201160;47534389077;2026-07-23;2026-07-27;2026-07-27;EARLY;=A22_PM1;ETO4;planned
413201160;47548689758;2026-07-23;2026-07-25;2026-07-25;EARLY;=A22_PM1;ETO4;planned
413201160;47552176715;2026-07-24;2026-07-26;2026-07-26;EARLY;=A22_PM1;ETO4;planned
413201160;47552293747;2026-07-25;2026-07-27;2026-07-27;EARLY;=A22_PM1;ETO4;planned
413201160;47553515917;2026-07-23;2026-07-27;2026-07-27;EARLY;=A22_PM1;ETO4;planned
413201160;47553712907;2026-07-24;2026-07-26;2026-07-26;EARLY;=A22_PM1;ETO4;planned
413201160;47553972267;2026-07-25;2026-07-27;2026-07-27;EARLY;=A22_PM1;ETO4;planned
413201160;47554803919;2026-07-25;2026-07-29;2026-07-29;EARLY;=A22_PM1;ETO4;planned
413201160;47556427923;2026-07-25;;2026-07-25;EARLY;=A22_PM1;ETO4;planned
413201160;47558662087;2026-07-23;2026-07-25;2026-07-25;EARLY;=A22_PM1;ETO4;planned
413201160;47558864598;2026-07-27;2026-07-29;2026-07-29;EARLY;=A22_PM1;ETO4;planned
413201160;47565428914;2026-07-24;2026-07-25;2026-07-25;EARLY;=A22_PM1;ETO4;planned
413201160;47565849474;2026-07-26;2026-07-27;2026-07-27;EARLY;=A22_PM1;ETO4;planned
413201160;47565905572;2026-07-23;2026-07-25;2026-07-25;EARLY;=A22_PM1;ETO4;planned
413201160;47566391145;2026-07-25;;2026-07-25;EARLY;=A22_PM1;ETO4;planned
413201160;47569214772;2026-07-24;;2026-07-24;ON TIME;=A22_PM1;ETO4;planned
413201160;47569799528;2026-07-24;2026-07-25;2026-07-25;EARLY;=A22_PM1;ETO4;planned
413201160;47570062953;2026-07-25;;2026-07-25;EARLY;=A22_PM1;ETO4;planned
413201160;47572541371;2026-07-25;;2026-07-25;EARLY;=A22_PM1;ETO4;planned
413201160;47572541595;2026-07-25;;2026-07-25;EARLY;=A22_PM1;ETO4;planned
413201160;47572608261;2026-07-25;;2026-07-25;EARLY;=A22_PM1;ETO4;planned
413201160;47573273654;2026-07-24;2026-07-26;2026-07-26;EARLY;=A22_PM1;ETO4;planned
413201160;47573273698;2026-07-24;2026-07-26;2026-07-26;EARLY;=A22_PM1;ETO4;planned
413201160;47573273858;2026-07-24;2026-07-26;2026-07-26;EARLY;=A22_PM1;ETO4;planned
413201160;47573273922;2026-07-24;2026-07-26;2026-07-26;EARLY;=A22_PM1;ETO4;planned
413201160;47573491404;2026-07-25;;2026-07-25;EARLY;=A22_PM1;ETO4;planned
413201160;47574478280;2026-07-25;2026-07-27;2026-07-27;EARLY;=A22_PM1;ETO4;planned
413201160;47576859135;2026-07-25;;2026-07-25;EARLY;=A22_PM1;ETO4;planned
413201160;47577124178;2026-07-25;;2026-07-25;EARLY;=A22_PM1;ETO4;planned
413201209;47434024828;2026-07-09;2026-07-13;2026-07-13;VENCIDO;=A17_PM1;ETO4;planned
413201209;47481265220;2026-07-21;2026-07-22;2026-07-22;VENCIDO;=A17_PM1;ETO4;planned
413201209;47517236529;2026-07-22;2026-07-26;2026-07-26;EARLY;=A17_PM1;ETO4;planned
413201209;47521072047;2026-07-23;2026-07-25;2026-07-25;EARLY;=A17_PM1;ETO4;planned
413201209;47523597092;2026-07-21;2026-07-27;2026-07-27;EARLY;=A17_PM1;ETO4;planned
413201209;47529676026;2026-07-23;2026-07-27;2026-07-27;EARLY;=A17_PM1;ETO4;planned
413201209;47531633069;2026-07-22;2026-07-26;2026-07-26;EARLY;=A17_PM1;ETO4;planned
413201209;47536414769;2026-07-24;;2026-07-24;ON TIME;=A17_PM1;ETO4;planned
413201209;47541838043;2026-07-26;2026-07-27;2026-07-27;EARLY;=A17_PM1;ETO4;planned
413201209;47546459020;2026-07-23;2026-07-25;2026-07-25;EARLY;=A17_PM1;ETO4;planned
413201209;47547209672;2026-07-24;2026-07-27;2026-07-27;EARLY;=A17_PM1;ETO4;planned
413201209;47547223228;2026-07-24;2026-07-26;2026-07-26;EARLY;=A17_PM1;ETO4;planned
413201209;47548065798;2026-07-24;2026-07-27;2026-07-27;EARLY;=A17_PM1;ETO4;planned
413201209;47549867878;2026-07-24;2026-07-26;2026-07-26;EARLY;=A17_PM1;ETO4;planned
413201209;47550344508;2026-07-24;2026-07-26;2026-07-26;EARLY;=A17_PM1;ETO4;planned
413201209;47550802155;2026-07-24;2026-07-26;2026-07-26;EARLY;=A17_PM1;ETO4;planned
413201209;47550945263;2026-07-23;2026-07-25;2026-07-25;EARLY;=A17_PM1;ETO4;planned
413201209;47551465376;2026-07-25;;2026-07-25;EARLY;=A17_PM1;ETO4;planned
413201209;47552491435;2026-07-25;;2026-07-25;EARLY;=A17_PM1;ETO4;planned
413201209;47552590930;2026-07-24;2026-07-26;2026-07-26;EARLY;=A17_PM1;ETO4;planned
413201209;47553872320;2026-07-24;2026-07-26;2026-07-26;EARLY;=A17_PM1;ETO4;planned
413201209;47554279629;2026-07-25;;2026-07-25;EARLY;=A17_PM1;ETO4;planned
413201209;47554379150;2026-07-25;2026-07-27;2026-07-27;EARLY;=A17_PM1;ETO4;planned
413201209;47554379186;2026-07-25;2026-07-27;2026-07-27;EARLY;=A17_PM1;ETO4;planned
413201209;47554483162;2026-07-24;2026-07-27;2026-07-27;EARLY;=A17_PM1;ETO4;planned
413201209;47554634017;2026-07-24;2026-07-27;2026-07-27;EARLY;=A17_PM1;ETO4;planned
413201209;47554708892;2026-07-25;2026-07-27;2026-07-27;EARLY;=A17_PM1;ETO4;planned
413201209;47554982150;2026-07-24;2026-07-27;2026-07-27;EARLY;=A17_PM1;ETO4;planned
413201209;47555340235;2026-07-24;2026-07-27;2026-07-27;EARLY;=A17_PM1;ETO4;planned
413201209;47555842727;2026-07-25;;2026-07-25;EARLY;=A17_PM1;ETO4;planned
413201209;47555855033;2026-07-25;;2026-07-25;EARLY;=A17_PM1;ETO4;planned
413201209;47555855111;2026-07-25;;2026-07-25;EARLY;=A17_PM1;ETO4;planned
413201209;47555855253;2026-07-25;;2026-07-25;EARLY;=A17_PM1;ETO4;planned
413201209;47556107694;2026-07-25;;2026-07-25;EARLY;=A17_PM1;ETO4;planned
413201209;47556108066;2026-07-25;;2026-07-25;EARLY;=A17_PM1;ETO4;planned
413201209;47556141726;2026-07-25;;2026-07-25;EARLY;=A17_PM1;ETO4;planned
413201209;47556289777;2026-07-25;;2026-07-25;EARLY;=A17_PM1;ETO4;planned
413201209;47556348362;2026-07-24;2026-07-26;2026-07-26;EARLY;=A17_PM1;ETO4;planned
413201209;47556645286;2026-07-25;2026-07-27;2026-07-27;EARLY;=A17_PM1;ETO4;planned
413201209;47556713286;2026-07-25;;2026-07-25;EARLY;=A17_PM1;ETO4;planned
413201209;47556713406;2026-07-23;2026-07-25;2026-07-25;EARLY;=A17_PM1;ETO4;planned
413201209;47556739201;2026-07-25;;2026-07-25;EARLY;=A17_PM1;ETO4;planned
413201209;47556796204;2026-07-24;2026-07-26;2026-07-26;EARLY;=A17_PM1;ETO4;planned
413201209;47557349805;2026-07-25;;2026-07-25;EARLY;=A17_PM1;ETO4;planned
413201209;47557362710;2026-07-25;;2026-07-25;EARLY;=A17_PM1;ETO4;planned
413201209;47557458894;2026-07-24;2026-07-26;2026-07-26;EARLY;=A17_PM1;ETO4;planned
413201209;47557798264;2026-07-25;;2026-07-25;EARLY;=A17_PM1;ETO4;planned
413201209;47558401377;2026-07-24;2026-07-26;2026-07-26;EARLY;=A17_PM1;ETO4;planned
413201209;47558695145;2026-07-25;;2026-07-25;EARLY;=A17_PM1;ETO4;planned
413201209;47558715016;2026-07-25;;2026-07-25;EARLY;=A17_PM1;ETO4;planned
413201209;47559929095;2026-07-24;2026-07-26;2026-07-26;EARLY;=A17_PM1;ETO4;planned
413201209;47560689140;2026-07-26;2026-07-28;2026-07-28;EARLY;=A17_PM1;ETO4;planned
413201209;47560974322;2026-07-25;;2026-07-25;EARLY;=A17_PM1;ETO4;planned
413201209;47560974614;2026-07-23;2026-07-26;2026-07-26;EARLY;=A17_PM1;ETO4;planned
413201209;47560974658;2026-07-25;;2026-07-25;EARLY;=A17_PM1;ETO4;planned
413201209;47561663836;2026-07-24;2026-07-26;2026-07-26;EARLY;=A17_PM1;ETO4;planned
413201209;47561664040;2026-07-24;2026-07-26;2026-07-26;EARLY;=A17_PM1;ETO4;planned
413201209;47562039938;;;;;=A17_PM1;ETO4;planned
413201209;47564372463;2026-07-26;2026-07-27;2026-07-27;EARLY;=A17_PM1;ETO4;planned
413201209;47565460901;2026-07-24;2026-07-25;2026-07-25;EARLY;=A17_PM1;ETO4;planned
413201209;47566989630;2026-07-25;;2026-07-25;EARLY;=A17_PM1;ETO4;planned
413201209;47567038694;2026-07-24;2026-07-26;2026-07-26;EARLY;=A17_PM1;ETO4;planned
413201209;47567038720;2026-07-24;2026-07-26;2026-07-26;EARLY;=A17_PM1;ETO4;planned
413201209;47567039456;2026-07-24;2026-07-26;2026-07-26;EARLY;=A17_PM1;ETO4;planned
413201209;47567186565;2026-07-24;2026-07-27;2026-07-27;EARLY;=A17_PM1;ETO4;planned
413201209;47568391314;2026-07-26;2026-07-27;2026-07-27;EARLY;=A17_PM1;ETO4;planned
413201209;47568668831;2026-07-24;2026-07-25;2026-07-25;EARLY;=A17_PM1;ETO4;planned
413201209;47568668875;2026-07-24;2026-07-25;2026-07-25;EARLY;=A17_PM1;ETO4;planned
413201209;47569499764;2026-07-24;2026-07-25;2026-07-25;EARLY;=A17_PM1;ETO4;planned
413201209;47570610485;2026-07-25;;2026-07-25;EARLY;=A17_PM1;ETO4;planned
413201209;47571039352;2026-07-24;2026-07-25;2026-07-25;EARLY;=A17_PM1;ETO4;planned
413201209;47571265801;2026-07-24;2026-07-25;2026-07-25;EARLY;=A17_PM1;ETO4;planned
413201209;47572920039;2026-07-25;;2026-07-25;EARLY;=A17_PM1;ETO4;planned
413201209;47573362827;2026-07-25;;2026-07-25;EARLY;=A17_PM1;ETO4;planned
413201209;47573713150;2026-07-25;;2026-07-25;EARLY;=A17_PM1;ETO4;planned
413201209;47573815257;2026-07-25;;2026-07-25;EARLY;=A17_PM1;ETO4;planned
413201209;47574067786;2026-07-25;;2026-07-25;EARLY;=A17_PM1;ETO4;planned
413201209;47574485587;2026-07-25;2026-07-27;2026-07-27;EARLY;=A17_PM1;ETO4;planned
413201209;47574612172;2026-07-25;;2026-07-25;EARLY;=A17_PM1;ETO4;planned
413201209;47575410077;2026-07-25;;2026-07-25;EARLY;=A17_PM1;ETO4;planned
413201209;47576278090;2026-07-25;;2026-07-25;EARLY;=A17_PM1;ETO4;planned
413201209;47577350653;2026-07-25;;2026-07-25;EARLY;=A17_PM1;ETO4;planned
413201209;47577350697;2026-07-25;;2026-07-25;EARLY;=A17_PM1;ETO4;planned
413201209;47578604509;2026-07-25;;2026-07-25;EARLY;=A17_PM1;ETO4;planned
413201209;47579279959;2026-07-25;;2026-07-25;EARLY;=A17_PM1;ETO4;planned
413201209;47579529042;2026-07-25;;2026-07-25;EARLY;=A17_PM1;ETO4;planned
413201209;47579883919;;;;;=A17_PM1;ETO4;planned
413201209;47579884071;;;;;=A17_PM1;ETO4;planned
413201209;47580350556;2026-07-25;;2026-07-25;EARLY;=A17_PM1;ETO4;planned
413201797;47479654114;2026-07-20;2026-07-22;2026-07-22;VENCIDO;=A20_PM1;ETO4;planned
413201797;47482643886;2026-07-23;2026-07-27;2026-07-27;EARLY;=A20_PM1;ETO4;planned
413201797;47511878223;2026-07-23;2026-07-27;2026-07-27;EARLY;=A20_PM1;ETO4;planned
413201797;47520833042;2026-07-23;2026-07-27;2026-07-27;EARLY;=A20_PM1;ETO4;planned
413201797;47522129646;2026-07-21;2026-07-27;2026-07-27;EARLY;=A20_PM1;ETO4;planned
413201797;47523818675;2026-07-21;2026-07-26;2026-07-26;EARLY;=A20_PM1;ETO4;planned
413201797;47524692529;2026-07-21;2026-07-27;2026-07-27;EARLY;=A20_PM1;ETO4;planned
413201797;47525234450;2026-07-21;2026-07-27;2026-07-27;EARLY;=A20_PM1;ETO4;planned
413201797;47525648784;2026-07-21;2026-07-27;2026-07-27;EARLY;=A20_PM1;ETO4;planned
413201797;47525663848;2026-07-23;2026-07-27;2026-07-27;EARLY;=A20_PM1;ETO4;planned
413201797;47527316889;2026-07-23;2026-07-25;2026-07-25;EARLY;=A20_PM1;ETO4;planned
413201797;47529597049;2026-07-24;2026-07-27;2026-07-27;EARLY;=A20_PM1;ETO4;planned
413201797;47530287510;2026-07-25;2026-07-29;2026-07-29;EARLY;=A20_PM1;ETO4;planned
413201797;47531309698;2026-07-23;2026-07-27;2026-07-27;EARLY;=A20_PM1;ETO4;planned
413201797;47531509530;2026-07-23;2026-07-27;2026-07-27;EARLY;=A20_PM1;ETO4;planned
413201797;47534929934;2026-07-23;2026-07-27;2026-07-27;EARLY;=A20_PM1;ETO4;planned
413201797;47535743713;2026-07-23;2026-07-27;2026-07-27;EARLY;=A20_PM1;ETO4;planned
413201797;47538807708;2026-07-24;2026-07-25;2026-07-25;EARLY;=A20_PM1;ETO4;planned
413201797;47539360950;2026-07-23;2026-07-27;2026-07-27;EARLY;=A20_PM1;ETO4;planned
413201797;47541799305;2026-07-24;2026-07-25;2026-07-25;EARLY;=A20_PM1;ETO4;planned
413201797;47542495487;2026-07-23;2026-07-27;2026-07-27;EARLY;=A20_PM1;ETO4;planned
413201797;47542913222;2026-07-23;2026-07-27;2026-07-27;EARLY;=A20_PM1;ETO4;planned
413201797;47545274637;2026-07-25;2026-07-27;2026-07-27;EARLY;=A20_PM1;ETO4;planned
413201797;47546160234;2026-07-24;2026-07-26;2026-07-26;EARLY;=A20_PM1;ETO4;planned
413201797;47547631233;2026-07-23;2026-07-27;2026-07-27;EARLY;=A20_PM1;ETO4;planned
413201797;47547823075;2026-07-24;2026-07-27;2026-07-27;EARLY;=A20_PM1;ETO4;planned
413201797;47548662987;2026-07-23;2026-07-25;2026-07-25;EARLY;=A20_PM1;ETO4;planned
413201797;47549386867;2026-07-23;2026-07-25;2026-07-25;EARLY;=A20_PM1;ETO4;planned
413201797;47549491408;2026-07-23;2026-07-26;2026-07-26;EARLY;=A20_PM1;ETO4;planned
413201797;47549639386;2026-07-24;2026-07-26;2026-07-26;EARLY;=A20_PM1;ETO4;planned
413201797;47550923871;2026-07-24;2026-07-26;2026-07-26;EARLY;=A20_PM1;ETO4;planned
413201797;47551211104;2026-07-24;2026-07-26;2026-07-26;EARLY;=A20_PM1;ETO4;planned
413201797;47553894414;2026-07-24;2026-07-26;2026-07-26;EARLY;=A20_PM1;ETO4;planned
413201797;47554177084;2026-07-25;2026-07-27;2026-07-27;EARLY;=A20_PM1;ETO4;planned
413201797;47554929903;2026-07-23;2026-07-27;2026-07-27;EARLY;=A20_PM1;ETO4;planned
413201797;47555093080;2026-07-26;2026-07-30;2026-07-30;EARLY;=A20_PM1;ETO4;planned
413201797;47555379309;2026-07-23;2026-07-27;2026-07-27;EARLY;=A20_PM1;ETO4;planned
413201797;47555405554;2026-07-23;2026-07-27;2026-07-27;EARLY;=A20_PM1;ETO4;planned
413201797;47556490407;2026-07-25;;2026-07-25;EARLY;=A20_PM1;ETO4;planned
413201797;47556509618;2026-07-24;2026-07-27;2026-07-27;EARLY;=A20_PM1;ETO4;planned
413201797;47556650529;2026-07-25;;2026-07-25;EARLY;=A20_PM1;ETO4;planned
413201797;47556726463;2026-07-26;2026-07-30;2026-07-30;EARLY;=A20_PM1;ETO4;planned
413201797;47557128063;2026-07-23;2026-07-27;2026-07-27;EARLY;=A20_PM1;ETO4;planned
413201797;47557525326;2026-07-25;;2026-07-25;EARLY;=A20_PM1;ETO4;planned
413201797;47557573320;2026-07-25;;2026-07-25;EARLY;=A20_PM1;ETO4;planned
413201797;47558270626;2026-07-25;;2026-07-25;EARLY;=A20_PM1;ETO4;planned
413201797;47559427069;2026-07-27;2026-07-29;2026-07-29;EARLY;=A20_PM1;ETO4;planned
413201797;47559433238;2026-07-23;2026-07-27;2026-07-27;EARLY;=A20_PM1;ETO4;planned
413201797;47559838640;2026-07-23;2026-07-25;2026-07-25;EARLY;=A20_PM1;ETO4;planned
413201797;47560501909;2026-07-25;;2026-07-25;EARLY;=A20_PM1;ETO4;planned
413201797;47560502047;2026-07-25;;2026-07-25;EARLY;=A20_PM1;ETO4;planned
413201797;47560800363;2026-07-25;;2026-07-25;EARLY;=A20_PM1;ETO4;planned
413201797;47561443301;2026-07-25;2026-07-28;2026-07-28;EARLY;=A20_PM1;ETO4;planned
413201797;47561720616;2026-07-25;;2026-07-25;EARLY;=A20_PM1;ETO4;planned
413201797;47561720778;2026-07-25;;2026-07-25;EARLY;=A20_PM1;ETO4;planned
413201797;47561721018;2026-07-25;;2026-07-25;EARLY;=A20_PM1;ETO4;planned
413201797;47562361023;2026-07-25;;2026-07-25;EARLY;=A20_PM1;ETO4;planned
413201797;47564236787;2026-07-24;2026-07-25;2026-07-25;EARLY;=A20_PM1;ETO4;planned
413201797;47565012673;2026-07-24;2026-07-25;2026-07-25;EARLY;=A20_PM1;ETO4;planned
413201797;47565633888;2026-07-25;;2026-07-25;EARLY;=A20_PM1;ETO4;planned
413201797;47565757109;2026-07-24;2026-07-26;2026-07-26;EARLY;=A20_PM1;ETO4;planned
413201797;47565976883;2026-07-24;2026-07-25;2026-07-25;EARLY;=A20_PM1;ETO4;planned
413201797;47567200455;2026-07-24;2026-07-25;2026-07-25;EARLY;=A20_PM1;ETO4;planned
413201797;47567337278;2026-07-25;;2026-07-25;EARLY;=A20_PM1;ETO4;planned
413201797;47567779685;2026-07-25;;2026-07-25;EARLY;=A20_PM1;ETO4;planned
413201797;47568749742;2026-07-24;2026-07-25;2026-07-25;EARLY;=A20_PM1;ETO4;planned
413201797;47570298896;2026-07-24;2026-07-25;2026-07-25;EARLY;=A20_PM1;ETO4;planned
413201797;47570396108;2026-07-24;2026-07-25;2026-07-25;EARLY;=A20_PM1;ETO4;planned
413201797;47570671116;2026-07-24;2026-07-25;2026-07-25;EARLY;=A20_PM1;ETO4;planned
413201797;47571348772;2026-07-25;2026-07-27;2026-07-27;EARLY;=A20_PM1;ETO4;planned
413201797;47571348888;2026-07-25;2026-07-27;2026-07-27;EARLY;=A20_PM1;ETO4;planned
413201797;47572544022;2026-07-25;2026-07-27;2026-07-27;EARLY;=A20_PM1;ETO4;planned
413201797;47573144034;2026-07-24;2026-07-26;2026-07-26;EARLY;=A20_PM1;ETO4;planned
413201797;47573702353;2026-07-25;;2026-07-25;EARLY;=A20_PM1;ETO4;planned
413201797;47575112725;2026-07-25;2026-07-27;2026-07-27;EARLY;=A20_PM1;ETO4;planned
413201797;47575606826;2026-07-25;;2026-07-25;EARLY;=A20_PM1;ETO4;planned
413201797;47575607002;2026-07-25;;2026-07-25;EARLY;=A20_PM1;ETO4;planned
413201797;47575692346;2026-07-25;2026-07-27;2026-07-27;EARLY;=A20_PM1;ETO4;planned
413201797;47576377309;2026-07-25;;2026-07-25;EARLY;=A20_PM1;ETO4;planned
413201797;47577985498;2026-07-25;;2026-07-25;EARLY;=A20_PM1;ETO4;planned
413201797;47578674812;2026-07-25;;2026-07-25;EARLY;=A20_PM1;ETO4;planned
413201797;47578694225;2026-07-25;;2026-07-25;EARLY;=A20_PM1;ETO4;planned
413201797;47580554608;2026-07-25;;2026-07-25;EARLY;=A20_PM1;ETO4;planned
413201797;47580754874;2026-07-25;;2026-07-25;EARLY;=A20_PM1;ETO4;planned
413201797;47580755070;2026-07-25;;2026-07-25;EARLY;=A20_PM1;ETO4;planned
413201874;47480334327;2026-07-21;2026-07-27;2026-07-27;EARLY;=A15_PM1;ETO4;planned
413201874;47487556653;2026-07-21;2026-07-23;2026-07-23;VENCIDO;=A15_PM1;ETO4;planned
413201874;47499765215;2026-07-26;2026-07-28;2026-07-28;EARLY;=A15_PM1;ETO4;planned
413201874;47504142926;2026-07-22;2026-07-26;2026-07-26;EARLY;=A15_PM1;ETO4;planned
413201874;47504863007;2026-07-21;2026-07-27;2026-07-27;EARLY;=A15_PM1;ETO4;planned
413201874;47507726442;2026-07-23;2026-07-27;2026-07-27;EARLY;=A15_PM1;ETO4;planned
413201874;47514011457;2026-07-23;2026-07-27;2026-07-27;EARLY;=A15_PM1;ETO4;planned
413201874;47518256575;2026-07-19;2026-07-21;2026-07-21;VENCIDO;=A15_PM1;ETO4;planned
413201874;47522284252;2026-07-23;2026-07-27;2026-07-27;EARLY;=A15_PM1;ETO4;planned
413201874;47523033001;2026-07-20;2026-07-25;2026-07-25;EARLY;=A15_PM1;ETO4;planned
413201874;47523623031;2026-07-23;2026-07-27;2026-07-27;EARLY;=A15_PM1;ETO4;planned
413201874;47524901307;2026-07-23;2026-07-27;2026-07-27;EARLY;=A15_PM1;ETO4;planned
413201874;47526794569;2026-07-23;2026-07-27;2026-07-27;EARLY;=A15_PM1;ETO4;planned
413201874;47527417338;2026-07-22;2026-07-27;2026-07-27;EARLY;=A15_PM1;ETO4;planned
413201874;47531161046;2026-07-23;2026-07-27;2026-07-27;EARLY;=A15_PM1;ETO4;planned
413201874;47531979209;2026-07-21;2026-07-27;2026-07-27;EARLY;=A15_PM1;ETO4;planned
413201874;47534633660;2026-07-22;2026-07-26;2026-07-26;EARLY;=A15_PM1;ETO4;planned
413201874;47538071277;2026-07-23;2026-07-28;2026-07-28;EARLY;=A15_PM1;ETO4;planned
413201874;47538362297;2026-07-24;2026-07-25;2026-07-25;EARLY;=A15_PM1;ETO4;planned
413201874;47538936822;2026-07-23;2026-07-26;2026-07-26;EARLY;=A15_PM1;ETO4;planned
413201874;47539439216;2026-07-23;2026-07-27;2026-07-27;EARLY;=A15_PM1;ETO4;planned
413201874;47539902233;2026-07-24;2026-07-27;2026-07-27;EARLY;=A15_PM1;ETO4;planned
413201874;47540088563;2026-07-23;2026-07-27;2026-07-27;EARLY;=A15_PM1;ETO4;planned
413201874;47541153024;2026-07-25;2026-07-27;2026-07-27;EARLY;=A15_PM1;ETO4;planned
413201874;47543638333;2026-07-23;2026-07-27;2026-07-27;EARLY;=A15_PM1;ETO4;planned
413201874;47544121960;2026-07-24;2026-07-26;2026-07-26;EARLY;=A15_PM1;ETO4;planned
413201874;47544829281;2026-07-23;2026-07-27;2026-07-27;EARLY;=A15_PM1;ETO4;planned
413201874;47546337418;2026-07-25;2026-07-29;2026-07-29;EARLY;=A15_PM1;ETO4;planned
413201874;47548017767;2026-07-24;2026-07-26;2026-07-26;EARLY;=A15_PM1;ETO4;planned
413201874;47548764939;2026-07-24;2026-07-26;2026-07-26;EARLY;=A15_PM1;ETO4;planned
413201874;47549686369;2026-07-24;2026-07-26;2026-07-26;EARLY;=A15_PM1;ETO4;planned
413201874;47549856783;2026-07-24;2026-07-26;2026-07-26;EARLY;=A15_PM1;ETO4;planned
413201874;47550433359;2026-07-24;2026-07-26;2026-07-26;EARLY;=A15_PM1;ETO4;planned
413201874;47551987861;2026-07-24;;2026-07-24;ON TIME;=A15_PM1;ETO4;planned
413201874;47553218283;2026-07-23;2026-07-27;2026-07-27;EARLY;=A15_PM1;ETO4;planned
413201874;47553526624;2026-07-24;2026-07-27;2026-07-27;EARLY;=A15_PM1;ETO4;planned
413201874;47553685419;2026-07-27;2026-07-29;2026-07-29;EARLY;=A15_PM1;ETO4;planned
413201874;47553685445;2026-07-25;;2026-07-25;EARLY;=A15_PM1;ETO4;planned
413201874;47553938006;2026-07-24;2026-07-27;2026-07-27;EARLY;=A15_PM1;ETO4;planned
413201874;47554676002;2026-07-23;2026-07-27;2026-07-27;EARLY;=A15_PM1;ETO4;planned
413201874;47554731420;2026-07-24;2026-07-27;2026-07-27;EARLY;=A15_PM1;ETO4;planned
413201874;47555069257;2026-07-25;2026-07-27;2026-07-27;EARLY;=A15_PM1;ETO4;planned
413201874;47555388311;2026-07-25;;2026-07-25;EARLY;=A15_PM1;ETO4;planned
413201874;47556185697;2026-07-24;2026-07-26;2026-07-26;EARLY;=A15_PM1;ETO4;planned
413201874;47556988399;2026-07-23;2026-07-27;2026-07-27;EARLY;=A15_PM1;ETO4;planned
413201874;47557098585;2026-07-25;;2026-07-25;EARLY;=A15_PM1;ETO4;planned
413201874;47557558265;2026-07-25;;2026-07-25;EARLY;=A15_PM1;ETO4;planned
413201874;47557558279;2026-07-24;;2026-07-24;ON TIME;=A15_PM1;ETO4;planned
413201874;47558615855;2026-07-25;;2026-07-25;EARLY;=A15_PM1;ETO4;planned
413201874;47560329139;2026-07-24;2026-07-26;2026-07-26;EARLY;=A15_PM1;ETO4;planned
413201874;47560332881;2026-07-25;;2026-07-25;EARLY;=A15_PM1;ETO4;planned
413201874;47560684225;2026-07-25;2026-07-27;2026-07-27;EARLY;=A15_PM1;ETO4;planned
413201874;47560687284;2026-07-23;2026-07-25;2026-07-25;EARLY;=A15_PM1;ETO4;planned
413201874;47561302697;2026-07-25;2026-07-27;2026-07-27;EARLY;=A15_PM1;ETO4;planned
413201874;47561778362;2026-07-23;2026-07-25;2026-07-25;EARLY;=A15_PM1;ETO4;planned
413201874;47561802003;2026-07-24;2026-07-26;2026-07-26;EARLY;=A15_PM1;ETO4;planned
413201874;47562035858;2026-07-24;2026-07-26;2026-07-26;EARLY;=A15_PM1;ETO4;planned
413201874;47562265997;2026-07-25;;2026-07-25;EARLY;=A15_PM1;ETO4;planned
413201874;47562897836;2026-07-24;2026-07-26;2026-07-26;EARLY;=A15_PM1;ETO4;planned
413201874;47564729656;2026-07-25;;2026-07-25;EARLY;=A15_PM1;ETO4;planned
413201874;47564768767;2026-07-26;2026-07-27;2026-07-27;EARLY;=A15_PM1;ETO4;planned
413201874;47566157899;2026-07-25;2026-07-27;2026-07-27;EARLY;=A15_PM1;ETO4;planned
413201874;47566973650;2026-07-25;;2026-07-25;EARLY;=A15_PM1;ETO4;planned
413201874;47567109493;2026-07-24;2026-07-25;2026-07-25;EARLY;=A15_PM1;ETO4;planned
413201874;47567693705;2026-07-24;2026-07-25;2026-07-25;EARLY;=A15_PM1;ETO4;planned
413201874;47569090608;2026-07-24;2026-07-25;2026-07-25;EARLY;=A15_PM1;ETO4;planned
413201874;47569092690;2026-07-24;2026-07-25;2026-07-25;EARLY;=A15_PM1;ETO4;planned
413201874;47570033716;2026-07-24;2026-07-25;2026-07-25;EARLY;=A15_PM1;ETO4;planned
413201874;47570102645;2026-07-25;;2026-07-25;EARLY;=A15_PM1;ETO4;planned
413201874;47570396703;2026-07-24;2026-07-25;2026-07-25;EARLY;=A15_PM1;ETO4;planned
413201874;47570529611;2026-07-24;2026-07-25;2026-07-25;EARLY;=A15_PM1;ETO4;planned
413201874;47570915710;2026-07-24;2026-07-25;2026-07-25;EARLY;=A15_PM1;ETO4;planned
413201874;47571431700;2026-07-24;2026-07-25;2026-07-25;EARLY;=A15_PM1;ETO4;planned
413201874;47571740820;2026-07-25;;2026-07-25;EARLY;=A15_PM1;ETO4;planned
413201874;47571911006;2026-07-24;2026-07-26;2026-07-26;EARLY;=A15_PM1;ETO4;planned
413201874;47572557448;2026-07-25;;2026-07-25;EARLY;=A15_PM1;ETO4;planned
413201874;47572668601;2026-07-24;2026-07-26;2026-07-26;EARLY;=A15_PM1;ETO4;planned
413201874;47573469846;2026-07-25;;2026-07-25;EARLY;=A15_PM1;ETO4;planned
413201874;47574283551;2026-07-26;2026-07-28;2026-07-28;EARLY;=A15_PM1;ETO4;planned
413201874;47574648209;2026-07-25;2026-07-27;2026-07-27;EARLY;=A15_PM1;ETO4;planned
413201874;47575063281;2026-07-25;2026-07-27;2026-07-27;EARLY;=A15_PM1;ETO4;planned
413201874;47575066913;2026-07-25;2026-07-27;2026-07-27;EARLY;=A15_PM1;ETO4;planned
413201874;47575090722;2026-07-25;;2026-07-25;EARLY;=A15_PM1;ETO4;planned
413201874;47575547638;2026-07-25;2026-07-27;2026-07-27;EARLY;=A15_PM1;ETO4;planned
413201874;47575989878;2026-07-25;;2026-07-25;EARLY;=A15_PM1;ETO4;planned
413201874;47575990208;2026-07-25;;2026-07-25;EARLY;=A15_PM1;ETO4;planned
413201874;47576393882;2026-07-25;;2026-07-25;EARLY;=A15_PM1;ETO4;planned
413201874;47578183226;2026-07-25;;2026-07-25;EARLY;=A15_PM1;ETO4;planned
413201874;47579663081;2026-07-25;;2026-07-25;EARLY;=A15_PM1;ETO4;planned
413202434;47484805971;2026-07-23;2026-07-27;2026-07-27;EARLY;=A13_PM1;ETO4;planned
413202434;47504253014;2026-07-21;2026-07-27;2026-07-27;EARLY;=A13_PM1;ETO4;planned
413202434;47509751267;2026-07-20;2026-07-21;2026-07-21;VENCIDO;=A13_PM1;ETO4;planned
413202434;47511770321;2026-07-23;2026-07-27;2026-07-27;EARLY;=A13_PM1;ETO4;planned
413202434;47522708601;2026-07-22;2026-07-27;2026-07-27;EARLY;=A13_PM1;ETO4;planned
413202434;47524453387;2026-07-24;2026-07-26;2026-07-26;EARLY;=A13_PM1;ETO4;planned
413202434;47525980624;2026-07-21;2026-07-27;2026-07-27;EARLY;=A13_PM1;ETO4;planned
413202434;47526054502;2026-07-21;2026-07-27;2026-07-27;EARLY;=A13_PM1;ETO4;planned
413202434;47526537960;2026-07-23;2026-07-27;2026-07-27;EARLY;=A13_PM1;ETO4;planned
413202434;47529289651;2026-07-24;2026-07-26;2026-07-26;EARLY;=A13_PM1;ETO4;planned
413202434;47529492215;2026-07-22;2026-07-28;2026-07-28;EARLY;=A13_PM1;ETO4;planned
413202434;47530816353;2026-07-23;2026-07-27;2026-07-27;EARLY;=A13_PM1;ETO4;planned
413202434;47532066138;2026-07-21;2026-07-27;2026-07-27;EARLY;=A13_PM1;ETO4;planned
413202434;47532991464;2026-07-23;2026-07-27;2026-07-27;EARLY;=A13_PM1;ETO4;planned
413202434;47535039697;2026-07-22;2026-07-26;2026-07-26;EARLY;=A13_PM1;ETO4;planned
413202434;47535062463;2026-07-22;2026-07-26;2026-07-26;EARLY;=A13_PM1;ETO4;planned
413202434;47535193288;2026-07-23;2026-07-27;2026-07-27;EARLY;=A13_PM1;ETO4;planned
413202434;47535492848;2026-07-22;2026-07-28;2026-07-28;EARLY;=A13_PM1;ETO4;planned
413202434;47536839158;2026-07-22;2026-07-27;2026-07-27;EARLY;=A13_PM1;ETO4;planned
413202434;47538988672;2026-07-22;2026-07-28;2026-07-28;EARLY;=A13_PM1;ETO4;planned
413202434;47541172614;2026-07-23;2026-07-27;2026-07-27;EARLY;=A13_PM1;ETO4;planned
413202434;47541609353;2026-07-23;2026-07-25;2026-07-25;EARLY;=A13_PM1;ETO4;planned
413202434;47542563144;2026-07-23;2026-07-25;2026-07-25;EARLY;=A13_PM1;ETO4;planned
413202434;47543406728;2026-07-25;;2026-07-25;EARLY;=A13_PM1;ETO4;planned
413202434;47544748159;2026-07-25;2026-07-28;2026-07-28;EARLY;=A13_PM1;ETO4;planned
413202434;47545847866;2026-07-24;2026-07-26;2026-07-26;EARLY;=A13_PM1;ETO4;planned
413202434;47545964079;2026-07-23;2026-07-25;2026-07-25;EARLY;=A13_PM1;ETO4;planned
413202434;47546707113;2026-07-23;2026-07-27;2026-07-27;EARLY;=A13_PM1;ETO4;planned
413202434;47546960620;2026-07-23;2026-07-27;2026-07-27;EARLY;=A13_PM1;ETO4;planned
413202434;47548222187;2026-07-24;2026-07-30;2026-07-30;EARLY;=A13_PM1;ETO4;planned
413202434;47549147083;2026-07-24;2026-07-26;2026-07-26;EARLY;=A13_PM1;ETO4;planned
413202434;47549641578;2026-07-24;2026-07-26;2026-07-26;EARLY;=A13_PM1;ETO4;planned
413202434;47549805724;2026-07-25;2026-07-27;2026-07-27;EARLY;=A13_PM1;ETO4;planned
413202434;47550207607;2026-07-23;2026-07-25;2026-07-25;EARLY;=A13_PM1;ETO4;planned
413202434;47551192269;2026-07-24;2026-07-26;2026-07-26;EARLY;=A13_PM1;ETO4;planned
413202434;47551381470;2026-07-24;2026-07-26;2026-07-26;EARLY;=A13_PM1;ETO4;planned
413202434;47552519085;2026-07-24;2026-07-26;2026-07-26;EARLY;=A13_PM1;ETO4;planned
413202434;47552531541;2026-07-25;2026-07-29;2026-07-29;EARLY;=A13_PM1;ETO4;planned
413202434;47552764452;2026-07-25;;2026-07-25;EARLY;=A13_PM1;ETO4;planned
413202434;47552932608;2026-07-23;2026-07-27;2026-07-27;EARLY;=A13_PM1;ETO4;planned
413202434;47553209665;2026-07-24;2026-07-27;2026-07-27;EARLY;=A13_PM1;ETO4;planned
413202434;47554085205;2026-07-24;2026-07-27;2026-07-27;EARLY;=A13_PM1;ETO4;planned
413202434;47554331719;2026-07-25;;2026-07-25;EARLY;=A13_PM1;ETO4;planned
413202434;47554470825;2026-07-23;2026-07-27;2026-07-27;EARLY;=A13_PM1;ETO4;planned
413202434;47554994263;2026-07-24;2026-07-27;2026-07-27;EARLY;=A13_PM1;ETO4;planned
413202434;47555298339;2026-07-25;;2026-07-25;EARLY;=A13_PM1;ETO4;planned
413202434;47555724267;2026-07-23;2026-07-25;2026-07-25;EARLY;=A13_PM1;ETO4;planned
413202434;47556218199;2026-07-25;;2026-07-25;EARLY;=A13_PM1;ETO4;planned
413202434;47556414030;2026-07-24;2026-07-27;2026-07-27;EARLY;=A13_PM1;ETO4;planned
413202434;47556631117;2026-07-25;;2026-07-25;EARLY;=A13_PM1;ETO4;planned
413202434;47556674915;2026-07-26;2026-07-30;2026-07-30;EARLY;=A13_PM1;ETO4;planned
413202434;47556758852;2026-07-25;2026-07-29;2026-07-29;EARLY;=A13_PM1;ETO4;planned
413202434;47557468694;2026-07-24;2026-07-26;2026-07-26;EARLY;=A13_PM1;ETO4;planned
413202434;47557991891;2026-07-25;2026-07-26;2026-07-26;EARLY;=A13_PM1;ETO4;planned
413202434;47559344894;2026-07-26;2026-07-30;2026-07-30;EARLY;=A13_PM1;ETO4;planned
413202434;47559700706;2026-07-24;2026-07-26;2026-07-26;EARLY;=A13_PM1;ETO4;planned
413202434;47560419190;2026-07-25;;2026-07-25;EARLY;=A13_PM1;ETO4;planned
413202434;47561200503;2026-07-24;2026-07-26;2026-07-26;EARLY;=A13_PM1;ETO4;planned
413202434;47561827617;2026-07-25;;2026-07-25;EARLY;=A13_PM1;ETO4;planned
413202434;47562721005;2026-07-24;2026-07-26;2026-07-26;EARLY;=A13_PM1;ETO4;planned
413202434;47562784613;2026-07-25;2026-07-27;2026-07-27;EARLY;=A13_PM1;ETO4;planned
413202434;47564409236;2026-07-24;2026-07-26;2026-07-26;EARLY;=A13_PM1;ETO4;planned
413202434;47564539976;2026-07-25;;2026-07-25;EARLY;=A13_PM1;ETO4;planned
413202434;47565472643;2026-07-25;2026-07-27;2026-07-27;EARLY;=A13_PM1;ETO4;planned
413202434;47565874508;2026-07-24;2026-07-26;2026-07-26;EARLY;=A13_PM1;ETO4;planned
413202434;47565963249;2026-07-25;;2026-07-25;EARLY;=A13_PM1;ETO4;planned
413202434;47567267871;2026-07-24;2026-07-25;2026-07-25;EARLY;=A13_PM1;ETO4;planned
413202434;47567414707;2026-07-24;2026-07-25;2026-07-25;EARLY;=A13_PM1;ETO4;planned
413202434;47569041377;2026-07-25;;2026-07-25;EARLY;=A13_PM1;ETO4;planned
413202434;47570356370;2026-07-25;;2026-07-25;EARLY;=A13_PM1;ETO4;planned
413202434;47570356506;2026-07-24;2026-07-26;2026-07-26;EARLY;=A13_PM1;ETO4;planned
413202434;47572438237;2026-07-25;2026-07-27;2026-07-27;EARLY;=A13_PM1;ETO4;planned
413202434;47573255737;2026-07-24;2026-07-26;2026-07-26;EARLY;=A13_PM1;ETO4;planned
413202434;47573552589;2026-07-25;;2026-07-25;EARLY;=A13_PM1;ETO4;planned
413202434;47573737855;2026-07-25;;2026-07-25;EARLY;=A13_PM1;ETO4;planned
413202434;47574561051;2026-07-25;;2026-07-25;EARLY;=A13_PM1;ETO4;planned
413202434;47574703808;2026-07-24;2026-07-26;2026-07-26;EARLY;=A13_PM1;ETO4;planned
413202434;47575258101;2026-07-25;2026-07-27;2026-07-27;EARLY;=A13_PM1;ETO4;planned
413202434;47575384870;2026-07-25;2026-07-29;2026-07-29;EARLY;=A13_PM1;ETO4;planned
413202434;47576282258;2026-07-25;2026-07-27;2026-07-27;EARLY;=A13_PM1;ETO4;planned
413202434;47576404295;2026-07-25;2026-07-27;2026-07-27;EARLY;=A13_PM1;ETO4;planned
413202434;47576432473;2026-07-25;;2026-07-25;EARLY;=A13_PM1;ETO4;planned
413202434;47579124025;2026-07-25;;2026-07-25;EARLY;=A13_PM1;ETO4;planned
413202434;47579370040;2026-07-25;;2026-07-25;EARLY;=A13_PM1;ETO4;planned
413202434;47579711027;2026-07-25;2026-07-29;2026-07-29;EARLY;=A13_PM1;ETO4;planned
413202434;47579803996;2026-07-25;;2026-07-25;EARLY;=A13_PM1;ETO4;planned
413202434;47580490657;;;;;=A13_PM1;ETO4;planned
413202434;47580738720;2026-07-25;;2026-07-25;EARLY;=A13_PM1;ETO4;planned
413202497;47490250973;2026-07-25;;2026-07-25;EARLY;=A18_PM1;ETO4;planned
413202497;47513518252;2026-07-23;2026-07-27;2026-07-27;EARLY;=A18_PM1;ETO4;planned
413202497;47524001788;2026-07-21;2026-07-27;2026-07-27;EARLY;=A18_PM1;ETO4;planned
413202497;47526680766;2026-07-23;2026-07-27;2026-07-27;EARLY;=A18_PM1;ETO4;planned
413202497;47537988444;2026-07-22;2026-07-28;2026-07-28;EARLY;=A18_PM1;ETO4;planned
413202497;47539531310;2026-07-23;2026-07-27;2026-07-27;EARLY;=A18_PM1;ETO4;planned
413202497;47539669602;2026-07-25;2026-07-29;2026-07-29;EARLY;=A18_PM1;ETO4;planned
413202497;47541969167;2026-07-24;2026-07-26;2026-07-26;EARLY;=A18_PM1;ETO4;planned
413202497;47542227234;2026-07-23;2026-07-25;2026-07-25;EARLY;=A18_PM1;ETO4;planned
413202497;47542751117;2026-07-22;2026-07-26;2026-07-26;EARLY;=A18_PM1;ETO4;planned
413202497;47544788600;2026-07-23;2026-07-27;2026-07-27;EARLY;=A18_PM1;ETO4;planned
413202497;47545095051;2026-07-24;2026-07-26;2026-07-26;EARLY;=A18_PM1;ETO4;planned
413202497;47545773559;2026-07-25;2026-07-27;2026-07-27;EARLY;=A18_PM1;ETO4;planned
413202497;47547614755;2026-07-25;2026-07-27;2026-07-27;EARLY;=A18_PM1;ETO4;planned
413202497;47547632462;2026-07-25;;2026-07-25;EARLY;=A18_PM1;ETO4;planned
413202497;47547774645;2026-07-25;;2026-07-25;EARLY;=A18_PM1;ETO4;planned
413202497;47547868154;2026-07-24;2026-07-26;2026-07-26;EARLY;=A18_PM1;ETO4;planned
413202497;47547868840;2026-07-24;;2026-07-24;ON TIME;=A18_PM1;ETO4;planned
413202497;47548514715;2026-07-24;2026-07-26;2026-07-26;EARLY;=A18_PM1;ETO4;planned
413202497;47548550976;2026-07-25;2026-07-27;2026-07-27;EARLY;=A18_PM1;ETO4;planned
413202497;47548690419;2026-07-25;2026-07-27;2026-07-27;EARLY;=A18_PM1;ETO4;planned
413202497;47549072763;2026-07-25;2026-07-27;2026-07-27;EARLY;=A18_PM1;ETO4;planned
413202497;47549098989;2026-07-24;2026-07-26;2026-07-26;EARLY;=A18_PM1;ETO4;planned
413202497;47549425888;2026-07-25;2026-07-27;2026-07-27;EARLY;=A18_PM1;ETO4;planned
413202497;47550542956;2026-07-24;2026-07-26;2026-07-26;EARLY;=A18_PM1;ETO4;planned
413202497;47551104963;2026-07-24;2026-07-26;2026-07-26;EARLY;=A18_PM1;ETO4;planned
413202497;47551271488;2026-07-24;2026-07-26;2026-07-26;EARLY;=A18_PM1;ETO4;planned
413202497;47551283302;2026-07-24;2026-07-25;2026-07-25;EARLY;=A18_PM1;ETO4;planned
413202497;47553291329;2026-07-25;;2026-07-25;EARLY;=A18_PM1;ETO4;planned
413202497;47553418424;2026-07-24;2026-07-27;2026-07-27;EARLY;=A18_PM1;ETO4;planned
413202497;47553689485;2026-07-24;2026-07-26;2026-07-26;EARLY;=A18_PM1;ETO4;planned
413202497;47555231577;2026-07-23;2026-07-27;2026-07-27;EARLY;=A18_PM1;ETO4;planned
413202497;47555522985;2026-07-25;2026-07-27;2026-07-27;EARLY;=A18_PM1;ETO4;planned
413202497;47555594399;2026-07-24;2026-07-26;2026-07-26;EARLY;=A18_PM1;ETO4;planned
413202497;47555949321;2026-07-25;;2026-07-25;EARLY;=A18_PM1;ETO4;planned
413202497;47556045167;2026-07-24;2026-07-26;2026-07-26;EARLY;=A18_PM1;ETO4;planned
413202497;47556178459;2026-07-25;;2026-07-25;EARLY;=A18_PM1;ETO4;planned
413202497;47557011506;2026-07-25;;2026-07-25;EARLY;=A18_PM1;ETO4;planned
413202497;47557627475;2026-07-25;2026-07-27;2026-07-27;EARLY;=A18_PM1;ETO4;planned
413202497;47559027947;2026-07-25;;2026-07-25;EARLY;=A18_PM1;ETO4;planned
413202497;47559047658;2026-07-24;;2026-07-24;ON TIME;=A18_PM1;ETO4;planned
413202497;47559167154;2026-07-25;;2026-07-25;EARLY;=A18_PM1;ETO4;planned
413202497;47559167494;2026-07-25;;2026-07-25;EARLY;=A18_PM1;ETO4;planned
413202497;47559499937;2026-07-24;2026-07-26;2026-07-26;EARLY;=A18_PM1;ETO4;planned
413202497;47559638915;2026-07-23;2026-07-25;2026-07-25;EARLY;=A18_PM1;ETO4;planned
413202497;47559796601;2026-07-25;2026-07-27;2026-07-27;EARLY;=A18_PM1;ETO4;planned
413202497;47559873764;2026-07-23;2026-07-25;2026-07-25;EARLY;=A18_PM1;ETO4;planned
413202497;47560085812;2026-07-25;2026-07-27;2026-07-27;EARLY;=A18_PM1;ETO4;planned
413202497;47560934837;2026-07-25;;2026-07-25;EARLY;=A18_PM1;ETO4;planned
413202497;47561158132;2026-07-25;;2026-07-25;EARLY;=A18_PM1;ETO4;planned
413202497;47561541633;2026-07-23;2026-07-25;2026-07-25;EARLY;=A18_PM1;ETO4;planned
413202497;47562219249;2026-07-24;2026-07-26;2026-07-26;EARLY;=A18_PM1;ETO4;planned
413202497;47563700885;2026-07-24;2026-07-26;2026-07-26;EARLY;=A18_PM1;ETO4;planned
413202497;47564277117;;;;;=A18_PM1;ETO4;planned
413202497;47564528864;;;;;=A18_PM1;ETO4;planned
413202497;47564799829;2026-07-25;;2026-07-25;EARLY;=A18_PM1;ETO4;planned
413202497;47564800313;2026-07-23;2026-07-25;2026-07-25;EARLY;=A18_PM1;ETO4;planned
413202497;47564985694;2026-07-24;2026-07-26;2026-07-26;EARLY;=A18_PM1;ETO4;planned
413202497;47565050916;2026-07-24;2026-07-26;2026-07-26;EARLY;=A18_PM1;ETO4;planned
413202497;47565923734;2026-07-24;2026-07-25;2026-07-25;EARLY;=A18_PM1;ETO4;planned
413202497;47567351669;2026-07-24;2026-07-25;2026-07-25;EARLY;=A18_PM1;ETO4;planned
413202497;47567478913;2026-07-24;2026-07-25;2026-07-25;EARLY;=A18_PM1;ETO4;planned
413202497;47569223621;2026-07-24;2026-07-26;2026-07-26;EARLY;=A18_PM1;ETO4;planned
413202497;47570149577;2026-07-25;;2026-07-25;EARLY;=A18_PM1;ETO4;planned
413202497;47570195895;2026-07-25;2026-07-27;2026-07-27;EARLY;=A18_PM1;ETO4;planned
413202497;47570200695;2026-07-26;2026-07-27;2026-07-27;EARLY;=A18_PM1;ETO4;planned
413202497;47570403199;2026-07-24;2026-07-25;2026-07-25;EARLY;=A18_PM1;ETO4;planned
413202497;47571127400;2026-07-24;2026-07-25;2026-07-25;EARLY;=A18_PM1;ETO4;planned
413202497;47572223854;2026-07-25;;2026-07-25;EARLY;=A18_PM1;ETO4;planned
413202497;47572224004;2026-07-25;;2026-07-25;EARLY;=A18_PM1;ETO4;planned
413202497;47573103953;2026-07-25;;2026-07-25;EARLY;=A18_PM1;ETO4;planned
413202497;47573354126;2026-07-25;;2026-07-25;EARLY;=A18_PM1;ETO4;planned
413202497;47573422331;2026-07-25;;2026-07-25;EARLY;=A18_PM1;ETO4;planned
413202497;47573665577;2026-07-24;2026-07-26;2026-07-26;EARLY;=A18_PM1;ETO4;planned
413202497;47573673644;2026-07-25;2026-07-27;2026-07-27;EARLY;=A18_PM1;ETO4;planned
413202497;47573723468;2026-07-25;;2026-07-25;EARLY;=A18_PM1;ETO4;planned
413202497;47574174784;2026-07-25;2026-07-27;2026-07-27;EARLY;=A18_PM1;ETO4;planned
413202497;47574876680;2026-07-25;;2026-07-25;EARLY;=A18_PM1;ETO4;planned
413202497;47575070072;2026-07-25;;2026-07-25;EARLY;=A18_PM1;ETO4;planned
413202497;47575751247;2026-07-25;2026-07-27;2026-07-27;EARLY;=A18_PM1;ETO4;planned
413202497;47575752451;2026-07-25;2026-07-27;2026-07-27;EARLY;=A18_PM1;ETO4;planned
413202497;47575888807;2026-07-25;;2026-07-25;EARLY;=A18_PM1;ETO4;planned
413202497;47575917745;2026-07-25;;2026-07-25;EARLY;=A18_PM1;ETO4;planned
413202497;47575946315;2026-07-25;;2026-07-25;EARLY;=A18_PM1;ETO4;planned
413202497;47576000864;2026-07-25;2026-07-27;2026-07-27;EARLY;=A18_PM1;ETO4;planned
413202497;47576076738;2026-07-25;;2026-07-25;EARLY;=A18_PM1;ETO4;planned
413202497;47576126808;2026-07-25;;2026-07-25;EARLY;=A18_PM1;ETO4;planned
413202497;47576138998;2026-07-25;;2026-07-25;EARLY;=A18_PM1;ETO4;planned
413202497;47576143172;2026-07-25;;2026-07-25;EARLY;=A18_PM1;ETO4;planned
413202497;47577282664;2026-07-25;;2026-07-25;EARLY;=A18_PM1;ETO4;planned
413203351;47475399317;2026-07-14;;2026-07-14;VENCIDO;=A11_PM1;ETO4;planned
413203351;47497562611;2026-07-21;2026-07-27;2026-07-27;EARLY;=A11_PM1;ETO4;planned
413203351;47516802095;2026-07-23;2026-07-27;2026-07-27;EARLY;=A11_PM1;ETO4;planned
413203351;47528571647;2026-07-19;2026-07-23;2026-07-23;VENCIDO;=A11_PM1;ETO4;planned
413203351;47530184400;2026-07-22;2026-07-26;2026-07-26;EARLY;=A11_PM1;ETO4;planned
413203351;47540470656;2026-07-23;2026-07-27;2026-07-27;EARLY;=A11_PM1;ETO4;planned
413203351;47541438443;2026-07-29;2026-07-30;2026-07-30;EARLY;=A11_PM1;ETO4;planned
413203351;47542730192;2026-07-24;2026-07-25;2026-07-25;EARLY;=A11_PM1;ETO4;planned
413203351;47543281844;2026-07-23;2026-07-27;2026-07-27;EARLY;=A11_PM1;ETO4;planned
413203351;47544250751;2026-07-23;2026-07-27;2026-07-27;EARLY;=A11_PM1;ETO4;planned
413203351;47544690437;2026-07-23;2026-07-25;2026-07-25;EARLY;=A11_PM1;ETO4;planned
413203351;47545145945;2026-07-23;2026-07-27;2026-07-27;EARLY;=A11_PM1;ETO4;planned
413203351;47545368665;2026-07-23;2026-07-29;2026-07-29;EARLY;=A11_PM1;ETO4;planned
413203351;47545554413;2026-07-23;2026-07-27;2026-07-27;EARLY;=A11_PM1;ETO4;planned
413203351;47546468797;2026-07-23;2026-07-27;2026-07-27;EARLY;=A11_PM1;ETO4;planned
413203351;47546909075;2026-07-24;2026-07-26;2026-07-26;EARLY;=A11_PM1;ETO4;planned
413203351;47548385762;2026-07-23;2026-07-27;2026-07-27;EARLY;=A11_PM1;ETO4;planned
413203351;47549239740;2026-07-25;2026-07-29;2026-07-29;EARLY;=A11_PM1;ETO4;planned
413203351;47549239864;2026-07-23;2026-07-27;2026-07-27;EARLY;=A11_PM1;ETO4;planned
413203351;47549439490;2026-07-24;2026-07-26;2026-07-26;EARLY;=A11_PM1;ETO4;planned
413203351;47549556462;2026-07-25;2026-07-27;2026-07-27;EARLY;=A11_PM1;ETO4;planned
413203351;47549655505;2026-07-26;2026-08-01;2026-08-01;EARLY;=A11_PM1;ETO4;planned
413203351;47552532890;2026-07-24;;2026-07-24;ON TIME;=A11_PM1;ETO4;planned
413203351;47552584615;2026-07-24;;2026-07-24;ON TIME;=A11_PM1;ETO4;planned
413203351;47553041645;2026-07-26;2026-07-28;2026-07-28;EARLY;=A11_PM1;ETO4;planned
413203351;47553185769;2026-07-25;2026-07-29;2026-07-29;EARLY;=A11_PM1;ETO4;planned
413203351;47553464099;2026-07-24;2026-07-27;2026-07-27;EARLY;=A11_PM1;ETO4;planned
413203351;47553716642;2026-07-23;2026-07-27;2026-07-27;EARLY;=A11_PM1;ETO4;planned
413203351;47553977981;2026-07-24;2026-07-27;2026-07-27;EARLY;=A11_PM1;ETO4;planned
413203351;47554062001;2026-07-23;2026-07-27;2026-07-27;EARLY;=A11_PM1;ETO4;planned
413203351;47554492793;2026-07-24;2026-07-27;2026-07-27;EARLY;=A11_PM1;ETO4;planned
413203351;47554905580;2026-07-25;2026-07-27;2026-07-27;EARLY;=A11_PM1;ETO4;planned
413203351;47554988636;2026-07-25;2026-07-27;2026-07-27;EARLY;=A11_PM1;ETO4;planned
413203351;47555197417;2026-07-24;2026-07-27;2026-07-27;EARLY;=A11_PM1;ETO4;planned
413203351;47555384897;2026-07-25;;2026-07-25;EARLY;=A11_PM1;ETO4;planned
413203351;47555447605;2026-07-25;2026-07-29;2026-07-29;EARLY;=A11_PM1;ETO4;planned
413203351;47555539268;2026-07-24;2026-07-27;2026-07-27;EARLY;=A11_PM1;ETO4;planned
413203351;47555682029;2026-07-24;2026-07-26;2026-07-26;EARLY;=A11_PM1;ETO4;planned
413203351;47555691640;2026-07-25;;2026-07-25;EARLY;=A11_PM1;ETO4;planned
413203351;47555745675;2026-07-25;;2026-07-25;EARLY;=A11_PM1;ETO4;planned
413203351;47557144197;2026-07-23;2026-07-27;2026-07-27;EARLY;=A11_PM1;ETO4;planned
413203351;47557316553;2026-07-25;;2026-07-25;EARLY;=A11_PM1;ETO4;planned
413203351;47557356236;2026-07-23;2026-07-27;2026-07-27;EARLY;=A11_PM1;ETO4;planned
413203351;47557474572;2026-07-23;2026-07-27;2026-07-27;EARLY;=A11_PM1;ETO4;planned
413203351;47557569218;2026-07-25;;2026-07-25;EARLY;=A11_PM1;ETO4;planned
413203351;47557743308;2026-07-23;2026-07-27;2026-07-27;EARLY;=A11_PM1;ETO4;planned
413203351;47557774010;2026-07-23;2026-07-27;2026-07-27;EARLY;=A11_PM1;ETO4;planned
413203351;47557960378;2026-07-24;2026-07-26;2026-07-26;EARLY;=A11_PM1;ETO4;planned
413203351;47558701617;2026-07-25;;2026-07-25;EARLY;=A11_PM1;ETO4;planned
413203351;47560118422;2026-07-25;;2026-07-25;EARLY;=A11_PM1;ETO4;planned
413203351;47560446047;2026-07-25;;2026-07-25;EARLY;=A11_PM1;ETO4;planned
413203351;47561001216;2026-07-24;2026-07-26;2026-07-26;EARLY;=A11_PM1;ETO4;planned
413203351;47561162548;2026-07-25;2026-07-27;2026-07-27;EARLY;=A11_PM1;ETO4;planned
413203351;47562313444;2026-07-24;2026-07-26;2026-07-26;EARLY;=A11_PM1;ETO4;planned
413203351;47562436930;2026-07-25;;2026-07-25;EARLY;=A11_PM1;ETO4;planned
413203351;47564076529;2026-07-24;2026-07-26;2026-07-26;EARLY;=A11_PM1;ETO4;planned
413203351;47565174591;2026-07-25;;2026-07-25;EARLY;=A11_PM1;ETO4;planned
413203351;47565508139;2026-07-25;;2026-07-25;EARLY;=A11_PM1;ETO4;planned
413203351;47565563089;2026-07-25;;2026-07-25;EARLY;=A11_PM1;ETO4;planned
413203351;47566131305;2026-07-25;;2026-07-25;EARLY;=A11_PM1;ETO4;planned
413203351;47566158069;2026-07-24;2026-07-25;2026-07-25;EARLY;=A11_PM1;ETO4;planned
413203351;47566719750;2026-07-24;2026-07-25;2026-07-25;EARLY;=A11_PM1;ETO4;planned
413203351;47567984511;2026-07-24;2026-07-26;2026-07-26;EARLY;=A11_PM1;ETO4;planned
413203351;47569050451;2026-07-25;;2026-07-25;EARLY;=A11_PM1;ETO4;planned
413203351;47569546337;2026-07-24;2026-07-25;2026-07-25;EARLY;=A11_PM1;ETO4;planned
413203351;47569891658;2026-07-30;2026-07-31;2026-07-31;EARLY;=A11_PM1;ETO4;planned
413203351;47570012164;2026-07-25;2026-07-27;2026-07-27;EARLY;=A11_PM1;ETO4;planned
413203351;47572350035;2026-07-25;;2026-07-25;EARLY;=A11_PM1;ETO4;planned
413203351;47572566362;2026-07-25;;2026-07-25;EARLY;=A11_PM1;ETO4;planned
413203351;47572950962;2026-07-25;;2026-07-25;EARLY;=A11_PM1;ETO4;planned
413203351;47573304817;2026-07-25;;2026-07-25;EARLY;=A11_PM1;ETO4;planned
413203351;47573829078;2026-07-25;;2026-07-25;EARLY;=A11_PM1;ETO4;planned
413203351;47573891901;2026-07-24;2026-07-26;2026-07-26;EARLY;=A11_PM1;ETO4;planned
413203351;47574181513;2026-07-24;2026-07-26;2026-07-26;EARLY;=A11_PM1;ETO4;planned
413203351;47574368692;2026-07-25;;2026-07-25;EARLY;=A11_PM1;ETO4;planned
413203351;47574868816;2026-07-25;2026-07-29;2026-07-29;EARLY;=A11_PM1;ETO4;planned
413203351;47574917002;2026-07-24;2026-07-26;2026-07-26;EARLY;=A11_PM1;ETO4;planned
413203351;47574933391;2026-07-25;2026-07-27;2026-07-27;EARLY;=A11_PM1;ETO4;planned
413203351;47575031241;2026-07-25;;2026-07-25;EARLY;=A11_PM1;ETO4;planned
413203351;47575199967;2026-07-25;2026-07-29;2026-07-29;EARLY;=A11_PM1;ETO4;planned
413203351;47575375228;2026-07-25;2026-07-27;2026-07-27;EARLY;=A11_PM1;ETO4;planned
413203351;47575670496;2026-07-25;;2026-07-25;EARLY;=A11_PM1;ETO4;planned
413203351;47578343635;2026-07-25;;2026-07-25;EARLY;=A11_PM1;ETO4;planned
413203351;47578373032;2026-07-25;;2026-07-25;EARLY;=A11_PM1;ETO4;planned
413203351;47578805969;2026-07-25;;2026-07-25;EARLY;=A11_PM1;ETO4;planned
413203351;47579202097;2026-07-25;;2026-07-25;EARLY;=A11_PM1;ETO4;planned
413203351;47579430645;2026-07-25;;2026-07-25;EARLY;=A11_PM1;ETO4;planned
413203351;47580110855;2026-07-25;2026-07-29;2026-07-29;EARLY;=A11_PM1;ETO4;planned
413203351;47580861302;2026-07-25;;2026-07-25;EARLY;=A11_PM1;ETO4;planned
413203414;47429707503;2026-07-05;2026-07-11;2026-07-11;VENCIDO;=A16_PM1;ETO4;planned
413203414;47466576118;2026-07-20;2026-07-26;2026-07-26;EARLY;=A16_PM1;ETO4;planned
413203414;47469908891;2026-07-23;2026-07-25;2026-07-25;EARLY;=A16_PM1;ETO4;planned
413203414;47500436651;2026-07-22;2026-07-26;2026-07-26;EARLY;=A16_PM1;ETO4;planned
413203414;47508758318;2026-07-23;2026-07-27;2026-07-27;EARLY;=A16_PM1;ETO4;planned
413203414;47513058540;2026-07-23;2026-07-27;2026-07-27;EARLY;=A16_PM1;ETO4;planned
413203414;47516067014;2026-07-24;2026-07-26;2026-07-26;EARLY;=A16_PM1;ETO4;planned
413203414;47523936238;2026-07-21;2026-07-27;2026-07-27;EARLY;=A16_PM1;ETO4;planned
413203414;47525180247;2026-07-23;2026-07-27;2026-07-27;EARLY;=A16_PM1;ETO4;planned
413203414;47525441014;2026-07-21;2026-07-27;2026-07-27;EARLY;=A16_PM1;ETO4;planned
413203414;47526573309;2026-07-23;2026-07-27;2026-07-27;EARLY;=A16_PM1;ETO4;planned
413203414;47527038211;2026-07-23;2026-07-27;2026-07-27;EARLY;=A16_PM1;ETO4;planned
413203414;47530834440;2026-07-23;2026-07-27;2026-07-27;EARLY;=A16_PM1;ETO4;planned
413203414;47533299193;2026-07-23;2026-07-27;2026-07-27;EARLY;=A16_PM1;ETO4;planned
413203414;47533556618;2026-07-22;2026-07-26;2026-07-26;EARLY;=A16_PM1;ETO4;planned
413203414;47535466236;2026-07-22;2026-07-26;2026-07-26;EARLY;=A16_PM1;ETO4;planned
413203414;47535614432;2026-07-23;2026-07-27;2026-07-27;EARLY;=A16_PM1;ETO4;planned
413203414;47537654978;2026-07-22;2026-07-26;2026-07-26;EARLY;=A16_PM1;ETO4;planned
413203414;47538177201;2026-07-23;2026-07-27;2026-07-27;EARLY;=A16_PM1;ETO4;planned
413203414;47538874505;2026-07-23;2026-07-27;2026-07-27;EARLY;=A16_PM1;ETO4;planned
413203414;47541227596;2026-07-23;2026-07-25;2026-07-25;EARLY;=A16_PM1;ETO4;planned
413203414;47541821467;2026-07-23;2026-07-25;2026-07-25;EARLY;=A16_PM1;ETO4;planned
413203414;47543726454;2026-07-23;2026-07-27;2026-07-27;EARLY;=A16_PM1;ETO4;planned
413203414;47545639870;2026-07-23;2026-07-27;2026-07-27;EARLY;=A16_PM1;ETO4;planned
413203414;47545659232;2026-07-23;2026-07-25;2026-07-25;EARLY;=A16_PM1;ETO4;planned
413203414;47545885111;2026-07-23;2026-07-27;2026-07-27;EARLY;=A16_PM1;ETO4;planned
413203414;47546064475;2026-07-26;2026-07-28;2026-07-28;EARLY;=A16_PM1;ETO4;planned
413203414;47546338300;2026-07-23;2026-07-27;2026-07-27;EARLY;=A16_PM1;ETO4;planned
413203414;47548423207;2026-07-23;2026-07-27;2026-07-27;EARLY;=A16_PM1;ETO4;planned
413203414;47548847420;2026-07-24;2026-07-26;2026-07-26;EARLY;=A16_PM1;ETO4;planned
413203414;47549433084;2026-07-24;2026-07-26;2026-07-26;EARLY;=A16_PM1;ETO4;planned
413203414;47549970016;2026-07-24;2026-07-26;2026-07-26;EARLY;=A16_PM1;ETO4;planned
413203414;47551163917;2026-07-24;2026-07-26;2026-07-26;EARLY;=A16_PM1;ETO4;planned
413203414;47553241245;2026-07-25;;2026-07-25;EARLY;=A16_PM1;ETO4;planned
413203414;47553536920;2026-07-24;2026-07-26;2026-07-26;EARLY;=A16_PM1;ETO4;planned
413203414;47553960461;2026-07-23;2026-07-25;2026-07-25;EARLY;=A16_PM1;ETO4;planned
413203414;47554178049;2026-07-24;2026-07-27;2026-07-27;EARLY;=A16_PM1;ETO4;planned
413203414;47554519811;2026-07-25;2026-07-27;2026-07-27;EARLY;=A16_PM1;ETO4;planned
413203414;47554737085;2026-07-24;2026-07-26;2026-07-26;EARLY;=A16_PM1;ETO4;planned
413203414;47555085642;2026-07-24;2026-07-26;2026-07-26;EARLY;=A16_PM1;ETO4;planned
413203414;47555307992;2026-07-23;2026-07-27;2026-07-27;EARLY;=A16_PM1;ETO4;planned
413203414;47556525226;2026-07-25;;2026-07-25;EARLY;=A16_PM1;ETO4;planned
413203414;47556525242;2026-07-25;;2026-07-25;EARLY;=A16_PM1;ETO4;planned
413203414;47556807806;2026-07-25;2026-07-27;2026-07-27;EARLY;=A16_PM1;ETO4;planned
413203414;47557535867;2026-07-25;;2026-07-25;EARLY;=A16_PM1;ETO4;planned
413203414;47557664863;2026-07-23;2026-07-27;2026-07-27;EARLY;=A16_PM1;ETO4;planned
413203414;47557866451;2026-07-25;2026-07-26;2026-07-26;EARLY;=A16_PM1;ETO4;planned
413203414;47558022649;2026-07-24;2026-07-26;2026-07-26;EARLY;=A16_PM1;ETO4;planned
413203414;47558275190;2026-07-24;2026-07-26;2026-07-26;EARLY;=A16_PM1;ETO4;planned
413203414;47558521147;2026-07-24;2026-07-26;2026-07-26;EARLY;=A16_PM1;ETO4;planned
413203414;47559144519;2026-07-25;2026-07-27;2026-07-27;EARLY;=A16_PM1;ETO4;planned
413203414;47561128425;2026-07-25;;2026-07-25;EARLY;=A16_PM1;ETO4;planned
413203414;47561452914;2026-07-24;2026-07-26;2026-07-26;EARLY;=A16_PM1;ETO4;planned
413203414;47562051267;2026-07-23;2026-07-25;2026-07-25;EARLY;=A16_PM1;ETO4;planned
413203414;47564465608;2026-07-24;2026-07-26;2026-07-26;EARLY;=A16_PM1;ETO4;planned
413203414;47565578664;2026-07-24;2026-07-25;2026-07-25;EARLY;=A16_PM1;ETO4;planned
413203414;47565824488;2026-07-25;;2026-07-25;EARLY;=A16_PM1;ETO4;planned
413203414;47565885354;2026-07-24;2026-07-25;2026-07-25;EARLY;=A16_PM1;ETO4;planned
413203414;47565985763;2026-07-24;2026-07-25;2026-07-25;EARLY;=A16_PM1;ETO4;planned
413203414;47566239605;2026-07-24;2026-07-25;2026-07-25;EARLY;=A16_PM1;ETO4;planned
413203414;47566511389;2026-07-24;2026-07-26;2026-07-26;EARLY;=A16_PM1;ETO4;planned
413203414;47567825098;2026-07-24;2026-07-25;2026-07-25;EARLY;=A16_PM1;ETO4;planned
413203414;47568775175;2026-07-24;2026-07-25;2026-07-25;EARLY;=A16_PM1;ETO4;planned
413203414;47568775461;2026-07-25;;2026-07-25;EARLY;=A16_PM1;ETO4;planned
413203414;47568775505;2026-07-24;2026-07-25;2026-07-25;EARLY;=A16_PM1;ETO4;planned
413203414;47569497675;2026-07-25;;2026-07-25;EARLY;=A16_PM1;ETO4;planned
413203414;47569725611;2026-07-25;;2026-07-25;EARLY;=A16_PM1;ETO4;planned
413203414;47569748208;2026-07-25;;2026-07-25;EARLY;=A16_PM1;ETO4;planned
413203414;47570982851;2026-07-24;2026-07-25;2026-07-25;EARLY;=A16_PM1;ETO4;planned
413203414;47571280180;2026-07-24;2026-07-25;2026-07-25;EARLY;=A16_PM1;ETO4;planned
413203414;47572554316;2026-07-24;2026-07-26;2026-07-26;EARLY;=A16_PM1;ETO4;planned
413203414;47572763006;2026-07-25;2026-07-27;2026-07-27;EARLY;=A16_PM1;ETO4;planned
413203414;47572975014;2026-07-25;;2026-07-25;EARLY;=A16_PM1;ETO4;planned
413203414;47573353662;2026-07-25;;2026-07-25;EARLY;=A16_PM1;ETO4;planned
413203414;47574666391;2026-07-25;2026-07-27;2026-07-27;EARLY;=A16_PM1;ETO4;planned
413203414;47574781279;2026-07-25;;2026-07-25;EARLY;=A16_PM1;ETO4;planned
413203414;47574815993;2026-07-25;2026-07-27;2026-07-27;EARLY;=A16_PM1;ETO4;planned
413203414;47574929273;2026-07-25;2026-07-27;2026-07-27;EARLY;=A16_PM1;ETO4;planned
413203414;47575033452;2026-07-25;2026-07-27;2026-07-27;EARLY;=A16_PM1;ETO4;planned
413203414;47575044841;2026-07-24;2026-07-26;2026-07-26;EARLY;=A16_PM1;ETO4;planned
413203414;47575191456;2026-07-25;;2026-07-25;EARLY;=A16_PM1;ETO4;planned
413203414;47575314229;2026-07-25;2026-07-27;2026-07-27;EARLY;=A16_PM1;ETO4;planned
413203414;47575708035;2026-07-25;2026-07-27;2026-07-27;EARLY;=A16_PM1;ETO4;planned
413203414;47576314611;2026-07-25;;2026-07-25;EARLY;=A16_PM1;ETO4;planned
413203414;47576327446;2026-07-25;;2026-07-25;EARLY;=A16_PM1;ETO4;planned
413203414;47578190770;2026-07-25;;2026-07-25;EARLY;=A16_PM1;ETO4;planned
413203414;47578534970;2026-07-25;;2026-07-25;EARLY;=A16_PM1;ETO4;planned
413203414;47578808731;2026-07-25;2026-07-29;2026-07-29;EARLY;=A16_PM1;ETO4;planned
413203414;47579127096;2026-07-25;;2026-07-25;EARLY;=A16_PM1;ETO4;planned
413203596;47478054932;2026-07-21;2026-07-27;2026-07-27;EARLY;=A14_PM1;ETO4;planned
413203596;47486079878;2026-07-22;2026-07-26;2026-07-26;EARLY;=A14_PM1;ETO4;planned
413203596;47497209525;2026-07-21;2026-07-27;2026-07-27;EARLY;=A14_PM1;ETO4;planned
413203596;47499067140;2026-07-24;2026-07-26;2026-07-26;EARLY;=A14_PM1;ETO4;planned
413203596;47500628382;2026-07-19;2026-07-23;2026-07-23;VENCIDO;=A14_PM1;ETO4;planned
413203596;47513444674;2026-07-23;2026-07-27;2026-07-27;EARLY;=A14_PM1;ETO4;planned
413203596;47518814597;2026-07-23;2026-07-27;2026-07-27;EARLY;=A14_PM1;ETO4;planned
413203596;47519078078;2026-07-23;2026-07-27;2026-07-27;EARLY;=A14_PM1;ETO4;planned
413203596;47522969110;2026-07-23;2026-07-27;2026-07-27;EARLY;=A14_PM1;ETO4;planned
413203596;47524806277;2026-07-21;2026-07-27;2026-07-27;EARLY;=A14_PM1;ETO4;planned
413203596;47525067076;2026-07-21;2026-07-27;2026-07-27;EARLY;=A14_PM1;ETO4;planned
413203596;47529275910;2026-07-23;2026-07-27;2026-07-27;EARLY;=A14_PM1;ETO4;planned
413203596;47531065024;2026-07-22;2026-07-28;2026-07-28;EARLY;=A14_PM1;ETO4;planned
413203596;47531147336;2026-07-21;2026-07-27;2026-07-27;EARLY;=A14_PM1;ETO4;planned
413203596;47535105186;2026-07-22;2026-07-26;2026-07-26;EARLY;=A14_PM1;ETO4;planned
413203596;47535202630;2026-07-22;2026-07-26;2026-07-26;EARLY;=A14_PM1;ETO4;planned
413203596;47535818310;2026-07-23;2026-07-27;2026-07-27;EARLY;=A14_PM1;ETO4;planned
413203596;47537410901;2026-07-22;2026-07-26;2026-07-26;EARLY;=A14_PM1;ETO4;planned
413203596;47538511968;2026-07-23;2026-07-27;2026-07-27;EARLY;=A14_PM1;ETO4;planned
413203596;47538838912;2026-07-22;2026-07-28;2026-07-28;EARLY;=A14_PM1;ETO4;planned
413203596;47540209126;2026-07-22;2026-07-26;2026-07-26;EARLY;=A14_PM1;ETO4;planned
413203596;47540209434;2026-07-23;2026-07-27;2026-07-27;EARLY;=A14_PM1;ETO4;planned
413203596;47540446079;2026-07-23;2026-07-27;2026-07-27;EARLY;=A14_PM1;ETO4;planned
413203596;47543453711;2026-07-23;2026-07-27;2026-07-27;EARLY;=A14_PM1;ETO4;planned
413203596;47545258387;2026-07-23;2026-07-27;2026-07-27;EARLY;=A14_PM1;ETO4;planned
413203596;47547010036;2026-07-23;2026-07-25;2026-07-25;EARLY;=A14_PM1;ETO4;planned
413203596;47547803661;2026-07-23;2026-07-27;2026-07-27;EARLY;=A14_PM1;ETO4;planned
413203596;47549183084;2026-07-24;2026-07-26;2026-07-26;EARLY;=A14_PM1;ETO4;planned
413203596;47550677611;2026-07-25;2026-07-27;2026-07-27;EARLY;=A14_PM1;ETO4;planned
413203596;47552463477;2026-07-23;2026-07-27;2026-07-27;EARLY;=A14_PM1;ETO4;planned
413203596;47553060594;2026-07-25;;2026-07-25;EARLY;=A14_PM1;ETO4;planned
413203596;47553576546;2026-07-24;2026-07-27;2026-07-27;EARLY;=A14_PM1;ETO4;planned
413203596;47554180150;2026-07-25;;2026-07-25;EARLY;=A14_PM1;ETO4;planned
413203596;47554479059;2026-07-24;2026-07-26;2026-07-26;EARLY;=A14_PM1;ETO4;planned
413203596;47554491759;2026-07-23;2026-07-25;2026-07-25;EARLY;=A14_PM1;ETO4;planned
413203596;47554549242;2026-07-23;2026-07-27;2026-07-27;EARLY;=A14_PM1;ETO4;planned
413203596;47554663683;2026-07-25;;2026-07-25;EARLY;=A14_PM1;ETO4;planned
413203596;47554665598;2026-07-25;2026-07-27;2026-07-27;EARLY;=A14_PM1;ETO4;planned
413203596;47555185666;2026-07-23;2026-07-27;2026-07-27;EARLY;=A14_PM1;ETO4;planned
413203596;47555415304;2026-07-25;;2026-07-25;EARLY;=A14_PM1;ETO4;planned
413203596;47555974443;2026-07-24;2026-07-27;2026-07-27;EARLY;=A14_PM1;ETO4;planned
413203596;47556189471;2026-07-24;2026-07-26;2026-07-26;EARLY;=A14_PM1;ETO4;planned
413203596;47556564451;2026-07-25;;2026-07-25;EARLY;=A14_PM1;ETO4;planned
413203596;47556928276;2026-07-25;;2026-07-25;EARLY;=A14_PM1;ETO4;planned
413203596;47557229509;2026-07-23;2026-07-27;2026-07-27;EARLY;=A14_PM1;ETO4;planned
413203596;47557268079;2026-07-24;2026-07-26;2026-07-26;EARLY;=A14_PM1;ETO4;planned
413203596;47557450077;2026-07-23;2026-07-27;2026-07-27;EARLY;=A14_PM1;ETO4;planned
413203596;47557975736;2026-07-25;2026-07-27;2026-07-27;EARLY;=A14_PM1;ETO4;planned
413203596;47558248385;2026-07-25;2026-07-27;2026-07-27;EARLY;=A14_PM1;ETO4;planned
413203596;47558520217;2026-07-24;2026-07-26;2026-07-26;EARLY;=A14_PM1;ETO4;planned
413203596;47558817379;2026-07-24;2026-07-26;2026-07-26;EARLY;=A14_PM1;ETO4;planned
413203596;47558825719;2026-07-24;2026-07-26;2026-07-26;EARLY;=A14_PM1;ETO4;planned
413203596;47561405031;2026-07-24;2026-07-26;2026-07-26;EARLY;=A14_PM1;ETO4;planned
413203596;47561769613;2026-07-24;2026-07-26;2026-07-26;EARLY;=A14_PM1;ETO4;planned
413203596;47561780563;2026-07-24;2026-07-26;2026-07-26;EARLY;=A14_PM1;ETO4;planned
413203596;47561923654;2026-07-23;2026-07-25;2026-07-25;EARLY;=A14_PM1;ETO4;planned
413203596;47561960036;2026-07-25;;2026-07-25;EARLY;=A14_PM1;ETO4;planned
413203596;47564589427;2026-07-23;2026-07-25;2026-07-25;EARLY;=A14_PM1;ETO4;planned
413203596;47564909879;2026-07-25;;2026-07-25;EARLY;=A14_PM1;ETO4;planned
413203596;47565854443;2026-07-25;;2026-07-25;EARLY;=A14_PM1;ETO4;planned
413203596;47566382768;2026-07-24;2026-07-25;2026-07-25;EARLY;=A14_PM1;ETO4;planned
413203596;47566974931;2026-07-24;2026-07-25;2026-07-25;EARLY;=A14_PM1;ETO4;planned
413203596;47569474364;2026-07-24;2026-07-25;2026-07-25;EARLY;=A14_PM1;ETO4;planned
413203596;47569552819;2026-07-24;2026-07-25;2026-07-25;EARLY;=A14_PM1;ETO4;planned
413203596;47569553041;2026-07-24;2026-07-25;2026-07-25;EARLY;=A14_PM1;ETO4;planned
413203596;47569803196;2026-07-24;2026-07-25;2026-07-25;EARLY;=A14_PM1;ETO4;planned
413203596;47569803450;2026-07-24;2026-07-25;2026-07-25;EARLY;=A14_PM1;ETO4;planned
413203596;47569856404;2026-07-25;;2026-07-25;EARLY;=A14_PM1;ETO4;planned
413203596;47569990003;2026-07-24;2026-07-26;2026-07-26;EARLY;=A14_PM1;ETO4;planned
413203596;47570261446;2026-07-24;2026-07-25;2026-07-25;EARLY;=A14_PM1;ETO4;planned
413203596;47571317130;2026-07-25;;2026-07-25;EARLY;=A14_PM1;ETO4;planned
413203596;47572267803;2026-07-25;;2026-07-25;EARLY;=A14_PM1;ETO4;planned
413203596;47572819152;2026-07-25;;2026-07-25;EARLY;=A14_PM1;ETO4;planned
413203596;47573061172;2026-07-24;2026-07-26;2026-07-26;EARLY;=A14_PM1;ETO4;planned
413203596;47573882483;2026-07-25;2026-07-27;2026-07-27;EARLY;=A14_PM1;ETO4;planned
413203596;47573883315;2026-07-24;2026-07-26;2026-07-26;EARLY;=A14_PM1;ETO4;planned
413203596;47574033278;2026-07-25;;2026-07-25;EARLY;=A14_PM1;ETO4;planned
413203596;47574652361;2026-07-25;;2026-07-25;EARLY;=A14_PM1;ETO4;planned
413203596;47574805263;2026-07-24;2026-07-26;2026-07-26;EARLY;=A14_PM1;ETO4;planned
413203596;47575163026;2026-07-25;;2026-07-25;EARLY;=A14_PM1;ETO4;planned
413203596;47575163042;2026-07-25;;2026-07-25;EARLY;=A14_PM1;ETO4;planned
413203596;47575242164;2026-07-25;2026-07-27;2026-07-27;EARLY;=A14_PM1;ETO4;planned
413203596;47575397105;2026-07-25;;2026-07-25;EARLY;=A14_PM1;ETO4;planned
413203596;47576314548;2026-07-25;;2026-07-25;EARLY;=A14_PM1;ETO4;planned
413203596;47578897551;2026-07-25;;2026-07-25;EARLY;=A14_PM1;ETO4;planned
413203596;47579498465;2026-07-25;;2026-07-25;EARLY;=A14_PM1;ETO4;planned
413203596;47579566192;2026-07-25;;2026-07-25;EARLY;=A14_PM1;ETO4;planned
413203596;47580275157;2026-07-25;;2026-07-25;EARLY;=A14_PM1;ETO4;planned
413203596;47580433644;2026-07-25;2026-07-29;2026-07-29;EARLY;=A14_PM1;ETO4;planned
413203680;47500668721;2026-07-18;2026-07-24;2026-07-24;ON TIME;=A9_PM1;ETO4;planned
413203680;47503356403;2026-07-22;2026-07-26;2026-07-26;EARLY;=A9_PM1;ETO4;planned
413203680;47511781628;2026-07-24;2026-07-26;2026-07-26;EARLY;=A9_PM1;ETO4;planned
413203680;47513441146;2026-07-17;;2026-07-17;VENCIDO;=A9_PM1;ETO4;planned
413203680;47514642570;2026-07-23;2026-07-27;2026-07-27;EARLY;=A9_PM1;ETO4;planned
413203680;47515717459;2026-07-23;2026-07-27;2026-07-27;EARLY;=A9_PM1;ETO4;planned
413203680;47528695768;2026-07-23;2026-07-27;2026-07-27;EARLY;=A9_PM1;ETO4;planned
413203680;47532476305;2026-07-23;2026-07-27;2026-07-27;EARLY;=A9_PM1;ETO4;planned
413203680;47535452387;2026-07-22;2026-07-26;2026-07-26;EARLY;=A9_PM1;ETO4;planned
413203680;47537645070;2026-07-23;2026-07-27;2026-07-27;EARLY;=A9_PM1;ETO4;planned
413203680;47538508773;2026-07-23;2026-07-27;2026-07-27;EARLY;=A9_PM1;ETO4;planned
413203680;47538700666;2026-07-20;;2026-07-20;VENCIDO;=A9_PM1;ETO4;planned
413203680;47540911003;2026-07-23;2026-07-27;2026-07-27;EARLY;=A9_PM1;ETO4;planned
413203680;47541686889;2026-07-24;2026-07-26;2026-07-26;EARLY;=A9_PM1;ETO4;planned
413203680;47542019108;2026-07-23;2026-07-25;2026-07-25;EARLY;=A9_PM1;ETO4;planned
413203680;47542638692;2026-07-23;2026-07-27;2026-07-27;EARLY;=A9_PM1;ETO4;planned
413203680;47542787207;2026-07-23;2026-07-27;2026-07-27;EARLY;=A9_PM1;ETO4;planned
413203680;47543112807;2026-07-23;2026-07-27;2026-07-27;EARLY;=A9_PM1;ETO4;planned
413203680;47543192402;2026-07-23;2026-07-27;2026-07-27;EARLY;=A9_PM1;ETO4;planned
413203680;47543722275;2026-07-23;2026-07-27;2026-07-27;EARLY;=A9_PM1;ETO4;planned
413203680;47548194883;2026-07-23;2026-07-27;2026-07-27;EARLY;=A9_PM1;ETO4;planned
413203680;47549399973;2026-07-24;2026-07-26;2026-07-26;EARLY;=A9_PM1;ETO4;planned
413203680;47550317635;2026-07-24;2026-07-26;2026-07-26;EARLY;=A9_PM1;ETO4;planned
413203680;47550607263;2026-07-25;;2026-07-25;EARLY;=A9_PM1;ETO4;planned
413203680;47550860088;2026-07-24;2026-07-26;2026-07-26;EARLY;=A9_PM1;ETO4;planned
413203680;47552154479;2026-07-24;2026-07-26;2026-07-26;EARLY;=A9_PM1;ETO4;planned
413203680;47552236532;2026-07-24;2026-07-26;2026-07-26;EARLY;=A9_PM1;ETO4;planned
413203680;47552434016;2026-07-25;2026-07-27;2026-07-27;EARLY;=A9_PM1;ETO4;planned
413203680;47553926855;2026-07-24;2026-07-26;2026-07-26;EARLY;=A9_PM1;ETO4;planned
413203680;47555178611;2026-07-25;;2026-07-25;EARLY;=A9_PM1;ETO4;planned
413203680;47555598738;2026-07-23;2026-07-27;2026-07-27;EARLY;=A9_PM1;ETO4;planned
413203680;47555843954;2026-07-24;2026-07-26;2026-07-26;EARLY;=A9_PM1;ETO4;planned
413203680;47556745551;2026-07-25;;2026-07-25;EARLY;=A9_PM1;ETO4;planned
413203680;47556903108;2026-07-25;2026-07-29;2026-07-29;EARLY;=A9_PM1;ETO4;planned
413203680;47556994648;2026-07-25;2026-07-26;2026-07-26;EARLY;=A9_PM1;ETO4;planned
413203680;47558275501;2026-07-25;;2026-07-25;EARLY;=A9_PM1;ETO4;planned
413203680;47559047421;2026-07-25;2026-07-27;2026-07-27;EARLY;=A9_PM1;ETO4;planned
413203680;47559276342;2026-07-24;2026-07-26;2026-07-26;EARLY;=A9_PM1;ETO4;planned
413203680;47559495602;2026-07-25;2026-07-26;2026-07-26;EARLY;=A9_PM1;ETO4;planned
413203680;47559578070;2026-07-25;;2026-07-25;EARLY;=A9_PM1;ETO4;planned
413203680;47559917504;2026-07-24;2026-07-26;2026-07-26;EARLY;=A9_PM1;ETO4;planned
413203680;47560327283;2026-07-25;;2026-07-25;EARLY;=A9_PM1;ETO4;planned
413203680;47561641253;2026-07-24;2026-07-26;2026-07-26;EARLY;=A9_PM1;ETO4;planned
413203680;47562011849;2026-07-25;2026-07-27;2026-07-27;EARLY;=A9_PM1;ETO4;planned
413203680;47562657147;2026-07-24;2026-07-26;2026-07-26;EARLY;=A9_PM1;ETO4;planned
413203680;47562777594;2026-07-24;2026-07-26;2026-07-26;EARLY;=A9_PM1;ETO4;planned
413203680;47562951351;2026-07-24;2026-07-26;2026-07-26;EARLY;=A9_PM1;ETO4;planned
413203680;47564174141;2026-07-25;;2026-07-25;EARLY;=A9_PM1;ETO4;planned
413203680;47564174609;2026-07-25;;2026-07-25;EARLY;=A9_PM1;ETO4;planned
413203680;47564572274;2026-07-24;2026-07-25;2026-07-25;EARLY;=A9_PM1;ETO4;planned
413203680;47566348651;2026-07-24;2026-07-26;2026-07-26;EARLY;=A9_PM1;ETO4;planned
413203680;47566600378;2026-07-25;;2026-07-25;EARLY;=A9_PM1;ETO4;planned
413203680;47567093646;2026-07-25;;2026-07-25;EARLY;=A9_PM1;ETO4;planned
413203680;47567254344;2026-07-24;2026-07-25;2026-07-25;EARLY;=A9_PM1;ETO4;planned
413203680;47567716707;2026-07-24;2026-07-25;2026-07-25;EARLY;=A9_PM1;ETO4;planned
413203680;47567978196;2026-07-24;2026-07-25;2026-07-25;EARLY;=A9_PM1;ETO4;planned
413203680;47568346889;2026-07-24;2026-07-25;2026-07-25;EARLY;=A9_PM1;ETO4;planned
413203680;47568595195;2026-07-24;2026-07-25;2026-07-25;EARLY;=A9_PM1;ETO4;planned
413203680;47568677013;2026-07-25;;2026-07-25;EARLY;=A9_PM1;ETO4;planned
413203680;47568811603;2026-07-24;2026-07-25;2026-07-25;EARLY;=A9_PM1;ETO4;planned
413203680;47569062502;2026-07-24;2026-07-25;2026-07-25;EARLY;=A9_PM1;ETO4;planned
413203680;47569062694;2026-07-24;2026-07-25;2026-07-25;EARLY;=A9_PM1;ETO4;planned
413203680;47570324077;2026-07-25;2026-07-27;2026-07-27;EARLY;=A9_PM1;ETO4;planned
413203680;47570555540;2026-07-24;2026-07-25;2026-07-25;EARLY;=A9_PM1;ETO4;planned
413203680;47571050431;;;;;=A9_PM1;ETO4;planned
413203680;47571253411;2026-07-25;;2026-07-25;EARLY;=A9_PM1;ETO4;planned
413203680;47571502618;2026-07-24;2026-07-25;2026-07-25;EARLY;=A9_PM1;ETO4;planned
413203680;47571705974;2026-07-25;;2026-07-25;EARLY;=A9_PM1;ETO4;planned
413203680;47572450983;2026-07-25;;2026-07-25;EARLY;=A9_PM1;ETO4;planned
413203680;47572584116;2026-07-25;;2026-07-25;EARLY;=A9_PM1;ETO4;planned
413203680;47572592297;2026-07-25;;2026-07-25;EARLY;=A9_PM1;ETO4;planned
413203680;47572598231;2026-07-25;;2026-07-25;EARLY;=A9_PM1;ETO4;planned
413203680;47572847864;2026-07-25;;2026-07-25;EARLY;=A9_PM1;ETO4;planned
413203680;47572937467;2026-07-24;2026-07-26;2026-07-26;EARLY;=A9_PM1;ETO4;planned
413203680;47573029346;2026-07-25;;2026-07-25;EARLY;=A9_PM1;ETO4;planned
413203680;47573160117;2026-07-24;2026-07-26;2026-07-26;EARLY;=A9_PM1;ETO4;planned
413203680;47573176473;2026-07-25;;2026-07-25;EARLY;=A9_PM1;ETO4;planned
413203680;47574183146;2026-07-25;;2026-07-25;EARLY;=A9_PM1;ETO4;planned
413203680;47574209332;2026-07-25;;2026-07-25;EARLY;=A9_PM1;ETO4;planned
413203680;47574468282;2026-07-25;;2026-07-25;EARLY;=A9_PM1;ETO4;planned
413203680;47574536572;2026-07-26;2026-07-27;2026-07-27;EARLY;=A9_PM1;ETO4;planned
413203680;47575105660;2026-07-25;;2026-07-25;EARLY;=A9_PM1;ETO4;planned
413203680;47575914912;2026-07-25;2026-07-27;2026-07-27;EARLY;=A9_PM1;ETO4;planned
413203680;47575979062;2026-07-25;2026-07-27;2026-07-27;EARLY;=A9_PM1;ETO4;planned
413203680;47576261336;2026-07-25;;2026-07-25;EARLY;=A9_PM1;ETO4;planned
413203680;47577855994;2026-07-25;;2026-07-25;EARLY;=A9_PM1;ETO4;planned
413203680;47578312883;2026-07-25;;2026-07-25;EARLY;=A9_PM1;ETO4;planned
413203680;47579758316;2026-07-25;;2026-07-25;EARLY;=A9_PM1;ETO4;planned
413203680;47580825524;2026-07-25;;2026-07-25;EARLY;=A9_PM1;ETO4;planned
413204737;47468619278;2026-07-13;2026-07-19;2026-07-19;VENCIDO;=A12_PM1;ETO4;planned
413204737;47480820442;2026-07-16;2026-07-22;2026-07-22;VENCIDO;=A12_PM1;ETO4;planned
413204737;47487157567;2026-07-21;2026-07-27;2026-07-27;EARLY;=A12_PM1;ETO4;planned
413204737;47499753133;2026-07-24;2026-07-26;2026-07-26;EARLY;=A12_PM1;ETO4;planned
413204737;47500399867;2026-07-27;2026-07-29;2026-07-29;EARLY;=A12_PM1;ETO4;planned
413204737;47512519105;2026-07-23;2026-07-27;2026-07-27;EARLY;=A12_PM1;ETO4;planned
413204737;47517462778;2026-07-23;2026-07-27;2026-07-27;EARLY;=A12_PM1;ETO4;planned
413204737;47523544353;2026-07-23;2026-07-27;2026-07-27;EARLY;=A12_PM1;ETO4;planned
413204737;47526783931;2026-07-23;2026-07-27;2026-07-27;EARLY;=A12_PM1;ETO4;planned
413204737;47527392467;2026-07-23;2026-07-27;2026-07-27;EARLY;=A12_PM1;ETO4;planned
413204737;47527647684;2026-07-22;2026-07-26;2026-07-26;EARLY;=A12_PM1;ETO4;planned
413204737;47529230814;2026-07-24;2026-07-26;2026-07-26;EARLY;=A12_PM1;ETO4;planned
413204737;47529643497;2026-07-23;2026-07-27;2026-07-27;EARLY;=A12_PM1;ETO4;planned
413204737;47530204769;2026-07-22;2026-07-27;2026-07-27;EARLY;=A12_PM1;ETO4;planned
413204737;47530865845;2026-07-23;2026-07-27;2026-07-27;EARLY;=A12_PM1;ETO4;planned
413204737;47531875415;2026-07-21;2026-07-27;2026-07-27;EARLY;=A12_PM1;ETO4;planned
413204737;47536701763;2026-07-24;2026-07-25;2026-07-25;EARLY;=A12_PM1;ETO4;planned
413204737;47537005483;2026-07-24;2026-07-26;2026-07-26;EARLY;=A12_PM1;ETO4;planned
413204737;47539673253;2026-07-24;2026-07-25;2026-07-25;EARLY;=A12_PM1;ETO4;planned
413204737;47539729497;2026-07-24;2026-07-27;2026-07-27;EARLY;=A12_PM1;ETO4;planned
413204737;47540064827;2026-07-23;2026-07-25;2026-07-25;EARLY;=A12_PM1;ETO4;planned
413204737;47540275747;2026-07-23;2026-07-27;2026-07-27;EARLY;=A12_PM1;ETO4;planned
413204737;47541378343;2026-07-23;2026-07-25;2026-07-25;EARLY;=A12_PM1;ETO4;planned
413204737;47541588085;2026-07-25;2026-07-27;2026-07-27;EARLY;=A12_PM1;ETO4;planned
413204737;47541662627;2026-07-24;2026-07-25;2026-07-25;EARLY;=A12_PM1;ETO4;planned
413204737;47544405602;2026-07-22;2026-07-26;2026-07-26;EARLY;=A12_PM1;ETO4;planned
413204737;47545747171;2026-07-24;2026-07-26;2026-07-26;EARLY;=A12_PM1;ETO4;planned
413204737;47546543822;2026-07-23;;2026-07-23;VENCIDO;=A12_PM1;ETO4;planned
413204737;47546722063;2026-07-23;2026-07-27;2026-07-27;EARLY;=A12_PM1;ETO4;planned
413204737;47547433268;2026-07-24;2026-07-27;2026-07-27;EARLY;=A12_PM1;ETO4;planned
413204737;47550005306;2026-07-24;2026-07-26;2026-07-26;EARLY;=A12_PM1;ETO4;planned
413204737;47552540312;2026-07-24;2026-07-26;2026-07-26;EARLY;=A12_PM1;ETO4;planned
413204737;47552699409;2026-07-25;2026-07-29;2026-07-29;EARLY;=A12_PM1;ETO4;planned
413204737;47552924708;2026-07-25;;2026-07-25;EARLY;=A12_PM1;ETO4;planned
413204737;47552924728;2026-07-25;;2026-07-25;EARLY;=A12_PM1;ETO4;planned
413204737;47553678993;2026-07-26;2026-07-28;2026-07-28;EARLY;=A12_PM1;ETO4;planned
413204737;47554514772;2026-07-24;2026-07-26;2026-07-26;EARLY;=A12_PM1;ETO4;planned
413204737;47555934370;2026-07-25;2026-07-29;2026-07-29;EARLY;=A12_PM1;ETO4;planned
413204737;47556085038;2026-07-25;2026-07-27;2026-07-27;EARLY;=A12_PM1;ETO4;planned
413204737;47556339314;2026-07-25;2026-07-29;2026-07-29;EARLY;=A12_PM1;ETO4;planned
413204737;47556890372;2026-07-25;;2026-07-25;EARLY;=A12_PM1;ETO4;planned
413204737;47556890398;2026-07-25;;2026-07-25;EARLY;=A12_PM1;ETO4;planned
413204737;47556988441;2026-07-25;2026-07-27;2026-07-27;EARLY;=A12_PM1;ETO4;planned
413204737;47557002028;2026-07-24;2026-07-26;2026-07-26;EARLY;=A12_PM1;ETO4;planned
413204737;47558283495;2026-07-25;;2026-07-25;EARLY;=A12_PM1;ETO4;planned
413204737;47558966104;2026-07-24;2026-07-26;2026-07-26;EARLY;=A12_PM1;ETO4;planned
413204737;47558977041;2026-07-25;;2026-07-25;EARLY;=A12_PM1;ETO4;planned
413204737;47559301958;2026-07-24;2026-07-26;2026-07-26;EARLY;=A12_PM1;ETO4;planned
413204737;47559317346;2026-07-25;;2026-07-25;EARLY;=A12_PM1;ETO4;planned
413204737;47561273437;2026-07-24;2026-07-26;2026-07-26;EARLY;=A12_PM1;ETO4;planned
413204737;47561431081;2026-07-25;;2026-07-25;EARLY;=A12_PM1;ETO4;planned
413204737;47561507578;2026-07-25;;2026-07-25;EARLY;=A12_PM1;ETO4;planned
413204737;47561705173;2026-07-24;2026-07-26;2026-07-26;EARLY;=A12_PM1;ETO4;planned
413204737;47562452608;2026-07-23;2026-07-25;2026-07-25;EARLY;=A12_PM1;ETO4;planned
413204737;47562758615;2026-07-24;2026-07-26;2026-07-26;EARLY;=A12_PM1;ETO4;planned
413204737;47562784592;2026-07-24;2026-07-26;2026-07-26;EARLY;=A12_PM1;ETO4;planned
413204737;47562920832;2026-07-24;2026-07-26;2026-07-26;EARLY;=A12_PM1;ETO4;planned
413204737;47563479000;2026-07-24;2026-07-26;2026-07-26;EARLY;=A12_PM1;ETO4;planned
413204737;47566083078;2026-07-25;;2026-07-25;EARLY;=A12_PM1;ETO4;planned
413204737;47566314716;2026-07-24;2026-07-25;2026-07-25;EARLY;=A12_PM1;ETO4;planned
413204737;47566524477;2026-07-25;;2026-07-25;EARLY;=A12_PM1;ETO4;planned
413204737;47567916365;2026-07-25;;2026-07-25;EARLY;=A12_PM1;ETO4;planned
413204737;47568670421;2026-07-25;;2026-07-25;EARLY;=A12_PM1;ETO4;planned
413204737;47568897027;2026-07-25;;2026-07-25;EARLY;=A12_PM1;ETO4;planned
413204737;47569055712;2026-07-24;2026-07-25;2026-07-25;EARLY;=A12_PM1;ETO4;planned
413204737;47569064932;2026-07-25;;2026-07-25;EARLY;=A12_PM1;ETO4;planned
413204737;47569103859;2026-07-24;2026-07-26;2026-07-26;EARLY;=A12_PM1;ETO4;planned
413204737;47569652730;2026-07-24;2026-07-26;2026-07-26;EARLY;=A12_PM1;ETO4;planned
413204737;47570707427;2026-07-25;2026-07-27;2026-07-27;EARLY;=A12_PM1;ETO4;planned
413204737;47571379893;2026-07-26;2026-07-28;2026-07-28;EARLY;=A12_PM1;ETO4;planned
413204737;47572175081;2026-07-25;;2026-07-25;EARLY;=A12_PM1;ETO4;planned
413204737;47572487843;2026-07-25;;2026-07-25;EARLY;=A12_PM1;ETO4;planned
413204737;47572561927;;;;;=A12_PM1;ETO4;planned
413204737;47572737540;2026-07-25;;2026-07-25;EARLY;=A12_PM1;ETO4;planned
413204737;47572811766;;;;;=A12_PM1;ETO4;planned
413204737;47573005263;2026-07-25;;2026-07-25;EARLY;=A12_PM1;ETO4;planned
413204737;47573784621;2026-07-24;2026-07-26;2026-07-26;EARLY;=A12_PM1;ETO4;planned
413204737;47573845857;2026-07-25;;2026-07-25;EARLY;=A12_PM1;ETO4;planned
413204737;47573901184;2026-07-25;;2026-07-25;EARLY;=A12_PM1;ETO4;planned
413204737;47574586719;2026-07-24;2026-07-26;2026-07-26;EARLY;=A12_PM1;ETO4;planned
413204737;47574752934;2026-07-25;2026-07-27;2026-07-27;EARLY;=A12_PM1;ETO4;planned
413204737;47575329034;2026-07-25;;2026-07-25;EARLY;=A12_PM1;ETO4;planned
413204737;47575673383;2026-07-25;;2026-07-25;EARLY;=A12_PM1;ETO4;planned
413204737;47575778368;2026-07-25;2026-07-27;2026-07-27;EARLY;=A12_PM1;ETO4;planned
413204737;47576645822;2026-07-25;2026-07-27;2026-07-27;EARLY;=A12_PM1;ETO4;planned
413204737;47576909778;2026-07-25;;2026-07-25;EARLY;=A12_PM1;ETO4;planned
413204737;47578284216;2026-07-25;;2026-07-25;EARLY;=A12_PM1;ETO4;planned
413204737;47578284264;2026-07-25;;2026-07-25;EARLY;=A12_PM1;ETO4;planned
413204737;47578970417;2026-07-25;;2026-07-25;EARLY;=A12_PM1;ETO4;planned
413204786;47471525972;2026-07-21;2026-07-27;2026-07-27;EARLY;=A7_PM1;ETO4;planned
413204786;47510858488;2026-07-23;2026-07-27;2026-07-27;EARLY;=A7_PM1;ETO4;planned
413204786;47514222592;2026-07-23;2026-07-27;2026-07-27;EARLY;=A7_PM1;ETO4;planned
413204786;47514981903;2026-07-23;2026-07-27;2026-07-27;EARLY;=A7_PM1;ETO4;planned
413204786;47538099690;2026-07-23;2026-07-27;2026-07-27;EARLY;=A7_PM1;ETO4;planned
413204786;47538331506;2026-07-23;2026-07-27;2026-07-27;EARLY;=A7_PM1;ETO4;planned
413204786;47539131841;2026-07-23;2026-07-27;2026-07-27;EARLY;=A7_PM1;ETO4;planned
413204786;47541481382;2026-07-23;2026-07-25;2026-07-25;EARLY;=A7_PM1;ETO4;planned
413204786;47542874436;2026-07-25;2026-07-29;2026-07-29;EARLY;=A7_PM1;ETO4;planned
413204786;47544385551;2026-07-23;;2026-07-23;VENCIDO;=A7_PM1;ETO4;planned
413204786;47546179511;2026-07-23;2026-07-27;2026-07-27;EARLY;=A7_PM1;ETO4;planned
413204786;47547708800;2026-07-23;2026-07-27;2026-07-27;EARLY;=A7_PM1;ETO4;planned
413204786;47548793793;2026-07-23;2026-07-25;2026-07-25;EARLY;=A7_PM1;ETO4;planned
413204786;47549315520;2026-07-23;2026-07-25;2026-07-25;EARLY;=A7_PM1;ETO4;planned
413204786;47550607067;2026-07-24;2026-07-26;2026-07-26;EARLY;=A7_PM1;ETO4;planned
413204786;47551141868;2026-07-23;2026-07-25;2026-07-25;EARLY;=A7_PM1;ETO4;planned
413204786;47551438821;2026-07-24;2026-07-26;2026-07-26;EARLY;=A7_PM1;ETO4;planned
413204786;47552615082;2026-07-24;2026-07-26;2026-07-26;EARLY;=A7_PM1;ETO4;planned
413204786;47552715532;2026-07-24;2026-07-25;2026-07-25;EARLY;=A7_PM1;ETO4;planned
413204786;47553089669;2026-07-25;2026-07-27;2026-07-27;EARLY;=A7_PM1;ETO4;planned
413204786;47553333091;2026-07-24;2026-07-25;2026-07-25;EARLY;=A7_PM1;ETO4;planned
413204786;47553347339;2026-07-24;2026-07-26;2026-07-26;EARLY;=A7_PM1;ETO4;planned
413204786;47554471123;2026-07-26;2026-07-28;2026-07-28;EARLY;=A7_PM1;ETO4;planned
413204786;47554582835;2026-07-25;;2026-07-25;EARLY;=A7_PM1;ETO4;planned
413204786;47554881791;2026-07-25;;2026-07-25;EARLY;=A7_PM1;ETO4;planned
413204786;47555063242;2026-07-25;;2026-07-25;EARLY;=A7_PM1;ETO4;planned
413204786;47555765133;2026-07-24;2026-07-27;2026-07-27;EARLY;=A7_PM1;ETO4;planned
413204786;47556294060;2026-07-25;2026-07-27;2026-07-27;EARLY;=A7_PM1;ETO4;planned
413204786;47556429979;2026-07-25;;2026-07-25;EARLY;=A7_PM1;ETO4;planned
413204786;47556692767;2026-07-27;2026-07-29;2026-07-29;EARLY;=A7_PM1;ETO4;planned
413204786;47556915570;2026-07-25;;2026-07-25;EARLY;=A7_PM1;ETO4;planned
413204786;47556922246;2026-07-24;2026-07-27;2026-07-27;EARLY;=A7_PM1;ETO4;planned
413204786;47556933042;2026-07-24;2026-07-26;2026-07-26;EARLY;=A7_PM1;ETO4;planned
413204786;47557002756;2026-07-25;;2026-07-25;EARLY;=A7_PM1;ETO4;planned
413204786;47557069891;2026-07-24;2026-07-26;2026-07-26;EARLY;=A7_PM1;ETO4;planned
413204786;47558267990;2026-07-25;2026-07-27;2026-07-27;EARLY;=A7_PM1;ETO4;planned
413204786;47559013288;2026-07-25;;2026-07-25;EARLY;=A7_PM1;ETO4;planned
413204786;47559335786;2026-07-25;;2026-07-25;EARLY;=A7_PM1;ETO4;planned
413204786;47559876061;2026-07-24;2026-07-26;2026-07-26;EARLY;=A7_PM1;ETO4;planned
413204786;47560311536;2026-07-24;2026-07-28;2026-07-28;EARLY;=A7_PM1;ETO4;planned
413204786;47560311944;2026-07-25;;2026-07-25;EARLY;=A7_PM1;ETO4;planned
413204786;47560510380;2026-07-25;2026-07-27;2026-07-27;EARLY;=A7_PM1;ETO4;planned
413204786;47561292451;2026-07-25;2026-07-27;2026-07-27;EARLY;=A7_PM1;ETO4;planned
413204786;47561514999;2026-07-25;;2026-07-25;EARLY;=A7_PM1;ETO4;planned
413204786;47562836537;2026-07-25;;2026-07-25;EARLY;=A7_PM1;ETO4;planned
413204786;47564326014;2026-07-24;2026-07-25;2026-07-25;EARLY;=A7_PM1;ETO4;planned
413204786;47564326026;2026-07-25;;2026-07-25;EARLY;=A7_PM1;ETO4;planned
413204786;47564696167;2026-07-24;2026-07-25;2026-07-25;EARLY;=A7_PM1;ETO4;planned
413204786;47565354196;2026-07-24;2026-07-25;2026-07-25;EARLY;=A7_PM1;ETO4;planned
413204786;47565651710;2026-07-24;2026-07-26;2026-07-26;EARLY;=A7_PM1;ETO4;planned
413204786;47566025203;2026-07-24;2026-07-25;2026-07-25;EARLY;=A7_PM1;ETO4;planned
413204786;47568390005;2026-07-25;;2026-07-25;EARLY;=A7_PM1;ETO4;planned
413204786;47568989998;2026-07-25;;2026-07-25;EARLY;=A7_PM1;ETO4;planned
413204786;47569268823;2026-07-24;2026-07-25;2026-07-25;EARLY;=A7_PM1;ETO4;planned
413204786;47569476253;2026-07-24;2026-07-25;2026-07-25;EARLY;=A7_PM1;ETO4;planned
413204786;47569496086;2026-07-25;;2026-07-25;EARLY;=A7_PM1;ETO4;planned
413204786;47569506110;2026-07-24;2026-07-26;2026-07-26;EARLY;=A7_PM1;ETO4;planned
413204786;47569810810;2026-07-24;2026-07-26;2026-07-26;EARLY;=A7_PM1;ETO4;planned
413204786;47570522468;2026-07-25;;2026-07-25;EARLY;=A7_PM1;ETO4;planned
413204786;47571117058;2026-07-25;;2026-07-25;EARLY;=A7_PM1;ETO4;planned
413204786;47572349278;2026-07-25;;2026-07-25;EARLY;=A7_PM1;ETO4;planned
413204786;47573169518;2026-07-25;;2026-07-25;EARLY;=A7_PM1;ETO4;planned
413204786;47573169588;2026-07-25;;2026-07-25;EARLY;=A7_PM1;ETO4;planned
413204786;47573169830;2026-07-25;;2026-07-25;EARLY;=A7_PM1;ETO4;planned
413204786;47573178238;2026-07-26;2026-07-28;2026-07-28;EARLY;=A7_PM1;ETO4;planned
413204786;47573201575;2026-07-24;2026-07-26;2026-07-26;EARLY;=A7_PM1;ETO4;planned
413204786;47573293071;2026-07-25;2026-07-27;2026-07-27;EARLY;=A7_PM1;ETO4;planned
413204786;47573511387;2026-07-25;2026-07-27;2026-07-27;EARLY;=A7_PM1;ETO4;planned
413204786;47573734263;2026-07-25;;2026-07-25;EARLY;=A7_PM1;ETO4;planned
413204786;47573897072;2026-07-24;2026-07-26;2026-07-26;EARLY;=A7_PM1;ETO4;planned
413204786;47573897218;2026-07-25;;2026-07-25;EARLY;=A7_PM1;ETO4;planned
413204786;47573928123;2026-07-24;2026-07-26;2026-07-26;EARLY;=A7_PM1;ETO4;planned
413204786;47574769708;2026-07-25;2026-07-27;2026-07-27;EARLY;=A7_PM1;ETO4;planned
413204786;47574802061;2026-07-24;2026-07-26;2026-07-26;EARLY;=A7_PM1;ETO4;planned
413204786;47574842158;2026-07-25;2026-07-27;2026-07-27;EARLY;=A7_PM1;ETO4;planned
413204786;47574996824;2026-07-25;;2026-07-25;EARLY;=A7_PM1;ETO4;planned
413204786;47575005474;2026-07-25;2026-07-27;2026-07-27;EARLY;=A7_PM1;ETO4;planned
413204786;47575136062;2026-07-25;;2026-07-25;EARLY;=A7_PM1;ETO4;planned
413204786;47575233999;2026-07-25;2026-07-29;2026-07-29;EARLY;=A7_PM1;ETO4;planned
413204786;47575453214;2026-07-25;2026-07-29;2026-07-29;EARLY;=A7_PM1;ETO4;planned
413204786;47575495646;2026-07-25;2026-07-29;2026-07-29;EARLY;=A7_PM1;ETO4;planned
413204786;47576109181;2026-07-25;;2026-07-25;EARLY;=A7_PM1;ETO4;planned
413204786;47576447709;2026-07-25;;2026-07-25;EARLY;=A7_PM1;ETO4;planned
413204786;47576450309;2026-07-25;;2026-07-25;EARLY;=A7_PM1;ETO4;planned
413204786;47577054939;2026-07-25;;2026-07-25;EARLY;=A7_PM1;ETO4;planned
413204786;47577500343;2026-07-25;;2026-07-25;EARLY;=A7_PM1;ETO4;planned
413204786;47577851988;2026-07-25;;2026-07-25;EARLY;=A7_PM1;ETO4;planned
413204786;47577852128;2026-07-25;;2026-07-25;EARLY;=A7_PM1;ETO4;planned
413204786;47579195461;2026-07-25;;2026-07-25;EARLY;=A7_PM1;ETO4;planned
413205297;47446906571;2026-07-22;2026-07-26;2026-07-26;EARLY;=A10_PM1;ETO4;planned
413205297;47461539079;2026-07-20;2026-07-26;2026-07-26;EARLY;=A10_PM1;ETO4;planned
413205297;47512724921;2026-07-23;2026-07-27;2026-07-27;EARLY;=A10_PM1;ETO4;planned
413205297;47517225062;2026-07-20;2026-07-26;2026-07-26;EARLY;=A10_PM1;ETO4;planned
413205297;47517557393;2026-07-23;2026-07-27;2026-07-27;EARLY;=A10_PM1;ETO4;planned
413205297;47524099477;2026-07-21;2026-07-27;2026-07-27;EARLY;=A10_PM1;ETO4;planned
413205297;47525593364;2026-07-23;2026-07-27;2026-07-27;EARLY;=A10_PM1;ETO4;planned
413205297;47526510264;2026-07-22;2026-07-27;2026-07-27;EARLY;=A10_PM1;ETO4;planned
413205297;47526859460;2026-07-20;2026-07-25;2026-07-25;EARLY;=A10_PM1;ETO4;planned
413205297;47528395866;2026-07-22;2026-07-27;2026-07-27;EARLY;=A10_PM1;ETO4;planned
413205297;47529333999;2026-07-23;2026-07-27;2026-07-27;EARLY;=A10_PM1;ETO4;planned
413205297;47530362276;2026-07-25;2026-07-29;2026-07-29;EARLY;=A10_PM1;ETO4;planned
413205297;47531070617;2026-07-23;2026-07-27;2026-07-27;EARLY;=A10_PM1;ETO4;planned
413205297;47531895331;2026-07-24;2026-07-29;2026-07-29;EARLY;=A10_PM1;ETO4;planned
413205297;47534314938;2026-07-23;2026-07-27;2026-07-27;EARLY;=A10_PM1;ETO4;planned
413205297;47536696298;2026-07-24;2026-07-25;2026-07-25;EARLY;=A10_PM1;ETO4;planned
413205297;47542548007;2026-07-23;2026-07-25;2026-07-25;EARLY;=A10_PM1;ETO4;planned
413205297;47545442585;2026-07-23;2026-07-27;2026-07-27;EARLY;=A10_PM1;ETO4;planned
413205297;47545659150;2026-07-23;2026-07-27;2026-07-27;EARLY;=A10_PM1;ETO4;planned
413205297;47546731451;2026-07-23;2026-07-27;2026-07-27;EARLY;=A10_PM1;ETO4;planned
413205297;47547131013;2026-07-23;2026-07-27;2026-07-27;EARLY;=A10_PM1;ETO4;planned
413205297;47547131069;2026-07-24;2026-07-26;2026-07-26;EARLY;=A10_PM1;ETO4;planned
413205297;47547588398;2026-07-24;2026-07-27;2026-07-27;EARLY;=A10_PM1;ETO4;planned
413205297;47547716777;2026-07-24;;2026-07-24;ON TIME;=A10_PM1;ETO4;planned
413205297;47548009999;2026-07-24;2026-07-26;2026-07-26;EARLY;=A10_PM1;ETO4;planned
413205297;47548349563;2026-07-24;2026-07-26;2026-07-26;EARLY;=A10_PM1;ETO4;planned
413205297;47548543453;2026-07-23;2026-07-27;2026-07-27;EARLY;=A10_PM1;ETO4;planned
413205297;47548704522;2026-07-23;2026-07-27;2026-07-27;EARLY;=A10_PM1;ETO4;planned
413205297;47548796864;2026-07-24;2026-07-27;2026-07-27;EARLY;=A10_PM1;ETO4;planned
413205297;47549261116;2026-07-24;2026-07-26;2026-07-26;EARLY;=A10_PM1;ETO4;planned
413205297;47549847758;2026-07-24;2026-07-26;2026-07-26;EARLY;=A10_PM1;ETO4;planned
413205297;47550765026;2026-07-26;2026-07-28;2026-07-28;EARLY;=A10_PM1;ETO4;planned
413205297;47551814704;2026-07-25;2026-07-27;2026-07-27;EARLY;=A10_PM1;ETO4;planned
413205297;47552689307;2026-07-24;2026-07-26;2026-07-26;EARLY;=A10_PM1;ETO4;planned
413205297;47552762575;2026-07-24;2026-07-26;2026-07-26;EARLY;=A10_PM1;ETO4;planned
413205297;47552942314;2026-07-24;2026-07-26;2026-07-26;EARLY;=A10_PM1;ETO4;planned
413205297;47553577545;2026-07-25;;2026-07-25;EARLY;=A10_PM1;ETO4;planned
413205297;47553703529;2026-07-24;2026-07-26;2026-07-26;EARLY;=A10_PM1;ETO4;planned
413205297;47554343967;2026-07-24;;2026-07-24;ON TIME;=A10_PM1;ETO4;planned
413205297;47554565415;2026-07-25;;2026-07-25;EARLY;=A10_PM1;ETO4;planned
413205297;47554854968;2026-07-24;2026-07-28;2026-07-28;EARLY;=A10_PM1;ETO4;planned
413205297;47554962946;2026-07-25;2026-07-27;2026-07-27;EARLY;=A10_PM1;ETO4;planned
413205297;47555216946;2026-07-24;2026-07-27;2026-07-27;EARLY;=A10_PM1;ETO4;planned
413205297;47555999242;2026-07-24;2026-07-27;2026-07-27;EARLY;=A10_PM1;ETO4;planned
413205297;47556273444;2026-07-24;2026-07-27;2026-07-27;EARLY;=A10_PM1;ETO4;planned
413205297;47556344047;2026-07-25;;2026-07-25;EARLY;=A10_PM1;ETO4;planned
413205297;47556370503;2026-07-24;2026-07-27;2026-07-27;EARLY;=A10_PM1;ETO4;planned
413205297;47556730773;2026-07-24;2026-07-26;2026-07-26;EARLY;=A10_PM1;ETO4;planned
413205297;47556788814;2026-07-24;2026-07-26;2026-07-26;EARLY;=A10_PM1;ETO4;planned
413205297;47557156329;2026-07-24;2026-07-26;2026-07-26;EARLY;=A10_PM1;ETO4;planned
413205297;47558776487;2026-07-25;;2026-07-25;EARLY;=A10_PM1;ETO4;planned
413205297;47559089510;2026-07-25;2026-07-26;2026-07-26;EARLY;=A10_PM1;ETO4;planned
413205297;47559231721;2026-07-25;;2026-07-25;EARLY;=A10_PM1;ETO4;planned
413205297;47560323858;2026-07-26;2026-07-28;2026-07-28;EARLY;=A10_PM1;ETO4;planned
413205297;47560352430;2026-07-24;2026-07-26;2026-07-26;EARLY;=A10_PM1;ETO4;planned
413205297;47560814332;2026-07-24;2026-07-26;2026-07-26;EARLY;=A10_PM1;ETO4;planned
413205297;47561350112;2026-07-24;2026-07-25;2026-07-25;EARLY;=A10_PM1;ETO4;planned
413205297;47565347991;2026-07-25;;2026-07-25;EARLY;=A10_PM1;ETO4;planned
413205297;47566045700;2026-07-24;;2026-07-24;ON TIME;=A10_PM1;ETO4;planned
413205297;47566613233;2026-07-25;;2026-07-25;EARLY;=A10_PM1;ETO4;planned
413205297;47566839163;2026-07-24;2026-07-26;2026-07-26;EARLY;=A10_PM1;ETO4;planned
413205297;47567616903;2026-07-24;2026-07-26;2026-07-26;EARLY;=A10_PM1;ETO4;planned
413205297;47568035691;2026-07-24;2026-07-25;2026-07-25;EARLY;=A10_PM1;ETO4;planned
413205297;47569795810;2026-07-24;2026-07-25;2026-07-25;EARLY;=A10_PM1;ETO4;planned
413205297;47570407468;2026-07-24;2026-07-25;2026-07-25;EARLY;=A10_PM1;ETO4;planned
413205297;47570621812;2026-07-24;2026-07-25;2026-07-25;EARLY;=A10_PM1;ETO4;planned
413205297;47572176821;2026-07-25;2026-07-27;2026-07-27;EARLY;=A10_PM1;ETO4;planned
413205297;47572886031;2026-07-24;2026-07-26;2026-07-26;EARLY;=A10_PM1;ETO4;planned
413205297;47573062226;2026-07-25;;2026-07-25;EARLY;=A10_PM1;ETO4;planned
413205297;47573141209;2026-07-24;2026-07-26;2026-07-26;EARLY;=A10_PM1;ETO4;planned
413205297;47574120933;2026-07-25;;2026-07-25;EARLY;=A10_PM1;ETO4;planned
413205297;47574726006;2026-07-25;;2026-07-25;EARLY;=A10_PM1;ETO4;planned
413205297;47574731733;2026-07-25;2026-07-27;2026-07-27;EARLY;=A10_PM1;ETO4;planned
413205297;47574894011;2026-07-25;;2026-07-25;EARLY;=A10_PM1;ETO4;planned
413205297;47575720242;2026-07-25;2026-07-27;2026-07-27;EARLY;=A10_PM1;ETO4;planned
413205297;47575834764;2026-07-24;2026-07-26;2026-07-26;EARLY;=A10_PM1;ETO4;planned
413205297;47575882172;2026-07-25;2026-07-27;2026-07-27;EARLY;=A10_PM1;ETO4;planned
413205297;47575953292;2026-07-25;2026-07-27;2026-07-27;EARLY;=A10_PM1;ETO4;planned
413205297;47576332647;2026-07-25;2026-07-27;2026-07-27;EARLY;=A10_PM1;ETO4;planned
413205297;47576661416;2026-07-25;2026-07-29;2026-07-29;EARLY;=A10_PM1;ETO4;planned
413205297;47577031484;2026-07-25;;2026-07-25;EARLY;=A10_PM1;ETO4;planned
413205297;47577260353;2026-07-25;;2026-07-25;EARLY;=A10_PM1;ETO4;planned
413205297;47577592759;2026-07-25;;2026-07-25;EARLY;=A10_PM1;ETO4;planned
413205297;47578830866;2026-07-25;;2026-07-25;EARLY;=A10_PM1;ETO4;planned
413205297;47578831054;2026-07-25;;2026-07-25;EARLY;=A10_PM1;ETO4;planned
413205297;47579070926;2026-07-25;;2026-07-25;EARLY;=A10_PM1;ETO4;planned
413205297;47580074094;2026-07-25;;2026-07-25;EARLY;=A10_PM1;ETO4;planned
413205297;47580131024;2026-07-25;;2026-07-25;EARLY;=A10_PM1;ETO4;planned
413205346;47457794673;2026-07-21;2026-07-24;2026-07-24;ON TIME;=A5_PM1;ETO4;planned
413205346;47501667282;2026-07-22;2026-07-26;2026-07-26;EARLY;=A5_PM1;ETO4;planned
413205346;47501668060;2026-07-22;2026-07-26;2026-07-26;EARLY;=A5_PM1;ETO4;planned
413205346;47511233770;2026-07-20;2026-07-22;2026-07-22;VENCIDO;=A5_PM1;ETO4;planned
413205346;47514308178;2026-07-23;2026-07-27;2026-07-27;EARLY;=A5_PM1;ETO4;planned
413205346;47521126293;2026-07-21;2026-07-27;2026-07-27;EARLY;=A5_PM1;ETO4;planned
413205346;47521198696;2026-07-23;2026-07-27;2026-07-27;EARLY;=A5_PM1;ETO4;planned
413205346;47523445295;2026-07-23;2026-07-27;2026-07-27;EARLY;=A5_PM1;ETO4;planned
413205346;47524884546;2026-07-24;2026-07-26;2026-07-26;EARLY;=A5_PM1;ETO4;planned
413205346;47529107352;2026-07-22;2026-07-27;2026-07-27;EARLY;=A5_PM1;ETO4;planned
413205346;47529848113;2026-07-23;2026-07-25;2026-07-25;EARLY;=A5_PM1;ETO4;planned
413205346;47530938857;2026-07-21;2026-07-27;2026-07-27;EARLY;=A5_PM1;ETO4;planned
413205346;47531157058;2026-07-21;2026-07-27;2026-07-27;EARLY;=A5_PM1;ETO4;planned
413205346;47534548226;2026-07-20;2026-07-26;2026-07-26;EARLY;=A5_PM1;ETO4;planned
413205346;47536523473;2026-07-24;2026-07-25;2026-07-25;EARLY;=A5_PM1;ETO4;planned
413205346;47538296745;2026-07-23;2026-07-27;2026-07-27;EARLY;=A5_PM1;ETO4;planned
413205346;47539336978;2026-07-23;2026-07-25;2026-07-25;EARLY;=A5_PM1;ETO4;planned
413205346;47540513339;2026-07-23;2026-07-25;2026-07-25;EARLY;=A5_PM1;ETO4;planned
413205346;47541130087;2026-07-21;2026-07-23;2026-07-23;VENCIDO;=A5_PM1;ETO4;planned
413205346;47541469342;2026-07-23;2026-07-27;2026-07-27;EARLY;=A5_PM1;ETO4;planned
413205346;47543778622;2026-07-24;2026-07-25;2026-07-25;EARLY;=A5_PM1;ETO4;planned
413205346;47545674336;2026-07-23;2026-07-27;2026-07-27;EARLY;=A5_PM1;ETO4;planned
413205346;47545698047;2026-07-25;2026-07-27;2026-07-27;EARLY;=A5_PM1;ETO4;planned
413205346;47546625132;2026-07-24;2026-07-26;2026-07-26;EARLY;=A5_PM1;ETO4;planned
413205346;47547233436;2026-07-23;2026-07-25;2026-07-25;EARLY;=A5_PM1;ETO4;planned
413205346;47547699202;2026-07-24;2026-07-28;2026-07-28;EARLY;=A5_PM1;ETO4;planned
413205346;47548432574;2026-07-23;2026-07-27;2026-07-27;EARLY;=A5_PM1;ETO4;planned
413205346;47549808319;2026-07-25;;2026-07-25;EARLY;=A5_PM1;ETO4;planned
413205346;47550442177;2026-07-24;2026-07-26;2026-07-26;EARLY;=A5_PM1;ETO4;planned
413205346;47550710042;2026-07-24;2026-07-25;2026-07-25;EARLY;=A5_PM1;ETO4;planned
413205346;47551221716;2026-07-24;2026-07-26;2026-07-26;EARLY;=A5_PM1;ETO4;planned
413205346;47552181537;2026-07-25;2026-07-27;2026-07-27;EARLY;=A5_PM1;ETO4;planned
413205346;47552340407;2026-07-26;2026-07-28;2026-07-28;EARLY;=A5_PM1;ETO4;planned
413205346;47552421143;2026-07-24;2026-07-26;2026-07-26;EARLY;=A5_PM1;ETO4;planned
413205346;47552654066;2026-07-24;2026-07-26;2026-07-26;EARLY;=A5_PM1;ETO4;planned
413205346;47553109295;2026-07-23;2026-07-25;2026-07-25;EARLY;=A5_PM1;ETO4;planned
413205346;47553132057;2026-07-24;2026-07-27;2026-07-27;EARLY;=A5_PM1;ETO4;planned
413205346;47553354802;2026-07-24;2026-07-26;2026-07-26;EARLY;=A5_PM1;ETO4;planned
413205346;47553844517;2026-07-25;;2026-07-25;EARLY;=A5_PM1;ETO4;planned
413205346;47553844589;2026-07-25;;2026-07-25;EARLY;=A5_PM1;ETO4;planned
413205346;47553845361;2026-07-25;;2026-07-25;EARLY;=A5_PM1;ETO4;planned
413205346;47554098076;2026-07-25;;2026-07-25;EARLY;=A5_PM1;ETO4;planned
413205346;47554098602;2026-07-25;;2026-07-25;EARLY;=A5_PM1;ETO4;planned
413205346;47554154186;2026-07-25;;2026-07-25;EARLY;=A5_PM1;ETO4;planned
413205346;47555058750;2026-07-25;;2026-07-25;EARLY;=A5_PM1;ETO4;planned
413205346;47556234017;2026-07-25;2026-07-27;2026-07-27;EARLY;=A5_PM1;ETO4;planned
413205346;47556635384;2026-07-24;2026-07-27;2026-07-27;EARLY;=A5_PM1;ETO4;planned
413205346;47556829597;2026-07-25;;2026-07-25;EARLY;=A5_PM1;ETO4;planned
413205346;47557954680;2026-07-23;2026-07-27;2026-07-27;EARLY;=A5_PM1;ETO4;planned
413205346;47558618057;2026-07-23;2026-07-25;2026-07-25;EARLY;=A5_PM1;ETO4;planned
413205346;47558789495;2026-07-24;2026-07-26;2026-07-26;EARLY;=A5_PM1;ETO4;planned
413205346;47559340451;2026-07-25;;2026-07-25;EARLY;=A5_PM1;ETO4;planned
413205346;47560422619;2026-07-24;2026-07-26;2026-07-26;EARLY;=A5_PM1;ETO4;planned
413205346;47560817301;2026-07-23;2026-07-25;2026-07-25;EARLY;=A5_PM1;ETO4;planned
413205346;47561147246;2026-07-25;2026-07-30;2026-07-30;EARLY;=A5_PM1;ETO4;planned
413205346;47564607936;;;;;=A5_PM1;ETO4;planned
413205346;47565040561;2026-07-24;2026-07-25;2026-07-25;EARLY;=A5_PM1;ETO4;planned
413205346;47568538546;2026-07-24;2026-07-25;2026-07-25;EARLY;=A5_PM1;ETO4;planned
413205346;47568822192;2026-07-24;2026-07-25;2026-07-25;EARLY;=A5_PM1;ETO4;planned
413205346;47569179777;2026-07-26;2026-07-27;2026-07-27;EARLY;=A5_PM1;ETO4;planned
413205346;47569280842;2026-07-24;2026-07-25;2026-07-25;EARLY;=A5_PM1;ETO4;planned
413205346;47569959225;2026-07-24;2026-07-25;2026-07-25;EARLY;=A5_PM1;ETO4;planned
413205346;47570626152;2026-07-25;2026-07-27;2026-07-27;EARLY;=A5_PM1;ETO4;planned
413205346;47570827398;2026-07-25;2026-07-27;2026-07-27;EARLY;=A5_PM1;ETO4;planned
413205346;47571247956;2026-07-24;2026-07-26;2026-07-26;EARLY;=A5_PM1;ETO4;planned
413205346;47571248224;2026-07-25;;2026-07-25;EARLY;=A5_PM1;ETO4;planned
413205346;47571344449;2026-07-25;;2026-07-25;EARLY;=A5_PM1;ETO4;planned
413205346;47572307515;2026-07-27;2026-07-29;2026-07-29;EARLY;=A5_PM1;ETO4;planned
413205346;47572321795;2026-07-24;2026-07-26;2026-07-26;EARLY;=A5_PM1;ETO4;planned
413205346;47572389839;;;;;=A5_PM1;ETO4;planned
413205346;47572487960;2026-07-25;;2026-07-25;EARLY;=A5_PM1;ETO4;planned
413205346;47572487976;2026-07-25;2026-07-27;2026-07-27;EARLY;=A5_PM1;ETO4;planned
413205346;47572926808;2026-07-25;;2026-07-25;EARLY;=A5_PM1;ETO4;planned
413205346;47573112321;2026-07-25;;2026-07-25;EARLY;=A5_PM1;ETO4;planned
413205346;47573112493;2026-07-25;;2026-07-25;EARLY;=A5_PM1;ETO4;planned
413205346;47574809206;2026-07-25;2026-07-27;2026-07-27;EARLY;=A5_PM1;ETO4;planned
413205346;47574833561;2026-07-25;2026-07-27;2026-07-27;EARLY;=A5_PM1;ETO4;planned
413205346;47575372733;2026-07-25;;2026-07-25;EARLY;=A5_PM1;ETO4;planned
413205346;47575386991;2026-07-25;;2026-07-25;EARLY;=A5_PM1;ETO4;planned
413205346;47575727971;2026-07-25;;2026-07-25;EARLY;=A5_PM1;ETO4;planned
413205346;47576170536;2026-07-24;2026-07-26;2026-07-26;EARLY;=A5_PM1;ETO4;planned
413205346;47576361732;2026-07-25;;2026-07-25;EARLY;=A5_PM1;ETO4;planned
413205346;47576361792;2026-07-25;;2026-07-25;EARLY;=A5_PM1;ETO4;planned
413205346;47577279657;2026-07-25;;2026-07-25;EARLY;=A5_PM1;ETO4;planned
413205346;47577528364;2026-07-25;;2026-07-25;EARLY;=A5_PM1;ETO4;planned
413205346;47578001192;2026-07-25;;2026-07-25;EARLY;=A5_PM1;ETO4;planned
413205346;47578333181;2026-07-25;;2026-07-25;EARLY;=A5_PM1;ETO4;planned
413205346;47579328887;2026-07-25;;2026-07-25;EARLY;=A5_PM1;ETO4;planned
413206767;47480371329;2026-07-22;2026-07-26;2026-07-26;EARLY;=A3_PM1;ETO4;planned
413206767;47513445841;2026-07-23;2026-07-27;2026-07-27;EARLY;=A3_PM1;ETO4;planned
413206767;47518890844;2026-07-22;2026-07-27;2026-07-27;EARLY;=A3_PM1;ETO4;planned
413206767;47523023124;2026-07-23;2026-07-27;2026-07-27;EARLY;=A3_PM1;ETO4;planned
413206767;47529358799;2026-07-19;2026-07-25;2026-07-25;EARLY;=A3_PM1;ETO4;planned
413206767;47537715633;2026-07-24;2026-07-27;2026-07-27;EARLY;=A3_PM1;ETO4;planned
413206767;47538908817;2026-07-24;2026-07-27;2026-07-27;EARLY;=A3_PM1;ETO4;planned
413206767;47538973106;2026-07-22;2026-07-28;2026-07-28;EARLY;=A3_PM1;ETO4;planned
413206767;47539091324;2026-07-24;2026-07-25;2026-07-25;EARLY;=A3_PM1;ETO4;planned
413206767;47540774915;2026-07-24;2026-07-26;2026-07-26;EARLY;=A3_PM1;ETO4;planned
413206767;47543905160;2026-07-23;2026-07-27;2026-07-27;EARLY;=A3_PM1;ETO4;planned
413206767;47546829528;2026-07-25;2026-07-27;2026-07-27;EARLY;=A3_PM1;ETO4;planned
413206767;47547259368;2026-07-30;2026-08-03;2026-08-03;EARLY;=A3_PM1;ETO4;planned
413206767;47547284390;2026-07-24;2026-07-26;2026-07-26;EARLY;=A3_PM1;ETO4;planned
413206767;47548472125;2026-07-24;2026-07-26;2026-07-26;EARLY;=A3_PM1;ETO4;planned
413206767;47548740018;2026-07-23;2026-07-27;2026-07-27;EARLY;=A3_PM1;ETO4;planned
413206767;47548781912;2026-07-23;;2026-07-23;VENCIDO;=A3_PM1;ETO4;planned
413206767;47550157810;2026-07-25;;2026-07-25;EARLY;=A3_PM1;ETO4;planned
413206767;47552456022;2026-07-23;2026-07-25;2026-07-25;EARLY;=A3_PM1;ETO4;planned
413206767;47552729813;2026-07-24;2026-07-27;2026-07-27;EARLY;=A3_PM1;ETO4;planned
413206767;47553625029;2026-07-24;2026-07-26;2026-07-26;EARLY;=A3_PM1;ETO4;planned
413206767;47553711159;2026-07-24;2026-07-25;2026-07-25;EARLY;=A3_PM1;ETO4;planned
413206767;47554675349;2026-07-25;2026-07-27;2026-07-27;EARLY;=A3_PM1;ETO4;planned
413206767;47554927994;2026-07-25;2026-07-27;2026-07-27;EARLY;=A3_PM1;ETO4;planned
413206767;47555478318;2026-07-25;2026-07-27;2026-07-27;EARLY;=A3_PM1;ETO4;planned
413206767;47555590982;2026-07-24;2026-07-27;2026-07-27;EARLY;=A3_PM1;ETO4;planned
413206767;47556284310;2026-07-25;2026-07-27;2026-07-27;EARLY;=A3_PM1;ETO4;planned
413206767;47556542211;2026-07-23;2026-07-27;2026-07-27;EARLY;=A3_PM1;ETO4;planned
413206767;47557378181;2026-07-23;2026-07-25;2026-07-25;EARLY;=A3_PM1;ETO4;planned
413206767;47557735293;2026-07-25;;2026-07-25;EARLY;=A3_PM1;ETO4;planned
413206767;47557735637;2026-07-24;2026-07-26;2026-07-26;EARLY;=A3_PM1;ETO4;planned
413206767;47557865147;2026-07-25;2026-07-27;2026-07-27;EARLY;=A3_PM1;ETO4;planned
413206767;47558081913;2026-07-25;2026-07-27;2026-07-27;EARLY;=A3_PM1;ETO4;planned
413206767;47559285803;2026-07-25;;2026-07-25;EARLY;=A3_PM1;ETO4;planned
413206767;47559287366;2026-07-24;2026-07-26;2026-07-26;EARLY;=A3_PM1;ETO4;planned
413206767;47559749296;2026-07-24;2026-07-26;2026-07-26;EARLY;=A3_PM1;ETO4;planned
413206767;47559811200;2026-07-27;2026-07-28;2026-07-28;EARLY;=A3_PM1;ETO4;planned
413206767;47559930033;2026-07-23;2026-07-25;2026-07-25;EARLY;=A3_PM1;ETO4;planned
413206767;47560388999;2026-07-23;2026-07-25;2026-07-25;EARLY;=A3_PM1;ETO4;planned
413206767;47560569372;2026-07-24;2026-07-26;2026-07-26;EARLY;=A3_PM1;ETO4;planned
413206767;47560634870;2026-07-24;2026-07-26;2026-07-26;EARLY;=A3_PM1;ETO4;planned
413206767;47561500034;2026-07-24;2026-07-26;2026-07-26;EARLY;=A3_PM1;ETO4;planned
413206767;47561509804;2026-07-25;;2026-07-25;EARLY;=A3_PM1;ETO4;planned
413206767;47561643705;2026-07-25;;2026-07-25;EARLY;=A3_PM1;ETO4;planned
413206767;47562716095;2026-07-27;2026-07-29;2026-07-29;EARLY;=A3_PM1;ETO4;planned
413206767;47563892785;2026-07-24;2026-07-25;2026-07-25;EARLY;=A3_PM1;ETO4;planned
413206767;47564657511;2026-07-24;2026-07-26;2026-07-26;EARLY;=A3_PM1;ETO4;planned
413206767;47565122949;2026-07-25;2026-07-27;2026-07-27;EARLY;=A3_PM1;ETO4;planned
413206767;47565362018;2026-07-25;2026-07-27;2026-07-27;EARLY;=A3_PM1;ETO4;planned
413206767;47567395135;2026-07-24;2026-07-26;2026-07-26;EARLY;=A3_PM1;ETO4;planned
413206767;47567405771;2026-07-24;2026-07-26;2026-07-26;EARLY;=A3_PM1;ETO4;planned
413206767;47568185718;2026-07-24;2026-07-25;2026-07-25;EARLY;=A3_PM1;ETO4;planned
413206767;47568370089;2026-07-24;2026-07-25;2026-07-25;EARLY;=A3_PM1;ETO4;planned
413206767;47568620904;2026-07-24;2026-07-26;2026-07-26;EARLY;=A3_PM1;ETO4;planned
413206767;47569193432;2026-07-24;2026-07-25;2026-07-25;EARLY;=A3_PM1;ETO4;planned
413206767;47569258411;2026-07-24;2026-07-25;2026-07-25;EARLY;=A3_PM1;ETO4;planned
413206767;47569535424;2026-07-25;;2026-07-25;EARLY;=A3_PM1;ETO4;planned
413206767;47569671442;2026-07-25;;2026-07-25;EARLY;=A3_PM1;ETO4;planned
413206767;47570514320;2026-07-25;;2026-07-25;EARLY;=A3_PM1;ETO4;planned
413206767;47570768794;2026-07-25;;2026-07-25;EARLY;=A3_PM1;ETO4;planned
413206767;47570990766;2026-07-24;2026-07-25;2026-07-25;EARLY;=A3_PM1;ETO4;planned
413206767;47572323603;2026-07-25;;2026-07-25;EARLY;=A3_PM1;ETO4;planned
413206767;47572574727;2026-07-26;2026-07-28;2026-07-28;EARLY;=A3_PM1;ETO4;planned
413206767;47572921571;2026-07-25;;2026-07-25;EARLY;=A3_PM1;ETO4;planned
413206767;47573013476;2026-07-24;2026-07-26;2026-07-26;EARLY;=A3_PM1;ETO4;planned
413206767;47573207875;2026-07-25;;2026-07-25;EARLY;=A3_PM1;ETO4;planned
413206767;47573211042;2026-07-24;2026-07-26;2026-07-26;EARLY;=A3_PM1;ETO4;planned
413206767;47573393466;2026-07-25;;2026-07-25;EARLY;=A3_PM1;ETO4;planned
413206767;47574055549;2026-07-24;2026-07-26;2026-07-26;EARLY;=A3_PM1;ETO4;planned
413206767;47574228678;2026-07-25;;2026-07-25;EARLY;=A3_PM1;ETO4;planned
413206767;47574286393;2026-07-25;;2026-07-25;EARLY;=A3_PM1;ETO4;planned
413206767;47574305192;2026-07-24;2026-07-28;2026-07-28;EARLY;=A3_PM1;ETO4;planned
413206767;47574356708;2026-07-25;;2026-07-25;EARLY;=A3_PM1;ETO4;planned
413206767;47574485873;2026-07-25;;2026-07-25;EARLY;=A3_PM1;ETO4;planned
413206767;47574768860;2026-07-25;;2026-07-25;EARLY;=A3_PM1;ETO4;planned
413206767;47575820448;2026-07-25;2026-07-27;2026-07-27;EARLY;=A3_PM1;ETO4;planned
413206767;47576039049;2026-07-25;;2026-07-25;EARLY;=A3_PM1;ETO4;planned
413206767;47577128328;2026-07-25;;2026-07-25;EARLY;=A3_PM1;ETO4;planned
413206767;47577128390;2026-07-25;;2026-07-25;EARLY;=A3_PM1;ETO4;planned
413206767;47577441796;2026-07-25;;2026-07-25;EARLY;=A3_PM1;ETO4;planned
413206767;47577478199;;;;;=A3_PM1;ETO4;planned
413206767;47577727632;;;;;=A3_PM1;ETO4;planned
413206767;47577956789;2026-07-25;;2026-07-25;EARLY;=A3_PM1;ETO4;planned
413206767;47578032341;2026-07-25;;2026-07-25;EARLY;=A3_PM1;ETO4;planned
413206767;47578955523;2026-07-25;;2026-07-25;EARLY;=A3_PM1;ETO4;planned
413206767;47579136206;2026-07-25;;2026-07-25;EARLY;=A3_PM1;ETO4;planned
413206767;47579137354;2026-07-25;;2026-07-25;EARLY;=A3_PM1;ETO4;planned
413206767;47579444747;2026-07-25;2026-07-29;2026-07-29;EARLY;=A3_PM1;ETO4;planned
413206767;47579882837;2026-07-25;;2026-07-25;EARLY;=A3_PM1;ETO4;planned
413206809;47453985115;2026-07-22;2026-07-26;2026-07-26;EARLY;=A8_PM1;ETO4;planned
413206809;47488138240;2026-07-25;2026-07-29;2026-07-29;EARLY;=A8_PM1;ETO4;planned
413206809;47489874849;2026-07-20;2026-07-26;2026-07-26;EARLY;=A8_PM1;ETO4;planned
413206809;47499378101;2026-07-27;2026-07-29;2026-07-29;EARLY;=A8_PM1;ETO4;planned
413206809;47508666755;2026-07-26;2026-07-27;2026-07-27;EARLY;=A8_PM1;ETO4;planned
413206809;47515144724;2026-07-23;2026-07-27;2026-07-27;EARLY;=A8_PM1;ETO4;planned
413206809;47518190830;2026-07-23;2026-07-29;2026-07-29;EARLY;=A8_PM1;ETO4;planned
413206809;47519938818;2026-07-21;2026-07-27;2026-07-27;EARLY;=A8_PM1;ETO4;planned
413206809;47527674210;2026-07-22;2026-07-27;2026-07-27;EARLY;=A8_PM1;ETO4;planned
413206809;47528240921;2026-07-21;2026-07-27;2026-07-27;EARLY;=A8_PM1;ETO4;planned
413206809;47529556183;2026-07-23;2026-07-27;2026-07-27;EARLY;=A8_PM1;ETO4;planned
413206809;47530419157;2026-07-22;2026-07-27;2026-07-27;EARLY;=A8_PM1;ETO4;planned
413206809;47531189909;2026-07-21;2026-07-27;2026-07-27;EARLY;=A8_PM1;ETO4;planned
413206809;47534229916;2026-07-22;2026-07-26;2026-07-26;EARLY;=A8_PM1;ETO4;planned
413206809;47538769695;2026-07-25;2026-07-26;2026-07-26;EARLY;=A8_PM1;ETO4;planned
413206809;47538919745;2026-07-22;2026-07-26;2026-07-26;EARLY;=A8_PM1;ETO4;planned
413206809;47539934159;2026-07-24;2026-07-25;2026-07-25;EARLY;=A8_PM1;ETO4;planned
413206809;47540131082;2026-07-25;2026-07-31;2026-07-31;EARLY;=A8_PM1;ETO4;planned
413206809;47541687465;2026-07-21;2026-07-23;2026-07-23;VENCIDO;=A8_PM1;ETO4;planned
413206809;47541746146;2026-07-24;2026-07-26;2026-07-26;EARLY;=A8_PM1;ETO4;planned
413206809;47542527250;2026-07-24;2026-07-26;2026-07-26;EARLY;=A8_PM1;ETO4;planned
413206809;47543389262;2026-07-23;2026-07-27;2026-07-27;EARLY;=A8_PM1;ETO4;planned
413206809;47545244745;2026-07-25;2026-07-27;2026-07-27;EARLY;=A8_PM1;ETO4;planned
413206809;47545250813;2026-07-23;2026-07-27;2026-07-27;EARLY;=A8_PM1;ETO4;planned
413206809;47545531758;2026-07-24;2026-07-26;2026-07-26;EARLY;=A8_PM1;ETO4;planned
413206809;47545556543;2026-07-23;2026-07-27;2026-07-27;EARLY;=A8_PM1;ETO4;planned
413206809;47546647131;2026-07-24;2026-07-27;2026-07-27;EARLY;=A8_PM1;ETO4;planned
413206809;47548048202;2026-07-24;2026-07-27;2026-07-27;EARLY;=A8_PM1;ETO4;planned
413206809;47549080143;2026-07-25;2026-07-29;2026-07-29;EARLY;=A8_PM1;ETO4;planned
413206809;47549763161;2026-07-25;;2026-07-25;EARLY;=A8_PM1;ETO4;planned
413206809;47549944975;2026-07-25;;2026-07-25;EARLY;=A8_PM1;ETO4;planned
413206809;47550562912;2026-07-23;2026-07-27;2026-07-27;EARLY;=A8_PM1;ETO4;planned
413206809;47550659967;2026-07-23;2026-07-25;2026-07-25;EARLY;=A8_PM1;ETO4;planned
413206809;47550876497;2026-07-25;2026-07-29;2026-07-29;EARLY;=A8_PM1;ETO4;planned
413206809;47551110345;2026-07-25;;2026-07-25;EARLY;=A8_PM1;ETO4;planned
413206809;47551354070;2026-07-24;2026-07-26;2026-07-26;EARLY;=A8_PM1;ETO4;planned
413206809;47552536951;2026-07-25;;2026-07-25;EARLY;=A8_PM1;ETO4;planned
413206809;47552703573;2026-07-24;2026-07-26;2026-07-26;EARLY;=A8_PM1;ETO4;planned
413206809;47553397126;2026-07-24;2026-07-26;2026-07-26;EARLY;=A8_PM1;ETO4;planned
413206809;47553432162;2026-07-25;2026-07-27;2026-07-27;EARLY;=A8_PM1;ETO4;planned
413206809;47553660755;2026-07-24;2026-07-25;2026-07-25;EARLY;=A8_PM1;ETO4;planned
413206809;47554088411;2026-07-25;;2026-07-25;EARLY;=A8_PM1;ETO4;planned
413206809;47555288030;2026-07-25;2026-07-27;2026-07-27;EARLY;=A8_PM1;ETO4;planned
413206809;47557345931;2026-07-24;2026-07-26;2026-07-26;EARLY;=A8_PM1;ETO4;planned
413206809;47557538578;2026-07-24;2026-07-27;2026-07-27;EARLY;=A8_PM1;ETO4;planned
413206809;47557616359;2026-07-25;2026-07-27;2026-07-27;EARLY;=A8_PM1;ETO4;planned
413206809;47557688088;2026-07-24;2026-07-26;2026-07-26;EARLY;=A8_PM1;ETO4;planned
413206809;47558799065;2026-07-25;;2026-07-25;EARLY;=A8_PM1;ETO4;planned
413206809;47558983295;2026-07-25;;2026-07-25;EARLY;=A8_PM1;ETO4;planned
413206809;47560774920;2026-07-23;2026-07-25;2026-07-25;EARLY;=A8_PM1;ETO4;planned
413206809;47561262885;2026-07-25;;2026-07-25;EARLY;=A8_PM1;ETO4;planned
413206809;47564247643;2026-07-25;;2026-07-25;EARLY;=A8_PM1;ETO4;planned
413206809;47564575330;2026-07-24;2026-07-26;2026-07-26;EARLY;=A8_PM1;ETO4;planned
413206809;47564755072;2026-07-24;2026-07-26;2026-07-26;EARLY;=A8_PM1;ETO4;planned
413206809;47564922128;2026-07-26;2026-07-27;2026-07-27;EARLY;=A8_PM1;ETO4;planned
413206809;47565123102;2026-07-25;;2026-07-25;EARLY;=A8_PM1;ETO4;planned
413206809;47565338333;2026-07-24;2026-07-25;2026-07-25;EARLY;=A8_PM1;ETO4;planned
413206809;47565715557;2026-07-24;2026-07-25;2026-07-25;EARLY;=A8_PM1;ETO4;planned
413206809;47566220055;2026-07-24;2026-07-25;2026-07-25;EARLY;=A8_PM1;ETO4;planned
413206809;47566376926;2026-07-24;2026-07-26;2026-07-26;EARLY;=A8_PM1;ETO4;planned
413206809;47566764299;2026-07-25;;2026-07-25;EARLY;=A8_PM1;ETO4;planned
413206809;47567625717;2026-07-24;2026-07-25;2026-07-25;EARLY;=A8_PM1;ETO4;planned
413206809;47567884436;2026-07-25;2026-07-29;2026-07-29;EARLY;=A8_PM1;ETO4;planned
413206809;47568678331;2026-07-24;2026-07-25;2026-07-25;EARLY;=A8_PM1;ETO4;planned
413206809;47570239629;2026-07-25;2026-07-27;2026-07-27;EARLY;=A8_PM1;ETO4;planned
413206809;47570324343;2026-07-24;2026-07-25;2026-07-25;EARLY;=A8_PM1;ETO4;planned
413206809;47570729969;2026-07-25;;2026-07-25;EARLY;=A8_PM1;ETO4;planned
413206809;47571906440;2026-07-24;2026-07-26;2026-07-26;EARLY;=A8_PM1;ETO4;planned
413206809;47572219439;2026-07-25;;2026-07-25;EARLY;=A8_PM1;ETO4;planned
413206809;47572674411;2026-07-24;2026-07-26;2026-07-26;EARLY;=A8_PM1;ETO4;planned
413206809;47573167718;2026-07-25;2026-07-27;2026-07-27;EARLY;=A8_PM1;ETO4;planned
413206809;47574310541;2026-07-25;;2026-07-25;EARLY;=A8_PM1;ETO4;planned
413206809;47574558636;2026-07-25;;2026-07-25;EARLY;=A8_PM1;ETO4;planned
413206809;47575421004;2026-07-25;;2026-07-25;EARLY;=A8_PM1;ETO4;planned
413206809;47575721166;2026-07-25;2026-07-27;2026-07-27;EARLY;=A8_PM1;ETO4;planned
413206809;47576046356;2026-07-25;;2026-07-25;EARLY;=A8_PM1;ETO4;planned
413206809;47576046442;2026-07-25;;2026-07-25;EARLY;=A8_PM1;ETO4;planned
413206809;47576468822;2026-07-25;;2026-07-25;EARLY;=A8_PM1;ETO4;planned
413206809;47576620568;2026-07-25;;2026-07-25;EARLY;=A8_PM1;ETO4;planned
413206809;47576718454;2026-07-25;2026-07-27;2026-07-27;EARLY;=A8_PM1;ETO4;planned
413206809;47576766573;2026-07-25;;2026-07-25;EARLY;=A8_PM1;ETO4;planned
413206809;47576834272;2026-07-25;;2026-07-25;EARLY;=A8_PM1;ETO4;planned
413206809;47576993599;2026-07-25;;2026-07-25;EARLY;=A8_PM1;ETO4;planned
413206809;47577641474;2026-07-25;;2026-07-25;EARLY;=A8_PM1;ETO4;planned
413206809;47578885892;2026-07-25;;2026-07-25;EARLY;=A8_PM1;ETO4;planned
413206809;47579461873;2026-07-25;;2026-07-25;EARLY;=A8_PM1;ETO4;planned
413206809;47579481607;2026-07-25;;2026-07-25;EARLY;=A8_PM1;ETO4;planned
413206809;47579556068;2026-07-25;;2026-07-25;EARLY;=A8_PM1;ETO4;planned
413206928;47478383960;2026-07-15;2026-07-17;2026-07-17;VENCIDO;=A2_PM1;ETO4;planned
413206928;47500303657;2026-07-20;2026-07-24;2026-07-24;ON TIME;=A2_PM1;ETO4;planned
413206928;47510135280;2026-07-24;2026-07-26;2026-07-26;EARLY;=A2_PM1;ETO4;planned
413206928;47513777015;2026-07-23;2026-07-27;2026-07-27;EARLY;=A2_PM1;ETO4;planned
413206928;47516599864;2026-07-23;2026-07-27;2026-07-27;EARLY;=A2_PM1;ETO4;planned
413206928;47524144955;2026-07-23;2026-07-27;2026-07-27;EARLY;=A2_PM1;ETO4;planned
413206928;47524145433;2026-07-23;2026-07-27;2026-07-27;EARLY;=A2_PM1;ETO4;planned
413206928;47527681014;2026-07-22;2026-07-26;2026-07-26;EARLY;=A2_PM1;ETO4;planned
413206928;47528209511;2026-07-22;2026-07-24;2026-07-24;ON TIME;=A2_PM1;ETO4;planned
413206928;47528274595;2026-07-25;2026-07-27;2026-07-27;EARLY;=A2_PM1;ETO4;planned
413206928;47528808080;2026-07-24;2026-07-26;2026-07-26;EARLY;=A2_PM1;ETO4;planned
413206928;47529514377;2026-07-23;2026-07-27;2026-07-27;EARLY;=A2_PM1;ETO4;planned
413206928;47529587405;2026-07-22;2026-07-27;2026-07-27;EARLY;=A2_PM1;ETO4;planned
413206928;47530112499;2026-07-23;2026-07-27;2026-07-27;EARLY;=A2_PM1;ETO4;planned
413206928;47532444067;2026-07-22;2026-07-28;2026-07-28;EARLY;=A2_PM1;ETO4;planned
413206928;47533226215;2026-07-24;2026-07-27;2026-07-27;EARLY;=A2_PM1;ETO4;planned
413206928;47533256397;2026-07-23;2026-07-27;2026-07-27;EARLY;=A2_PM1;ETO4;planned
413206928;47535298823;2026-07-23;2026-07-27;2026-07-27;EARLY;=A2_PM1;ETO4;planned
413206928;47535952557;2026-07-22;2026-07-28;2026-07-28;EARLY;=A2_PM1;ETO4;planned
413206928;47536382153;2026-07-28;2026-07-30;2026-07-30;EARLY;=A2_PM1;ETO4;planned
413206928;47537009332;2026-07-24;2026-07-27;2026-07-27;EARLY;=A2_PM1;ETO4;planned
413206928;47537470827;2026-07-23;2026-07-27;2026-07-27;EARLY;=A2_PM1;ETO4;planned
413206928;47539167980;2026-07-27;2026-07-29;2026-07-29;EARLY;=A2_PM1;ETO4;planned
413206928;47540023273;2026-07-24;2026-07-25;2026-07-25;EARLY;=A2_PM1;ETO4;planned
413206928;47540261679;;;;;=A2_PM1;ETO4;planned
413206928;47540261881;;;;;=A2_PM1;ETO4;planned
413206928;47542504200;2026-07-22;2026-07-24;2026-07-24;ON TIME;=A2_PM1;ETO4;planned
413206928;47542887057;2026-07-23;2026-07-27;2026-07-27;EARLY;=A2_PM1;ETO4;planned
413206928;47542980606;2026-07-23;2026-07-27;2026-07-27;EARLY;=A2_PM1;ETO4;planned
413206928;47545322621;2026-07-23;2026-07-27;2026-07-27;EARLY;=A2_PM1;ETO4;planned
413206928;47545790024;2026-07-23;2026-07-27;2026-07-27;EARLY;=A2_PM1;ETO4;planned
413206928;47547245069;2026-07-24;2026-07-27;2026-07-27;EARLY;=A2_PM1;ETO4;planned
413206928;47547376409;2026-07-26;2026-07-28;2026-07-28;EARLY;=A2_PM1;ETO4;planned
413206928;47548728381;2026-07-24;2026-07-26;2026-07-26;EARLY;=A2_PM1;ETO4;planned
413206928;47549221289;2026-07-23;2026-07-25;2026-07-25;EARLY;=A2_PM1;ETO4;planned
413206928;47550107677;2026-07-24;2026-07-27;2026-07-27;EARLY;=A2_PM1;ETO4;planned
413206928;47550460494;2026-07-24;2026-07-26;2026-07-26;EARLY;=A2_PM1;ETO4;planned
413206928;47551198782;2026-07-25;;2026-07-25;EARLY;=A2_PM1;ETO4;planned
413206928;47552087422;2026-07-24;2026-07-26;2026-07-26;EARLY;=A2_PM1;ETO4;planned
413206928;47552735464;2026-07-24;2026-07-26;2026-07-26;EARLY;=A2_PM1;ETO4;planned
413206928;47553679073;2026-07-25;;2026-07-25;EARLY;=A2_PM1;ETO4;planned
413206928;47553958994;2026-07-24;2026-07-26;2026-07-26;EARLY;=A2_PM1;ETO4;planned
413206928;47554477679;2026-07-25;;2026-07-25;EARLY;=A2_PM1;ETO4;planned
413206928;47554522455;2026-07-23;2026-07-27;2026-07-27;EARLY;=A2_PM1;ETO4;planned
413206928;47554730358;2026-07-25;;2026-07-25;EARLY;=A2_PM1;ETO4;planned
413206928;47554730804;2026-07-25;;2026-07-25;EARLY;=A2_PM1;ETO4;planned
413206928;47554730878;2026-07-25;;2026-07-25;EARLY;=A2_PM1;ETO4;planned
413206928;47554787590;2026-07-25;;2026-07-25;EARLY;=A2_PM1;ETO4;planned
413206928;47556969629;2026-07-25;;2026-07-25;EARLY;=A2_PM1;ETO4;planned
413206928;47557167348;2026-07-25;;2026-07-25;EARLY;=A2_PM1;ETO4;planned
413206928;47557358772;2026-07-25;;2026-07-25;EARLY;=A2_PM1;ETO4;planned
413206928;47557358794;2026-07-25;;2026-07-25;EARLY;=A2_PM1;ETO4;planned
413206928;47557443134;2026-07-25;;2026-07-25;EARLY;=A2_PM1;ETO4;planned
413206928;47557526423;2026-07-25;2026-07-26;2026-07-26;EARLY;=A2_PM1;ETO4;planned
413206928;47558011059;2026-07-25;2026-07-26;2026-07-26;EARLY;=A2_PM1;ETO4;planned
413206928;47558109294;2026-07-25;2026-07-26;2026-07-26;EARLY;=A2_PM1;ETO4;planned
413206928;47558267442;2026-07-25;2026-07-26;2026-07-26;EARLY;=A2_PM1;ETO4;planned
413206928;47558861963;2026-07-25;2026-07-26;2026-07-26;EARLY;=A2_PM1;ETO4;planned
413206928;47558962883;2026-07-23;2026-07-25;2026-07-25;EARLY;=A2_PM1;ETO4;planned
413206928;47559310095;2026-07-25;;2026-07-25;EARLY;=A2_PM1;ETO4;planned
413206928;47559879101;2026-07-27;2026-07-29;2026-07-29;EARLY;=A2_PM1;ETO4;planned
413206928;47561760812;2026-07-25;2026-07-26;2026-07-26;EARLY;=A2_PM1;ETO4;planned
413206928;47561783738;2026-07-23;2026-07-25;2026-07-25;EARLY;=A2_PM1;ETO4;planned
413206928;47562311015;2026-07-25;;2026-07-25;EARLY;=A2_PM1;ETO4;planned
413206928;47562489073;2026-07-23;2026-07-25;2026-07-25;EARLY;=A2_PM1;ETO4;planned
413206928;47566164233;2026-07-25;;2026-07-25;EARLY;=A2_PM1;ETO4;planned
413206928;47566661076;2026-07-24;2026-07-25;2026-07-25;EARLY;=A2_PM1;ETO4;planned
413206928;47567383387;2026-07-25;2026-07-27;2026-07-27;EARLY;=A2_PM1;ETO4;planned
413206928;47567415991;2026-07-24;2026-07-25;2026-07-25;EARLY;=A2_PM1;ETO4;planned
413206928;47568001777;2026-07-24;2026-07-25;2026-07-25;EARLY;=A2_PM1;ETO4;planned
413206928;47568001969;2026-07-24;2026-07-25;2026-07-25;EARLY;=A2_PM1;ETO4;planned
413206928;47568054324;2026-07-24;2026-07-25;2026-07-25;EARLY;=A2_PM1;ETO4;planned
413206928;47568360545;2026-07-25;;2026-07-25;EARLY;=A2_PM1;ETO4;planned
413206928;47569897436;2026-07-25;;2026-07-25;EARLY;=A2_PM1;ETO4;planned
413206928;47571856739;2026-07-25;;2026-07-25;EARLY;=A2_PM1;ETO4;planned
413206928;47571956944;2026-07-25;;2026-07-25;EARLY;=A2_PM1;ETO4;planned
413206928;47572335396;2026-07-25;;2026-07-25;EARLY;=A2_PM1;ETO4;planned
413206928;47572335674;2026-07-25;;2026-07-25;EARLY;=A2_PM1;ETO4;planned
413206928;47573319995;2026-07-25;;2026-07-25;EARLY;=A2_PM1;ETO4;planned
413206928;47574300729;2026-07-27;2026-07-29;2026-07-29;EARLY;=A2_PM1;ETO4;planned
413206928;47575550728;2026-07-25;2026-07-29;2026-07-29;EARLY;=A2_PM1;ETO4;planned
413206928;47577285735;2026-07-25;;2026-07-25;EARLY;=A2_PM1;ETO4;planned
413206928;47577413937;2026-07-25;;2026-07-25;EARLY;=A2_PM1;ETO4;planned
413206928;47578503934;2026-07-25;;2026-07-25;EARLY;=A2_PM1;ETO4;planned
413206928;47580080394;2026-07-25;;2026-07-25;EARLY;=A2_PM1;ETO4;planned
413206928;47580806426;2026-07-25;;2026-07-25;EARLY;=A2_PM1;ETO4;planned
413207040;47507079878;2026-07-19;2026-07-22;2026-07-22;VENCIDO;=A6_PM1;ETO4;planned
413207040;47511673539;2026-07-23;2026-07-27;2026-07-27;EARLY;=A6_PM1;ETO4;planned
413207040;47514094321;2026-07-23;2026-07-27;2026-07-27;EARLY;=A6_PM1;ETO4;planned
413207040;47517803191;2026-07-24;2026-07-26;2026-07-26;EARLY;=A6_PM1;ETO4;planned
413207040;47523070815;2026-07-23;2026-07-27;2026-07-27;EARLY;=A6_PM1;ETO4;planned
413207040;47525411434;2026-07-23;2026-07-27;2026-07-27;EARLY;=A6_PM1;ETO4;planned
413207040;47525676919;2026-07-21;2026-07-27;2026-07-27;EARLY;=A6_PM1;ETO4;planned
413207040;47526167744;2026-07-21;2026-07-27;2026-07-27;EARLY;=A6_PM1;ETO4;planned
413207040;47526707795;2026-07-23;2026-07-27;2026-07-27;EARLY;=A6_PM1;ETO4;planned
413207040;47529450737;2026-07-23;2026-07-27;2026-07-27;EARLY;=A6_PM1;ETO4;planned
413207040;47531802441;2026-07-21;2026-07-27;2026-07-27;EARLY;=A6_PM1;ETO4;planned
413207040;47536688081;2026-07-24;2026-07-28;2026-07-28;EARLY;=A6_PM1;ETO4;planned
413207040;47536768889;2026-07-22;2026-07-26;2026-07-26;EARLY;=A6_PM1;ETO4;planned
413207040;47537455677;2026-07-22;2026-07-28;2026-07-28;EARLY;=A6_PM1;ETO4;planned
413207040;47539119717;2026-07-24;2026-07-25;2026-07-25;EARLY;=A6_PM1;ETO4;planned
413207040;47540064155;2026-07-23;2026-07-27;2026-07-27;EARLY;=A6_PM1;ETO4;planned
413207040;47542146152;2026-07-23;2026-07-27;2026-07-27;EARLY;=A6_PM1;ETO4;planned
413207040;47542166890;2026-07-24;2026-07-25;2026-07-25;EARLY;=A6_PM1;ETO4;planned
413207040;47542222639;2026-07-24;2026-07-25;2026-07-25;EARLY;=A6_PM1;ETO4;planned
413207040;47543339446;2026-07-23;2026-07-27;2026-07-27;EARLY;=A6_PM1;ETO4;planned
413207040;47543782933;2026-07-23;2026-07-27;2026-07-27;EARLY;=A6_PM1;ETO4;planned
413207040;47543839608;2026-07-25;2026-07-27;2026-07-27;EARLY;=A6_PM1;ETO4;planned
413207040;47546168984;2026-07-23;2026-07-25;2026-07-25;EARLY;=A6_PM1;ETO4;planned
413207040;47546386792;2026-07-26;2026-07-28;2026-07-28;EARLY;=A6_PM1;ETO4;planned
413207040;47546700548;2026-07-23;2026-07-27;2026-07-27;EARLY;=A6_PM1;ETO4;planned
413207040;47547120580;2026-07-24;2026-07-27;2026-07-27;EARLY;=A6_PM1;ETO4;planned
413207040;47548691013;2026-07-24;2026-07-26;2026-07-26;EARLY;=A6_PM1;ETO4;planned
413207040;47549650510;2026-07-24;2026-07-26;2026-07-26;EARLY;=A6_PM1;ETO4;planned
413207040;47549831584;2026-07-23;2026-07-25;2026-07-25;EARLY;=A6_PM1;ETO4;planned
413207040;47550983572;2026-07-23;2026-07-25;2026-07-25;EARLY;=A6_PM1;ETO4;planned
413207040;47551809712;2026-07-24;2026-07-26;2026-07-26;EARLY;=A6_PM1;ETO4;planned
413207040;47551995326;2026-07-24;;2026-07-24;ON TIME;=A6_PM1;ETO4;planned
413207040;47552622187;2026-07-25;2026-07-27;2026-07-27;EARLY;=A6_PM1;ETO4;planned
413207040;47552978825;2026-07-23;2026-07-25;2026-07-25;EARLY;=A6_PM1;ETO4;planned
413207040;47553081010;2026-07-24;2026-07-26;2026-07-26;EARLY;=A6_PM1;ETO4;planned
413207040;47553217133;2026-07-25;;2026-07-25;EARLY;=A6_PM1;ETO4;planned
413207040;47553555180;2026-07-24;2026-07-26;2026-07-26;EARLY;=A6_PM1;ETO4;planned
413207040;47554071960;2026-07-24;2026-07-26;2026-07-26;EARLY;=A6_PM1;ETO4;planned
413207040;47554072061;2026-07-25;;2026-07-25;EARLY;=A6_PM1;ETO4;planned
413207040;47554072466;2026-07-25;;2026-07-25;EARLY;=A6_PM1;ETO4;planned
413207040;47554230221;2026-07-25;2026-07-27;2026-07-27;EARLY;=A6_PM1;ETO4;planned
413207040;47554324552;2026-07-25;;2026-07-25;EARLY;=A6_PM1;ETO4;planned
413207040;47555173279;2026-07-23;2026-07-27;2026-07-27;EARLY;=A6_PM1;ETO4;planned
413207040;47555482353;2026-07-25;;2026-07-25;EARLY;=A6_PM1;ETO4;planned
413207040;47556119073;2026-07-25;;2026-07-25;EARLY;=A6_PM1;ETO4;planned
413207040;47557949895;2026-07-24;2026-07-27;2026-07-27;EARLY;=A6_PM1;ETO4;planned
413207040;47557949897;2026-07-24;2026-07-27;2026-07-27;EARLY;=A6_PM1;ETO4;planned
413207040;47557950237;2026-07-24;2026-07-26;2026-07-26;EARLY;=A6_PM1;ETO4;planned
413207040;47558490543;2026-07-25;;2026-07-25;EARLY;=A6_PM1;ETO4;planned
413207040;47558779186;2026-07-25;;2026-07-25;EARLY;=A6_PM1;ETO4;planned
413207040;47560031771;2026-07-24;2026-07-26;2026-07-26;EARLY;=A6_PM1;ETO4;planned
413207040;47560684646;2026-07-24;2026-07-26;2026-07-26;EARLY;=A6_PM1;ETO4;planned
413207040;47562016007;2026-07-25;;2026-07-25;EARLY;=A6_PM1;ETO4;planned
413207040;47562267934;2026-07-25;;2026-07-25;EARLY;=A6_PM1;ETO4;planned
413207040;47562289012;2026-07-25;;2026-07-25;EARLY;=A6_PM1;ETO4;planned
413207040;47563041391;2026-07-25;;2026-07-25;EARLY;=A6_PM1;ETO4;planned
413207040;47565122534;2026-07-25;;2026-07-25;EARLY;=A6_PM1;ETO4;planned
413207040;47566458191;2026-07-25;;2026-07-25;EARLY;=A6_PM1;ETO4;planned
413207040;47566967177;2026-07-25;;2026-07-25;EARLY;=A6_PM1;ETO4;planned
413207040;47567401132;2026-07-24;2026-07-25;2026-07-25;EARLY;=A6_PM1;ETO4;planned
413207040;47568109207;2026-07-25;;2026-07-25;EARLY;=A6_PM1;ETO4;planned
413207040;47568230121;2026-07-24;2026-07-25;2026-07-25;EARLY;=A6_PM1;ETO4;planned
413207040;47568509949;2026-07-24;2026-07-26;2026-07-26;EARLY;=A6_PM1;ETO4;planned
413207040;47568509989;2026-07-26;2026-07-28;2026-07-28;EARLY;=A6_PM1;ETO4;planned
413207040;47568595200;2026-07-24;2026-07-25;2026-07-25;EARLY;=A6_PM1;ETO4;planned
413207040;47569290937;2026-07-24;2026-07-26;2026-07-26;EARLY;=A6_PM1;ETO4;planned
413207040;47570385412;2026-07-25;2026-07-27;2026-07-27;EARLY;=A6_PM1;ETO4;planned
413207040;47570484322;2026-07-25;2026-07-27;2026-07-27;EARLY;=A6_PM1;ETO4;planned
413207040;47570531604;2026-07-24;2026-07-25;2026-07-25;EARLY;=A6_PM1;ETO4;planned
413207040;47570921476;2026-07-24;2026-07-25;2026-07-25;EARLY;=A6_PM1;ETO4;planned
413207040;47571531022;2026-07-25;;2026-07-25;EARLY;=A6_PM1;ETO4;planned
413207040;47572036531;2026-07-25;;2026-07-25;EARLY;=A6_PM1;ETO4;planned
413207040;47572036535;2026-07-25;;2026-07-25;EARLY;=A6_PM1;ETO4;planned
413207040;47572303653;2026-07-24;2026-07-26;2026-07-26;EARLY;=A6_PM1;ETO4;planned
413207040;47572303859;2026-07-25;;2026-07-25;EARLY;=A6_PM1;ETO4;planned
413207040;47572599308;2026-07-25;2026-07-27;2026-07-27;EARLY;=A6_PM1;ETO4;planned
413207040;47572696515;2026-07-25;;2026-07-25;EARLY;=A6_PM1;ETO4;planned
413207040;47573460857;2026-07-25;;2026-07-25;EARLY;=A6_PM1;ETO4;planned
413207040;47574085903;2026-07-24;2026-07-26;2026-07-26;EARLY;=A6_PM1;ETO4;planned
413207040;47574086095;2026-07-25;;2026-07-25;EARLY;=A6_PM1;ETO4;planned
413207040;47574335670;2026-07-25;;2026-07-25;EARLY;=A6_PM1;ETO4;planned
413207040;47574865495;2026-07-25;2026-07-27;2026-07-27;EARLY;=A6_PM1;ETO4;planned
413207040;47574885214;2026-07-25;2026-07-27;2026-07-27;EARLY;=A6_PM1;ETO4;planned
413207040;47575018968;2026-07-25;2026-07-27;2026-07-27;EARLY;=A6_PM1;ETO4;planned
413207040;47575198221;2026-07-25;;2026-07-25;EARLY;=A6_PM1;ETO4;planned
413207040;47575902616;2026-07-25;;2026-07-25;EARLY;=A6_PM1;ETO4;planned
413207040;47577042524;2026-07-25;;2026-07-25;EARLY;=A6_PM1;ETO4;planned
413207040;47578188587;2026-07-25;;2026-07-25;EARLY;=A6_PM1;ETO4;planned
413207040;47580101825;2026-07-25;;2026-07-25;EARLY;=A6_PM1;ETO4;planned
413208202;47305113105;2026-07-25;2026-07-26;2026-07-26;EARLY;=B16_PM1;ETO4;planned
413208202;47381404114;2026-07-22;2026-07-24;2026-07-24;ON TIME;=B16_PM1;ETO4;planned
413208202;47382655838;2026-07-22;2026-07-24;2026-07-24;ON TIME;=B16_PM1;ETO4;planned
413208202;47439620597;2026-07-10;2026-07-14;2026-07-14;VENCIDO;=B16_PM1;ETO4;planned
413208202;47457520791;2026-07-19;2026-07-25;2026-07-25;EARLY;=B16_PM1;ETO4;planned
413208202;47477525806;2026-07-15;2026-07-17;2026-07-17;VENCIDO;=B16_PM1;ETO4;planned
413208202;47482238853;2026-07-25;2026-07-29;2026-07-29;EARLY;=B16_PM1;ETO4;planned
413208202;47511145614;2026-07-19;2026-07-25;2026-07-25;EARLY;=B16_PM1;ETO4;planned
413208202;47511834374;2026-07-22;2026-07-25;2026-07-25;EARLY;=B16_PM1;ETO4;planned
413208202;47523795353;2026-07-23;2026-07-27;2026-07-27;EARLY;=B16_PM1;ETO4;planned
413208202;47529194662;2026-07-22;2026-07-24;2026-07-24;ON TIME;=B16_PM1;ETO4;planned
413208202;47531635896;2026-07-22;2026-07-24;2026-07-24;ON TIME;=B16_PM1;ETO4;planned
413208202;47532261509;2026-07-23;2026-07-27;2026-07-27;EARLY;=B16_PM1;ETO4;planned
413208202;47535236314;2026-07-25;2026-07-29;2026-07-29;EARLY;=B16_PM1;ETO4;planned
413208202;47535266456;2026-07-25;2026-07-27;2026-07-27;EARLY;=B16_PM1;ETO4;planned
413208202;47537056683;;;;;=B16_PM1;ETO4;planned
413208202;47537313250;;;;;=B16_PM1;ETO4;planned
413208202;47537620589;2026-07-27;2026-07-29;2026-07-29;EARLY;=B16_PM1;ETO4;planned
413208202;47537821886;2026-07-20;;2026-07-20;VENCIDO;=B16_PM1;ETO4;planned
413208202;47537974597;2026-07-23;2026-07-27;2026-07-27;EARLY;=B16_PM1;ETO4;planned
413208202;47538051599;2026-07-22;2026-07-24;2026-07-24;ON TIME;=B16_PM1;ETO4;planned
413208202;47538244684;2026-07-24;2026-07-27;2026-07-27;EARLY;=B16_PM1;ETO4;planned
413208202;47538279357;2026-07-23;2026-07-25;2026-07-25;EARLY;=B16_PM1;ETO4;planned
413208202;47538452526;2026-07-22;2026-07-26;2026-07-26;EARLY;=B16_PM1;ETO4;planned
413208202;47538723811;2026-07-25;;2026-07-25;EARLY;=B16_PM1;ETO4;planned
413208202;47538723865;2026-07-25;2026-07-29;2026-07-29;EARLY;=B16_PM1;ETO4;planned
413208202;47541746233;2026-07-24;2026-07-26;2026-07-26;EARLY;=B16_PM1;ETO4;planned
413208202;47543387466;2026-07-25;;2026-07-25;EARLY;=B16_PM1;ETO4;planned
413208202;47543392856;2026-07-23;2026-07-27;2026-07-27;EARLY;=B16_PM1;ETO4;planned
413208202;47546082271;2026-07-25;;2026-07-25;EARLY;=B16_PM1;ETO4;planned
413208202;47546192453;2026-07-25;;2026-07-25;EARLY;=B16_PM1;ETO4;planned
413208202;47546863798;2026-07-24;2026-07-26;2026-07-26;EARLY;=B16_PM1;ETO4;planned
413208202;47547298087;2026-07-25;2026-07-29;2026-07-29;EARLY;=B16_PM1;ETO4;planned
413208202;47548001933;;;;;=B16_PM1;ETO4;planned
413208202;47548071167;2026-07-25;2026-07-27;2026-07-27;EARLY;=B16_PM1;ETO4;planned
413208202;47548255414;;;;;=B16_PM1;ETO4;planned
413208202;47548324824;2026-07-24;2026-07-27;2026-07-27;EARLY;=B16_PM1;ETO4;planned
413208202;47548774125;2026-07-25;2026-07-29;2026-07-29;EARLY;=B16_PM1;ETO4;planned
413208202;47549177287;2026-07-25;2026-07-29;2026-07-29;EARLY;=B16_PM1;ETO4;planned
413208202;47549593812;2026-07-24;;2026-07-24;ON TIME;=B16_PM1;ETO4;planned
413208202;47550408465;2026-07-26;2026-07-28;2026-07-28;EARLY;=B16_PM1;ETO4;planned
413208202;47551393434;2026-07-25;2026-07-29;2026-07-29;EARLY;=B16_PM1;ETO4;planned
413208202;47551887237;2026-07-25;2026-07-29;2026-07-29;EARLY;=B16_PM1;ETO4;planned
413208202;47552698792;2026-07-25;2026-07-29;2026-07-29;EARLY;=B16_PM1;ETO4;planned
413208202;47553259802;2026-07-24;2026-07-26;2026-07-26;EARLY;=B16_PM1;ETO4;planned
413208202;47553333774;2026-07-25;2026-07-29;2026-07-29;EARLY;=B16_PM1;ETO4;planned
413208202;47553529922;2026-07-25;2026-07-29;2026-07-29;EARLY;=B16_PM1;ETO4;planned
413208202;47554634845;2026-07-23;2026-07-27;2026-07-27;EARLY;=B16_PM1;ETO4;planned
413208202;47554865856;2026-07-24;;2026-07-24;ON TIME;=B16_PM1;ETO4;planned
413208202;47555945897;2026-07-25;;2026-07-25;EARLY;=B16_PM1;ETO4;planned
413208202;47556698897;2026-07-25;;2026-07-25;EARLY;=B16_PM1;ETO4;planned
413208202;47556944739;2026-07-25;;2026-07-25;EARLY;=B16_PM1;ETO4;planned
413208202;47557126079;2026-07-25;;2026-07-25;EARLY;=B16_PM1;ETO4;planned
413208202;47557147187;2026-07-25;;2026-07-25;EARLY;=B16_PM1;ETO4;planned
413208202;47557585704;2026-07-25;;2026-07-25;EARLY;=B16_PM1;ETO4;planned
413208202;47557908362;2026-07-25;2026-07-26;2026-07-26;EARLY;=B16_PM1;ETO4;planned
413208202;47558733641;2026-07-25;2026-07-26;2026-07-26;EARLY;=B16_PM1;ETO4;planned
413208202;47559155510;2026-07-25;2026-07-26;2026-07-26;EARLY;=B16_PM1;ETO4;planned
413208202;47559237894;2026-07-25;;2026-07-25;EARLY;=B16_PM1;ETO4;planned
413208202;47559238256;2026-07-25;;2026-07-25;EARLY;=B16_PM1;ETO4;planned
413208202;47559555680;2026-07-25;;2026-07-25;EARLY;=B16_PM1;ETO4;planned
413208202;47559816517;2026-07-22;2026-07-26;2026-07-26;EARLY;=B16_PM1;ETO4;planned
413208202;47560417611;2026-07-25;;2026-07-25;EARLY;=B16_PM1;ETO4;planned
413208202;47560501931;2026-07-25;;2026-07-25;EARLY;=B16_PM1;ETO4;planned
413208202;47560670072;2026-07-25;;2026-07-25;EARLY;=B16_PM1;ETO4;planned
413208202;47561448891;2026-07-25;;2026-07-25;EARLY;=B16_PM1;ETO4;planned
413208202;47562945068;2026-07-25;;2026-07-25;EARLY;=B16_PM1;ETO4;planned
413208202;47565600620;2026-07-24;2026-07-25;2026-07-25;EARLY;=B16_PM1;ETO4;planned
413208202;47567122119;2026-07-24;2026-07-25;2026-07-25;EARLY;=B16_PM1;ETO4;planned
413208202;47567912946;2026-07-24;2026-07-25;2026-07-25;EARLY;=B16_PM1;ETO4;planned
413208202;47569060600;2026-07-25;;2026-07-25;EARLY;=B16_PM1;ETO4;planned
413208202;47569237934;2026-07-25;;2026-07-25;EARLY;=B16_PM1;ETO4;planned
413208202;47569485240;2026-07-24;2026-07-25;2026-07-25;EARLY;=B16_PM1;ETO4;planned
413208202;47570106123;2026-07-25;;2026-07-25;EARLY;=B16_PM1;ETO4;planned
413208202;47570111992;2026-07-25;;2026-07-25;EARLY;=B16_PM1;ETO4;planned
413208202;47570861131;2026-07-26;2026-07-27;2026-07-27;EARLY;=B16_PM1;ETO4;planned
413208202;47574464432;2026-07-24;2026-07-26;2026-07-26;EARLY;=B16_PM1;ETO4;planned
413208202;47575590920;2026-07-25;;2026-07-25;EARLY;=B16_PM1;ETO4;planned
413208202;47576039780;2026-07-25;;2026-07-25;EARLY;=B16_PM1;ETO4;planned
413208202;47579236619;2026-07-25;;2026-07-25;EARLY;=B16_PM1;ETO4;planned
413208202;47579320952;2026-07-25;;2026-07-25;EARLY;=B16_PM1;ETO4;planned
413208202;47579471866;2026-07-25;;2026-07-25;EARLY;=B16_PM1;ETO4;planned
413208202;47579558056;2026-07-25;;2026-07-25;EARLY;=B16_PM1;ETO4;planned
413208202;47579735302;2026-07-25;;2026-07-25;EARLY;=B16_PM1;ETO4;planned
413208804;47483261913;2026-07-15;2026-07-19;2026-07-19;VENCIDO;=A4_PM1;ETO4;planned
413208804;47501854975;2026-07-16;2026-07-18;2026-07-18;VENCIDO;=A4_PM1;ETO4;planned
413208804;47507060653;2026-07-23;2026-07-27;2026-07-27;EARLY;=A4_PM1;ETO4;planned
413208804;47507327350;2026-07-23;2026-07-27;2026-07-27;EARLY;=A4_PM1;ETO4;planned
413208804;47520720978;2026-07-24;2026-07-26;2026-07-26;EARLY;=A4_PM1;ETO4;planned
413208804;47528503280;2026-07-23;2026-07-27;2026-07-27;EARLY;=A4_PM1;ETO4;planned
413208804;47529489884;2026-07-23;2026-07-27;2026-07-27;EARLY;=A4_PM1;ETO4;planned
413208804;47530662751;2026-07-22;2026-07-28;2026-07-28;EARLY;=A4_PM1;ETO4;planned
413208804;47535048844;2026-07-22;2026-07-26;2026-07-26;EARLY;=A4_PM1;ETO4;planned
413208804;47535145290;2026-07-22;2026-07-28;2026-07-28;EARLY;=A4_PM1;ETO4;planned
413208804;47536932008;2026-07-22;2026-07-26;2026-07-26;EARLY;=A4_PM1;ETO4;planned
413208804;47538315176;2026-07-23;2026-07-27;2026-07-27;EARLY;=A4_PM1;ETO4;planned
413208804;47539573748;2026-07-26;2026-07-30;2026-07-30;EARLY;=A4_PM1;ETO4;planned
413208804;47543394196;2026-07-24;2026-07-26;2026-07-26;EARLY;=A4_PM1;ETO4;planned
413208804;47543697054;2026-07-23;2026-07-27;2026-07-27;EARLY;=A4_PM1;ETO4;planned
413208804;47545377625;2026-07-23;2026-07-25;2026-07-25;EARLY;=A4_PM1;ETO4;planned
413208804;47545535676;2026-07-23;2026-07-27;2026-07-27;EARLY;=A4_PM1;ETO4;planned
413208804;47545723293;2026-07-23;2026-07-27;2026-07-27;EARLY;=A4_PM1;ETO4;planned
413208804;47545814503;2026-07-23;2026-07-27;2026-07-27;EARLY;=A4_PM1;ETO4;planned
413208804;47546040336;2026-07-24;2026-07-26;2026-07-26;EARLY;=A4_PM1;ETO4;planned
413208804;47547378787;2026-07-25;2026-07-27;2026-07-27;EARLY;=A4_PM1;ETO4;planned
413208804;47547639377;2026-07-24;2026-07-28;2026-07-28;EARLY;=A4_PM1;ETO4;planned
413208804;47548499438;2026-07-23;2026-07-27;2026-07-27;EARLY;=A4_PM1;ETO4;planned
413208804;47550240343;2026-07-25;2026-07-27;2026-07-27;EARLY;=A4_PM1;ETO4;planned
413208804;47550404564;2026-07-25;;2026-07-25;EARLY;=A4_PM1;ETO4;planned
413208804;47552542931;2026-07-24;2026-07-27;2026-07-27;EARLY;=A4_PM1;ETO4;planned
413208804;47552640856;2026-07-24;2026-07-26;2026-07-26;EARLY;=A4_PM1;ETO4;planned
413208804;47553512621;2026-07-25;;2026-07-25;EARLY;=A4_PM1;ETO4;planned
413208804;47553703421;2026-07-24;;2026-07-24;ON TIME;=A4_PM1;ETO4;planned
413208804;47553908243;2026-07-25;;2026-07-25;EARLY;=A4_PM1;ETO4;planned
413208804;47554428265;2026-07-24;2026-07-26;2026-07-26;EARLY;=A4_PM1;ETO4;planned
413208804;47554658537;2026-07-24;2026-07-27;2026-07-27;EARLY;=A4_PM1;ETO4;planned
413208804;47555115064;2026-07-24;2026-07-26;2026-07-26;EARLY;=A4_PM1;ETO4;planned
413208804;47555171586;2026-07-23;2026-07-27;2026-07-27;EARLY;=A4_PM1;ETO4;planned
413208804;47555253568;2026-07-24;2026-07-27;2026-07-27;EARLY;=A4_PM1;ETO4;planned
413208804;47555675602;2026-07-25;2026-07-27;2026-07-27;EARLY;=A4_PM1;ETO4;planned
413208804;47556444798;2026-07-23;2026-07-25;2026-07-25;EARLY;=A4_PM1;ETO4;planned
413208804;47556609501;2026-07-25;;2026-07-25;EARLY;=A4_PM1;ETO4;planned
413208804;47556878763;2026-07-25;;2026-07-25;EARLY;=A4_PM1;ETO4;planned
413208804;47556986069;2026-07-24;2026-07-26;2026-07-26;EARLY;=A4_PM1;ETO4;planned
413208804;47557344972;2026-07-25;2026-07-27;2026-07-27;EARLY;=A4_PM1;ETO4;planned
413208804;47557383436;2026-07-23;2026-07-25;2026-07-25;EARLY;=A4_PM1;ETO4;planned
413208804;47557474193;2026-07-25;;2026-07-25;EARLY;=A4_PM1;ETO4;planned
413208804;47558440299;2026-07-23;2026-07-25;2026-07-25;EARLY;=A4_PM1;ETO4;planned
413208804;47558694142;2026-07-25;;2026-07-25;EARLY;=A4_PM1;ETO4;planned
413208804;47558783095;2026-07-25;;2026-07-25;EARLY;=A4_PM1;ETO4;planned
413208804;47559380051;2026-07-25;;2026-07-25;EARLY;=A4_PM1;ETO4;planned
413208804;47559441952;2026-07-25;;2026-07-25;EARLY;=A4_PM1;ETO4;planned
413208804;47561091766;2026-07-24;2026-07-26;2026-07-26;EARLY;=A4_PM1;ETO4;planned
413208804;47561586185;2026-07-25;;2026-07-25;EARLY;=A4_PM1;ETO4;planned
413208804;47561732090;2026-07-25;;2026-07-25;EARLY;=A4_PM1;ETO4;planned
413208804;47561849528;2026-07-24;2026-07-26;2026-07-26;EARLY;=A4_PM1;ETO4;planned
413208804;47563946575;2026-07-24;2026-07-26;2026-07-26;EARLY;=A4_PM1;ETO4;planned
413208804;47564927330;2026-07-25;2026-07-27;2026-07-27;EARLY;=A4_PM1;ETO4;planned
413208804;47565023173;2026-07-24;2026-07-25;2026-07-25;EARLY;=A4_PM1;ETO4;planned
413208804;47565119135;2026-07-24;2026-07-25;2026-07-25;EARLY;=A4_PM1;ETO4;planned
413208804;47565219944;2026-07-25;;2026-07-25;EARLY;=A4_PM1;ETO4;planned
413208804;47565513176;2026-07-25;;2026-07-25;EARLY;=A4_PM1;ETO4;planned
413208804;47565604452;2026-07-25;;2026-07-25;EARLY;=A4_PM1;ETO4;planned
413208804;47566721887;2026-07-25;;2026-07-25;EARLY;=A4_PM1;ETO4;planned
413208804;47568087105;2026-07-24;2026-07-25;2026-07-25;EARLY;=A4_PM1;ETO4;planned
413208804;47568211330;2026-07-25;2026-07-29;2026-07-29;EARLY;=A4_PM1;ETO4;planned
413208804;47568399022;2026-07-24;2026-07-25;2026-07-25;EARLY;=A4_PM1;ETO4;planned
413208804;47568586355;2026-07-26;2026-07-27;2026-07-27;EARLY;=A4_PM1;ETO4;planned
413208804;47570464544;2026-07-24;2026-07-25;2026-07-25;EARLY;=A4_PM1;ETO4;planned
413208804;47570538666;2026-07-24;2026-07-26;2026-07-26;EARLY;=A4_PM1;ETO4;planned
413208804;47572393119;2026-07-25;;2026-07-25;EARLY;=A4_PM1;ETO4;planned
413208804;47573324583;2026-07-24;2026-07-26;2026-07-26;EARLY;=A4_PM1;ETO4;planned
413208804;47573324773;2026-07-25;;2026-07-25;EARLY;=A4_PM1;ETO4;planned
413208804;47573583527;2026-07-24;2026-07-26;2026-07-26;EARLY;=A4_PM1;ETO4;planned
413208804;47573923611;2026-07-25;;2026-07-25;EARLY;=A4_PM1;ETO4;planned
413208804;47573923655;2026-07-25;;2026-07-25;EARLY;=A4_PM1;ETO4;planned
413208804;47574173668;2026-07-25;;2026-07-25;EARLY;=A4_PM1;ETO4;planned
413208804;47574794540;2026-07-25;2026-07-27;2026-07-27;EARLY;=A4_PM1;ETO4;planned
413208804;47574806613;2026-07-25;;2026-07-25;EARLY;=A4_PM1;ETO4;planned
413208804;47574806681;2026-07-25;;2026-07-25;EARLY;=A4_PM1;ETO4;planned
413208804;47575146748;;;;;=A4_PM1;ETO4;planned
413208804;47575147274;;;;;=A4_PM1;ETO4;planned
413208804;47575236588;2026-07-25;;2026-07-25;EARLY;=A4_PM1;ETO4;planned
413208804;47575244741;2026-07-27;2026-07-29;2026-07-29;EARLY;=A4_PM1;ETO4;planned
413208804;47575493808;2026-07-25;;2026-07-25;EARLY;=A4_PM1;ETO4;planned
413208804;47576001316;2026-07-25;2026-07-27;2026-07-27;EARLY;=A4_PM1;ETO4;planned
413208804;47576194605;2026-07-25;2026-07-27;2026-07-27;EARLY;=A4_PM1;ETO4;planned
413208804;47576293965;2026-07-25;;2026-07-25;EARLY;=A4_PM1;ETO4;planned
413208804;47576469534;2026-07-25;;2026-07-25;EARLY;=A4_PM1;ETO4;planned
413208804;47576998604;2026-07-25;;2026-07-25;EARLY;=A4_PM1;ETO4;planned
413208804;47577650182;2026-07-25;;2026-07-25;EARLY;=A4_PM1;ETO4;planned
413208804;47577832211;2026-07-25;;2026-07-25;EARLY;=A4_PM1;ETO4;planned
413208804;47578590840;2026-07-25;;2026-07-25;EARLY;=A4_PM1;ETO4;planned
413208902;47416013004;2026-07-13;2026-07-15;2026-07-15;VENCIDO;=B18_PM1;ETO4;planned
413208902;47450600312;2026-07-18;2026-07-24;2026-07-24;ON TIME;=B18_PM1;ETO4;planned
413208902;47494473477;2026-07-21;2026-07-27;2026-07-27;EARLY;=B18_PM1;ETO4;planned
413208902;47510996620;2026-07-20;;2026-07-20;VENCIDO;=B18_PM1;ETO4;planned
413208902;47511724756;2026-07-23;2026-07-27;2026-07-27;EARLY;=B18_PM1;ETO4;planned
413208902;47515798879;2026-07-23;2026-07-27;2026-07-27;EARLY;=B18_PM1;ETO4;planned
413208902;47515895583;2026-07-23;2026-07-27;2026-07-27;EARLY;=B18_PM1;ETO4;planned
413208902;47516278969;2026-07-23;2026-07-27;2026-07-27;EARLY;=B18_PM1;ETO4;planned
413208902;47522765505;2026-07-23;2026-07-27;2026-07-27;EARLY;=B18_PM1;ETO4;planned
413208902;47523700584;2026-07-22;2026-07-24;2026-07-24;ON TIME;=B18_PM1;ETO4;planned
413208902;47526178265;2026-07-23;2026-07-27;2026-07-27;EARLY;=B18_PM1;ETO4;planned
413208902;47526438606;2026-07-22;2026-07-26;2026-07-26;EARLY;=B18_PM1;ETO4;planned
413208902;47527742823;2026-07-22;2026-07-27;2026-07-27;EARLY;=B18_PM1;ETO4;planned
413208902;47528226295;2026-07-22;2026-07-24;2026-07-24;ON TIME;=B18_PM1;ETO4;planned
413208902;47528889725;2026-07-22;2026-07-27;2026-07-27;EARLY;=B18_PM1;ETO4;planned
413208902;47530463205;2026-07-19;2026-07-25;2026-07-25;EARLY;=B18_PM1;ETO4;planned
413208902;47530711298;2026-07-23;2026-07-27;2026-07-27;EARLY;=B18_PM1;ETO4;planned
413208902;47531057208;2026-07-21;2026-07-27;2026-07-27;EARLY;=B18_PM1;ETO4;planned
413208902;47531328662;2026-07-23;2026-07-27;2026-07-27;EARLY;=B18_PM1;ETO4;planned
413208902;47534999777;2026-07-23;2026-07-27;2026-07-27;EARLY;=B18_PM1;ETO4;planned
413208902;47539229681;2026-07-23;2026-07-27;2026-07-27;EARLY;=B18_PM1;ETO4;planned
413208902;47539615632;2026-07-23;2026-07-27;2026-07-27;EARLY;=B18_PM1;ETO4;planned
413208902;47540857526;2026-07-24;2026-07-26;2026-07-26;EARLY;=B18_PM1;ETO4;planned
413208902;47541724923;2026-07-23;2026-07-27;2026-07-27;EARLY;=B18_PM1;ETO4;planned
413208902;47541745862;2026-07-23;2026-07-27;2026-07-27;EARLY;=B18_PM1;ETO4;planned
413208902;47544495043;2026-07-23;2026-07-27;2026-07-27;EARLY;=B18_PM1;ETO4;planned
413208902;47547393467;2026-07-23;2026-07-25;2026-07-25;EARLY;=B18_PM1;ETO4;planned
413208902;47548181324;2026-07-25;2026-07-27;2026-07-27;EARLY;=B18_PM1;ETO4;planned
413208902;47548766102;2026-07-26;2026-07-27;2026-07-27;EARLY;=B18_PM1;ETO4;planned
413208902;47549873224;2026-07-24;2026-07-26;2026-07-26;EARLY;=B18_PM1;ETO4;planned
413208902;47549951798;2026-07-26;2026-07-27;2026-07-27;EARLY;=B18_PM1;ETO4;planned
413208902;47550631158;2026-07-24;2026-07-26;2026-07-26;EARLY;=B18_PM1;ETO4;planned
413208902;47550972925;2026-07-24;2026-07-26;2026-07-26;EARLY;=B18_PM1;ETO4;planned
413208902;47552735647;2026-07-24;2026-07-26;2026-07-26;EARLY;=B18_PM1;ETO4;planned
413208902;47552992008;2026-07-26;2026-07-28;2026-07-28;EARLY;=B18_PM1;ETO4;planned
413208902;47553123474;2026-07-24;2026-07-26;2026-07-26;EARLY;=B18_PM1;ETO4;planned
413208902;47553202864;2026-07-24;2026-07-26;2026-07-26;EARLY;=B18_PM1;ETO4;planned
413208902;47553310833;2026-07-24;2026-07-26;2026-07-26;EARLY;=B18_PM1;ETO4;planned
413208902;47553529501;2026-07-25;;2026-07-25;EARLY;=B18_PM1;ETO4;planned
413208902;47554025029;2026-07-24;2026-07-26;2026-07-26;EARLY;=B18_PM1;ETO4;planned
413208902;47554116754;2026-07-24;2026-07-26;2026-07-26;EARLY;=B18_PM1;ETO4;planned
413208902;47554251862;2026-07-25;;2026-07-25;EARLY;=B18_PM1;ETO4;planned
413208902;47554352293;2026-07-25;2026-07-29;2026-07-29;EARLY;=B18_PM1;ETO4;planned
413208902;47554400417;2026-07-25;;2026-07-25;EARLY;=B18_PM1;ETO4;planned
413208902;47556626213;2026-07-24;2026-07-26;2026-07-26;EARLY;=B18_PM1;ETO4;planned
413208902;47557087905;2026-07-25;;2026-07-25;EARLY;=B18_PM1;ETO4;planned
413208902;47557472965;2026-07-23;2026-07-27;2026-07-27;EARLY;=B18_PM1;ETO4;planned
413208902;47557687197;2026-07-25;;2026-07-25;EARLY;=B18_PM1;ETO4;planned
413208902;47557935348;2026-07-25;;2026-07-25;EARLY;=B18_PM1;ETO4;planned
413208902;47558035132;2026-07-24;2026-07-27;2026-07-27;EARLY;=B18_PM1;ETO4;planned
413208902;47558621496;2026-07-23;2026-07-25;2026-07-25;EARLY;=B18_PM1;ETO4;planned
413208902;47558935968;2026-07-23;2026-07-25;2026-07-25;EARLY;=B18_PM1;ETO4;planned
413208902;47559351315;2026-07-25;;2026-07-25;EARLY;=B18_PM1;ETO4;planned
413208902;47559579196;2026-07-25;2026-07-26;2026-07-26;EARLY;=B18_PM1;ETO4;planned
413208902;47559847828;2026-07-25;;2026-07-25;EARLY;=B18_PM1;ETO4;planned
413208902;47560405465;2026-07-24;2026-07-26;2026-07-26;EARLY;=B18_PM1;ETO4;planned
413208902;47560744884;2026-07-25;;2026-07-25;EARLY;=B18_PM1;ETO4;planned
413208902;47562698664;2026-07-25;;2026-07-25;EARLY;=B18_PM1;ETO4;planned
413208902;47562834654;2026-07-24;2026-07-26;2026-07-26;EARLY;=B18_PM1;ETO4;planned
413208902;47566123559;2026-07-25;2026-07-27;2026-07-27;EARLY;=B18_PM1;ETO4;planned
413208902;47566408403;2026-07-24;2026-07-25;2026-07-25;EARLY;=B18_PM1;ETO4;planned
413208902;47566408427;2026-07-24;2026-07-25;2026-07-25;EARLY;=B18_PM1;ETO4;planned
413208902;47566494559;2026-07-24;2026-07-25;2026-07-25;EARLY;=B18_PM1;ETO4;planned
413208902;47568035796;2026-07-24;2026-07-25;2026-07-25;EARLY;=B18_PM1;ETO4;planned
413208902;47568694355;2026-07-24;2026-07-25;2026-07-25;EARLY;=B18_PM1;ETO4;planned
413208902;47569777577;2026-07-24;2026-07-25;2026-07-25;EARLY;=B18_PM1;ETO4;planned
413208902;47570007964;2026-07-24;2026-07-25;2026-07-25;EARLY;=B18_PM1;ETO4;planned
413208902;47570062251;2026-07-24;2026-07-25;2026-07-25;EARLY;=B18_PM1;ETO4;planned
413208902;47570194288;2026-07-24;2026-07-25;2026-07-25;EARLY;=B18_PM1;ETO4;planned
413208902;47570854329;2026-07-24;2026-07-25;2026-07-25;EARLY;=B18_PM1;ETO4;planned
413208902;47572403141;2026-07-25;;2026-07-25;EARLY;=B18_PM1;ETO4;planned
413208902;47572597183;2026-07-25;;2026-07-25;EARLY;=B18_PM1;ETO4;planned
413208902;47573443753;2026-07-25;;2026-07-25;EARLY;=B18_PM1;ETO4;planned
413208902;47573694428;2026-07-25;;2026-07-25;EARLY;=B18_PM1;ETO4;planned
413208902;47574215332;2026-07-25;;2026-07-25;EARLY;=B18_PM1;ETO4;planned
413208902;47574576347;2026-07-25;2026-07-27;2026-07-27;EARLY;=B18_PM1;ETO4;planned
413208902;47574797135;2026-07-25;2026-07-27;2026-07-27;EARLY;=B18_PM1;ETO4;planned
413208902;47574982615;2026-07-25;;2026-07-25;EARLY;=B18_PM1;ETO4;planned
413208902;47575558738;2026-07-25;;2026-07-25;EARLY;=B18_PM1;ETO4;planned
413208902;47576040259;2026-07-25;;2026-07-25;EARLY;=B18_PM1;ETO4;planned
413208902;47577000857;2026-07-25;;2026-07-25;EARLY;=B18_PM1;ETO4;planned
413208902;47577793347;2026-07-25;;2026-07-25;EARLY;=B18_PM1;ETO4;planned
413208902;47577997087;2026-07-25;;2026-07-25;EARLY;=B18_PM1;ETO4;planned
413208902;47578031544;2026-07-25;;2026-07-25;EARLY;=B18_PM1;ETO4;planned
413208902;47578163851;2026-07-25;;2026-07-25;EARLY;=B18_PM1;ETO4;planned
413208902;47578413172;2026-07-25;;2026-07-25;EARLY;=B18_PM1;ETO4;planned
413208902;47579228885;2026-07-25;;2026-07-25;EARLY;=B18_PM1;ETO4;planned
413209035;47465594512;2026-07-15;2026-07-17;2026-07-17;VENCIDO;=B20_PM1;ETO4;planned
413209035;47472492238;2026-07-13;2026-07-15;2026-07-15;VENCIDO;=B20_PM1;ETO4;planned
413209035;47477319840;2026-07-15;2026-07-17;2026-07-17;VENCIDO;=B20_PM1;ETO4;planned
413209035;47486966621;2026-07-16;2026-07-18;2026-07-18;VENCIDO;=B20_PM1;ETO4;planned
413209035;47499539298;2026-07-20;2026-07-22;2026-07-22;VENCIDO;=B20_PM1;ETO4;planned
413209035;47501263756;2026-07-19;2026-07-24;2026-07-24;ON TIME;=B20_PM1;ETO4;planned
413209035;47511998179;2026-07-23;2026-07-29;2026-07-29;EARLY;=B20_PM1;ETO4;planned
413209035;47524298336;2026-07-23;2026-07-27;2026-07-27;EARLY;=B20_PM1;ETO4;planned
413209035;47525857252;2026-07-26;2026-07-31;2026-07-31;EARLY;=B20_PM1;ETO4;planned
413209035;47528433220;2026-07-22;2026-07-27;2026-07-27;EARLY;=B20_PM1;ETO4;planned
413209035;47530317727;2026-07-23;2026-07-26;2026-07-26;EARLY;=B20_PM1;ETO4;planned
413209035;47530990657;2026-07-21;2026-07-27;2026-07-27;EARLY;=B20_PM1;ETO4;planned
413209035;47532402432;2026-07-22;2026-07-24;2026-07-24;ON TIME;=B20_PM1;ETO4;planned
413209035;47534123302;2026-07-24;;2026-07-24;ON TIME;=B20_PM1;ETO4;planned
413209035;47538541473;2026-07-23;2026-07-27;2026-07-27;EARLY;=B20_PM1;ETO4;planned
413209035;47545217410;2026-07-24;2026-07-26;2026-07-26;EARLY;=B20_PM1;ETO4;planned
413209035;47545458882;2026-07-21;2026-07-23;2026-07-23;VENCIDO;=B20_PM1;ETO4;planned
413209035;47548813130;2026-07-23;2026-07-27;2026-07-27;EARLY;=B20_PM1;ETO4;planned
413209035;47548934089;2026-07-24;2026-07-26;2026-07-26;EARLY;=B20_PM1;ETO4;planned
413209035;47551522049;2026-07-25;;2026-07-25;EARLY;=B20_PM1;ETO4;planned
413209035;47551831814;2026-07-24;2026-07-26;2026-07-26;EARLY;=B20_PM1;ETO4;planned
413209035;47552165327;2026-07-25;2026-07-26;2026-07-26;EARLY;=B20_PM1;ETO4;planned
413209035;47552418070;2026-07-24;2026-07-25;2026-07-25;EARLY;=B20_PM1;ETO4;planned
413209035;47552592904;2026-07-24;2026-07-26;2026-07-26;EARLY;=B20_PM1;ETO4;planned
413209035;47552829458;2026-07-24;2026-07-26;2026-07-26;EARLY;=B20_PM1;ETO4;planned
413209035;47553769229;2026-07-24;2026-07-27;2026-07-27;EARLY;=B20_PM1;ETO4;planned
413209035;47554416181;2026-07-24;2026-07-27;2026-07-27;EARLY;=B20_PM1;ETO4;planned
413209035;47554503604;2026-07-25;;2026-07-25;EARLY;=B20_PM1;ETO4;planned
413209035;47554733454;2026-07-25;2026-07-27;2026-07-27;EARLY;=B20_PM1;ETO4;planned
413209035;47554915230;2026-07-25;2026-07-27;2026-07-27;EARLY;=B20_PM1;ETO4;planned
413209035;47555329819;2026-07-24;2026-07-26;2026-07-26;EARLY;=B20_PM1;ETO4;planned
413209035;47555510726;2026-07-25;;2026-07-25;EARLY;=B20_PM1;ETO4;planned
413209035;47556192242;2026-07-25;2026-07-27;2026-07-27;EARLY;=B20_PM1;ETO4;planned
413209035;47557052583;2026-07-25;;2026-07-25;EARLY;=B20_PM1;ETO4;planned
413209035;47557408555;2026-07-25;;2026-07-25;EARLY;=B20_PM1;ETO4;planned
413209035;47557661524;2026-07-25;;2026-07-25;EARLY;=B20_PM1;ETO4;planned
413209035;47558398790;2026-07-24;2026-07-25;2026-07-25;EARLY;=B20_PM1;ETO4;planned
413209035;47559781694;2026-07-25;2026-07-27;2026-07-27;EARLY;=B20_PM1;ETO4;planned
413209035;47559788408;2026-07-25;;2026-07-25;EARLY;=B20_PM1;ETO4;planned
413209035;47561009588;2026-07-25;;2026-07-25;EARLY;=B20_PM1;ETO4;planned
413209035;47562087291;2026-07-25;;2026-07-25;EARLY;=B20_PM1;ETO4;planned
413209035;47563162341;2026-07-24;2026-07-26;2026-07-26;EARLY;=B20_PM1;ETO4;planned
413209035;47564800488;2026-07-25;;2026-07-25;EARLY;=B20_PM1;ETO4;planned
413209035;47564829676;2026-07-24;2026-07-26;2026-07-26;EARLY;=B20_PM1;ETO4;planned
413209035;47566460395;2026-07-24;2026-07-25;2026-07-25;EARLY;=B20_PM1;ETO4;planned
413209035;47566668324;2026-07-24;2026-07-26;2026-07-26;EARLY;=B20_PM1;ETO4;planned
413209035;47567945890;2026-07-24;2026-07-25;2026-07-25;EARLY;=B20_PM1;ETO4;planned
413209035;47568338016;2026-07-25;;2026-07-25;EARLY;=B20_PM1;ETO4;planned
413209035;47568683661;2026-07-24;2026-07-25;2026-07-25;EARLY;=B20_PM1;ETO4;planned
413209035;47569059356;2026-07-25;;2026-07-25;EARLY;=B20_PM1;ETO4;planned
413209035;47569930958;2026-07-25;;2026-07-25;EARLY;=B20_PM1;ETO4;planned
413209035;47570711250;2026-07-24;;2026-07-24;ON TIME;=B20_PM1;ETO4;planned
413209035;47570931682;2026-07-24;2026-07-25;2026-07-25;EARLY;=B20_PM1;ETO4;planned
413209035;47571571113;2026-07-26;2026-07-27;2026-07-27;EARLY;=B20_PM1;ETO4;planned
413209035;47572513146;2026-07-25;2026-07-27;2026-07-27;EARLY;=B20_PM1;ETO4;planned
413209035;47572804592;2026-07-25;;2026-07-25;EARLY;=B20_PM1;ETO4;planned
413209035;47572909748;2026-07-24;2026-07-26;2026-07-26;EARLY;=B20_PM1;ETO4;planned
413209035;47573948384;2026-07-25;;2026-07-25;EARLY;=B20_PM1;ETO4;planned
413209035;47573953246;2026-07-25;;2026-07-25;EARLY;=B20_PM1;ETO4;planned
413209035;47574169439;2026-07-25;;2026-07-25;EARLY;=B20_PM1;ETO4;planned
413209035;47574169629;2026-07-25;;2026-07-25;EARLY;=B20_PM1;ETO4;planned
413209035;47574980482;2026-07-25;;2026-07-25;EARLY;=B20_PM1;ETO4;planned
413209035;47575710230;2026-07-25;2026-07-27;2026-07-27;EARLY;=B20_PM1;ETO4;planned
413209035;47576539534;2026-07-25;2026-07-27;2026-07-27;EARLY;=B20_PM1;ETO4;planned
413209035;47577692562;2026-07-25;;2026-07-25;EARLY;=B20_PM1;ETO4;planned
413209035;47578967680;2026-07-25;;2026-07-25;EARLY;=B20_PM1;ETO4;planned
413209035;47579559712;2026-07-25;;2026-07-25;EARLY;=B20_PM1;ETO4;planned
413210330;47461262323;2026-07-13;2026-07-15;2026-07-15;VENCIDO;=B12_PM1;ETO4;planned
413210330;47501725286;2026-07-18;2026-07-20;2026-07-20;VENCIDO;=B12_PM1;ETO4;planned
413210330;47526452240;2026-07-22;2026-07-24;2026-07-24;ON TIME;=B12_PM1;ETO4;planned
413210330;47529628756;2026-07-23;2026-07-27;2026-07-27;EARLY;=B12_PM1;ETO4;planned
413210330;47534056345;2026-07-19;2026-07-25;2026-07-25;EARLY;=B12_PM1;ETO4;planned
413210330;47535373382;2026-07-24;2026-07-26;2026-07-26;EARLY;=B12_PM1;ETO4;planned
413210330;47537033321;2026-07-22;2026-07-28;2026-07-28;EARLY;=B12_PM1;ETO4;planned
413210330;47537411101;2026-07-22;2026-07-26;2026-07-26;EARLY;=B12_PM1;ETO4;planned
413210330;47537627989;2026-07-22;2026-07-28;2026-07-28;EARLY;=B12_PM1;ETO4;planned
413210330;47538532337;2026-07-23;2026-07-27;2026-07-27;EARLY;=B12_PM1;ETO4;planned
413210330;47538837922;2026-07-22;2026-07-28;2026-07-28;EARLY;=B12_PM1;ETO4;planned
413210330;47538838148;2026-07-23;2026-07-27;2026-07-27;EARLY;=B12_PM1;ETO4;planned
413210330;47539553579;2026-07-23;2026-07-27;2026-07-27;EARLY;=B12_PM1;ETO4;planned
413210330;47540649860;2026-07-23;2026-07-27;2026-07-27;EARLY;=B12_PM1;ETO4;planned
413210330;47540832606;2026-07-23;2026-07-27;2026-07-27;EARLY;=B12_PM1;ETO4;planned
413210330;47541096471;2026-07-23;2026-07-27;2026-07-27;EARLY;=B12_PM1;ETO4;planned
413210330;47541096503;2026-07-23;2026-07-27;2026-07-27;EARLY;=B12_PM1;ETO4;planned
413210330;47542336927;2026-07-23;2026-07-27;2026-07-27;EARLY;=B12_PM1;ETO4;planned
413210330;47543823353;2026-07-25;2026-07-27;2026-07-27;EARLY;=B12_PM1;ETO4;planned
413210330;47544909453;2026-07-23;2026-07-27;2026-07-27;EARLY;=B12_PM1;ETO4;planned
413210330;47545793064;2026-07-25;;2026-07-25;EARLY;=B12_PM1;ETO4;planned
413210330;47546187875;2026-07-24;2026-07-26;2026-07-26;EARLY;=B12_PM1;ETO4;planned
413210330;47547007603;2026-07-26;2026-07-28;2026-07-28;EARLY;=B12_PM1;ETO4;planned
413210330;47547829986;2026-07-24;2026-07-27;2026-07-27;EARLY;=B12_PM1;ETO4;planned
413210330;47548304500;2026-07-23;2026-07-25;2026-07-25;EARLY;=B12_PM1;ETO4;planned
413210330;47548506800;2026-07-25;2026-07-27;2026-07-27;EARLY;=B12_PM1;ETO4;planned
413210330;47548647967;2026-07-24;2026-07-26;2026-07-26;EARLY;=B12_PM1;ETO4;planned
413210330;47549279959;2026-07-23;2026-07-25;2026-07-25;EARLY;=B12_PM1;ETO4;planned
413210330;47550443147;2026-07-24;2026-07-26;2026-07-26;EARLY;=B12_PM1;ETO4;planned
413210330;47551227400;2026-07-23;2026-07-25;2026-07-25;EARLY;=B12_PM1;ETO4;planned
413210330;47551846127;2026-07-24;;2026-07-24;ON TIME;=B12_PM1;ETO4;planned
413210330;47553679114;2026-07-25;;2026-07-25;EARLY;=B12_PM1;ETO4;planned
413210330;47553764115;2026-07-25;2026-07-29;2026-07-29;EARLY;=B12_PM1;ETO4;planned
413210330;47555562762;2026-07-24;2026-07-27;2026-07-27;EARLY;=B12_PM1;ETO4;planned
413210330;47555689235;2026-07-24;2026-07-25;2026-07-25;EARLY;=B12_PM1;ETO4;planned
413210330;47557096588;2026-07-24;2026-07-27;2026-07-27;EARLY;=B12_PM1;ETO4;planned
413210330;47558304595;2026-07-24;2026-07-26;2026-07-26;EARLY;=B12_PM1;ETO4;planned
413210330;47558513654;2026-07-25;2026-07-27;2026-07-27;EARLY;=B12_PM1;ETO4;planned
413210330;47558667060;2026-07-25;2026-07-26;2026-07-26;EARLY;=B12_PM1;ETO4;planned
413210330;47558957058;2026-07-25;;2026-07-25;EARLY;=B12_PM1;ETO4;planned
413210330;47559397484;2026-07-25;2026-07-26;2026-07-26;EARLY;=B12_PM1;ETO4;planned
413210330;47560095614;2026-07-23;2026-07-25;2026-07-25;EARLY;=B12_PM1;ETO4;planned
413210330;47560874221;2026-07-25;2026-07-27;2026-07-27;EARLY;=B12_PM1;ETO4;planned
413210330;47560902948;2026-07-25;;2026-07-25;EARLY;=B12_PM1;ETO4;planned
413210330;47560911873;2026-07-25;2026-07-27;2026-07-27;EARLY;=B12_PM1;ETO4;planned
413210330;47562037359;2026-07-24;2026-07-26;2026-07-26;EARLY;=B12_PM1;ETO4;planned
413210330;47562195113;2026-07-25;2026-07-27;2026-07-27;EARLY;=B12_PM1;ETO4;planned
413210330;47562894939;2026-07-24;2026-07-26;2026-07-26;EARLY;=B12_PM1;ETO4;planned
413210330;47564655838;2026-07-23;2026-07-24;2026-07-24;ON TIME;=B12_PM1;ETO4;planned
413210330;47565408862;2026-07-25;2026-07-27;2026-07-27;EARLY;=B12_PM1;ETO4;planned
413210330;47566040814;2026-07-25;;2026-07-25;EARLY;=B12_PM1;ETO4;planned
413210330;47566176137;2026-07-25;;2026-07-25;EARLY;=B12_PM1;ETO4;planned
413210330;47566198288;2026-07-24;2026-07-25;2026-07-25;EARLY;=B12_PM1;ETO4;planned
413210330;47567584491;2026-07-26;2026-07-27;2026-07-27;EARLY;=B12_PM1;ETO4;planned
413210330;47568350499;2026-07-24;2026-07-25;2026-07-25;EARLY;=B12_PM1;ETO4;planned
413210330;47568588752;2026-07-25;;2026-07-25;EARLY;=B12_PM1;ETO4;planned
413210330;47570788094;2026-07-25;;2026-07-25;EARLY;=B12_PM1;ETO4;planned
413210330;47572688132;2026-07-25;;2026-07-25;EARLY;=B12_PM1;ETO4;planned
413210330;47572688154;2026-07-25;;2026-07-25;EARLY;=B12_PM1;ETO4;planned
413210330;47573048202;2026-07-25;;2026-07-25;EARLY;=B12_PM1;ETO4;planned
413210330;47573221093;2026-07-24;2026-07-26;2026-07-26;EARLY;=B12_PM1;ETO4;planned
413210330;47573252276;2026-07-25;2026-07-27;2026-07-27;EARLY;=B12_PM1;ETO4;planned
413210330;47573679858;2026-07-25;;2026-07-25;EARLY;=B12_PM1;ETO4;planned
413210330;47573680060;2026-07-25;;2026-07-25;EARLY;=B12_PM1;ETO4;planned
413210330;47573985533;2026-07-25;;2026-07-25;EARLY;=B12_PM1;ETO4;planned
413210330;47574365403;2026-07-25;;2026-07-25;EARLY;=B12_PM1;ETO4;planned
413210330;47574789824;2026-07-25;;2026-07-25;EARLY;=B12_PM1;ETO4;planned
413210330;47574802382;2026-07-25;2026-07-27;2026-07-27;EARLY;=B12_PM1;ETO4;planned
413210330;47575075081;2026-07-25;;2026-07-25;EARLY;=B12_PM1;ETO4;planned
413210330;47575194228;2026-07-25;2026-07-27;2026-07-27;EARLY;=B12_PM1;ETO4;planned
413210330;47575259124;2026-07-25;2026-07-27;2026-07-27;EARLY;=B12_PM1;ETO4;planned
413210330;47575308737;2026-07-25;;2026-07-25;EARLY;=B12_PM1;ETO4;planned
413210330;47575530407;2026-07-25;;2026-07-25;EARLY;=B12_PM1;ETO4;planned
413210330;47575664672;2026-07-25;2026-07-27;2026-07-27;EARLY;=B12_PM1;ETO4;planned
413210330;47575681072;2026-07-25;2026-07-27;2026-07-27;EARLY;=B12_PM1;ETO4;planned
413210330;47575813478;2026-07-25;2026-07-27;2026-07-27;EARLY;=B12_PM1;ETO4;planned
413210330;47575911783;2026-07-25;;2026-07-25;EARLY;=B12_PM1;ETO4;planned
413210330;47575960493;2026-07-25;;2026-07-25;EARLY;=B12_PM1;ETO4;planned
413210330;47576203831;2026-07-25;;2026-07-25;EARLY;=B12_PM1;ETO4;planned
413210330;47576852336;2026-07-25;;2026-07-25;EARLY;=B12_PM1;ETO4;planned
413210330;47577419237;2026-07-25;;2026-07-25;EARLY;=B12_PM1;ETO4;planned
413210330;47577618622;2026-07-25;;2026-07-25;EARLY;=B12_PM1;ETO4;planned
413210330;47577894243;2026-07-25;;2026-07-25;EARLY;=B12_PM1;ETO4;planned
413210330;47578846923;2026-07-25;;2026-07-25;EARLY;=B12_PM1;ETO4;planned
413210330;47579198405;2026-07-25;;2026-07-25;EARLY;=B12_PM1;ETO4;planned
413210330;47579436462;2026-07-25;;2026-07-25;EARLY;=B12_PM1;ETO4;planned
413210330;47579521403;2026-07-25;;2026-07-25;EARLY;=B12_PM1;ETO4;planned
413210330;47579973187;2026-07-25;;2026-07-25;EARLY;=B12_PM1;ETO4;planned
413210456;47400440921;2026-07-23;2026-07-27;2026-07-27;EARLY;=B14_PM1;ETO4;planned
413210456;47474823324;2026-07-21;2026-07-27;2026-07-27;EARLY;=B14_PM1;ETO4;planned
413210456;47493804709;2026-07-17;2026-07-23;2026-07-23;VENCIDO;=B14_PM1;ETO4;planned
413210456;47500565252;2026-07-27;2026-07-29;2026-07-29;EARLY;=B14_PM1;ETO4;planned
413210456;47513669813;2026-07-19;2026-07-21;2026-07-21;VENCIDO;=B14_PM1;ETO4;planned
413210456;47517817671;2026-07-23;2026-07-27;2026-07-27;EARLY;=B14_PM1;ETO4;planned
413210456;47524107715;2026-07-23;2026-07-27;2026-07-27;EARLY;=B14_PM1;ETO4;planned
413210456;47528402671;2026-07-22;2026-07-27;2026-07-27;EARLY;=B14_PM1;ETO4;planned
413210456;47528905583;2026-07-22;2026-07-27;2026-07-27;EARLY;=B14_PM1;ETO4;planned
413210456;47529437126;2026-07-21;2026-07-25;2026-07-25;EARLY;=B14_PM1;ETO4;planned
413210456;47534303022;2026-07-23;2026-07-27;2026-07-27;EARLY;=B14_PM1;ETO4;planned
413210456;47534303046;2026-07-23;2026-07-27;2026-07-27;EARLY;=B14_PM1;ETO4;planned
413210456;47535702720;2026-07-24;2026-07-27;2026-07-27;EARLY;=B14_PM1;ETO4;planned
413210456;47537300016;2026-07-23;2026-07-27;2026-07-27;EARLY;=B14_PM1;ETO4;planned
413210456;47537389835;2026-07-21;2026-07-22;2026-07-22;VENCIDO;=B14_PM1;ETO4;planned
413210456;47537926481;2026-07-22;2026-07-26;2026-07-26;EARLY;=B14_PM1;ETO4;planned
413210456;47539050481;2026-07-23;2026-07-27;2026-07-27;EARLY;=B14_PM1;ETO4;planned
413210456;47543124749;2026-07-23;2026-07-27;2026-07-27;EARLY;=B14_PM1;ETO4;planned
413210456;47544729825;2026-07-23;2026-07-28;2026-07-28;EARLY;=B14_PM1;ETO4;planned
413210456;47545213579;2026-07-23;2026-07-28;2026-07-28;EARLY;=B14_PM1;ETO4;planned
413210456;47545273561;2026-07-23;2026-07-27;2026-07-27;EARLY;=B14_PM1;ETO4;planned
413210456;47545779233;2026-07-26;2026-07-28;2026-07-28;EARLY;=B14_PM1;ETO4;planned
413210456;47547688566;2026-07-24;2026-07-26;2026-07-26;EARLY;=B14_PM1;ETO4;planned
413210456;47549304932;2026-07-24;;2026-07-24;ON TIME;=B14_PM1;ETO4;planned
413210456;47550325299;2026-07-24;2026-07-25;2026-07-25;EARLY;=B14_PM1;ETO4;planned
413210456;47551638766;2026-07-24;2026-07-26;2026-07-26;EARLY;=B14_PM1;ETO4;planned
413210456;47552691837;2026-07-24;2026-07-26;2026-07-26;EARLY;=B14_PM1;ETO4;planned
413210456;47552701631;2026-07-23;2026-07-25;2026-07-25;EARLY;=B14_PM1;ETO4;planned
413210456;47553020023;2026-07-24;2026-07-27;2026-07-27;EARLY;=B14_PM1;ETO4;planned
413210456;47553615142;2026-07-24;2026-07-27;2026-07-27;EARLY;=B14_PM1;ETO4;planned
413210456;47553717109;2026-07-26;2026-07-28;2026-07-28;EARLY;=B14_PM1;ETO4;planned
413210456;47553969756;2026-07-25;;2026-07-25;EARLY;=B14_PM1;ETO4;planned
413210456;47553994974;2026-07-25;2026-07-27;2026-07-27;EARLY;=B14_PM1;ETO4;planned
413210456;47554015251;2026-07-26;2026-07-30;2026-07-30;EARLY;=B14_PM1;ETO4;planned
413210456;47554105623;2026-07-25;;2026-07-25;EARLY;=B14_PM1;ETO4;planned
413210456;47554358224;2026-07-25;;2026-07-25;EARLY;=B14_PM1;ETO4;planned
413210456;47554358270;2026-07-25;;2026-07-25;EARLY;=B14_PM1;ETO4;planned
413210456;47554358292;2026-07-25;;2026-07-25;EARLY;=B14_PM1;ETO4;planned
413210456;47555434445;2026-07-25;;2026-07-25;EARLY;=B14_PM1;ETO4;planned
413210456;47555439943;2026-07-25;;2026-07-25;EARLY;=B14_PM1;ETO4;planned
413210456;47555628372;2026-07-25;;2026-07-25;EARLY;=B14_PM1;ETO4;planned
413210456;47555824118;2026-07-25;;2026-07-25;EARLY;=B14_PM1;ETO4;planned
413210456;47556429675;2026-07-23;2026-07-25;2026-07-25;EARLY;=B14_PM1;ETO4;planned
413210456;47556878931;2026-07-25;;2026-07-25;EARLY;=B14_PM1;ETO4;planned
413210456;47556878951;2026-07-25;;2026-07-25;EARLY;=B14_PM1;ETO4;planned
413210456;47557002705;2026-07-23;2026-07-25;2026-07-25;EARLY;=B14_PM1;ETO4;planned
413210456;47557464884;2026-07-25;2026-07-27;2026-07-27;EARLY;=B14_PM1;ETO4;planned
413210456;47558632468;2026-07-25;;2026-07-25;EARLY;=B14_PM1;ETO4;planned
413210456;47558972428;2026-07-24;2026-07-26;2026-07-26;EARLY;=B14_PM1;ETO4;planned
413210456;47559599426;2026-07-25;2026-07-26;2026-07-26;EARLY;=B14_PM1;ETO4;planned
413210456;47559611368;2026-07-23;2026-07-25;2026-07-25;EARLY;=B14_PM1;ETO4;planned
413210456;47559813772;2026-07-24;2026-07-26;2026-07-26;EARLY;=B14_PM1;ETO4;planned
413210456;47560272052;2026-07-24;2026-07-26;2026-07-26;EARLY;=B14_PM1;ETO4;planned
413210456;47560903347;2026-07-24;2026-07-26;2026-07-26;EARLY;=B14_PM1;ETO4;planned
413210456;47562242204;2026-07-24;2026-07-26;2026-07-26;EARLY;=B14_PM1;ETO4;planned
413210456;47562488868;2026-07-25;;2026-07-25;EARLY;=B14_PM1;ETO4;planned
413210456;47562917941;2026-07-25;;2026-07-25;EARLY;=B14_PM1;ETO4;planned
413210456;47566347564;2026-07-26;2026-07-27;2026-07-27;EARLY;=B14_PM1;ETO4;planned
413210456;47567054941;2026-07-24;2026-07-25;2026-07-25;EARLY;=B14_PM1;ETO4;planned
413210456;47567108018;2026-07-25;;2026-07-25;EARLY;=B14_PM1;ETO4;planned
413210456;47567367060;2026-07-26;2026-07-27;2026-07-27;EARLY;=B14_PM1;ETO4;planned
413210456;47567889465;2026-07-25;;2026-07-25;EARLY;=B14_PM1;ETO4;planned
413210456;47567889491;2026-07-25;;2026-07-25;EARLY;=B14_PM1;ETO4;planned
413210456;47569841947;2026-07-25;;2026-07-25;EARLY;=B14_PM1;ETO4;planned
413210456;47571430295;2026-07-24;2026-07-26;2026-07-26;EARLY;=B14_PM1;ETO4;planned
413210456;47571679848;2026-07-24;2026-07-26;2026-07-26;EARLY;=B14_PM1;ETO4;planned
413210456;47572025817;2026-07-25;;2026-07-25;EARLY;=B14_PM1;ETO4;planned
413210456;47572275578;2026-07-25;;2026-07-25;EARLY;=B14_PM1;ETO4;planned
413210456;47572379161;2026-07-24;2026-07-26;2026-07-26;EARLY;=B14_PM1;ETO4;planned
413210456;47572529725;2026-07-25;;2026-07-25;EARLY;=B14_PM1;ETO4;planned
413210456;47572905878;2026-07-24;2026-07-26;2026-07-26;EARLY;=B14_PM1;ETO4;planned
413210456;47573094987;2026-07-25;;2026-07-25;EARLY;=B14_PM1;ETO4;planned
413210456;47573345020;2026-07-25;;2026-07-25;EARLY;=B14_PM1;ETO4;planned
413210456;47573632153;2026-07-25;;2026-07-25;EARLY;=B14_PM1;ETO4;planned
413210456;47574431997;2026-07-29;2026-08-02;2026-08-02;EARLY;=B14_PM1;ETO4;planned
413210456;47574638841;2026-07-25;;2026-07-25;EARLY;=B14_PM1;ETO4;planned
413210456;47574638891;2026-07-25;;2026-07-25;EARLY;=B14_PM1;ETO4;planned
413210456;47574638927;2026-07-25;;2026-07-25;EARLY;=B14_PM1;ETO4;planned
413210456;47574709106;2026-07-25;2026-07-27;2026-07-27;EARLY;=B14_PM1;ETO4;planned
413210456;47575172532;2026-07-25;;2026-07-25;EARLY;=B14_PM1;ETO4;planned
413210456;47575595958;2026-07-25;;2026-07-25;EARLY;=B14_PM1;ETO4;planned
413210456;47576547121;2026-07-25;;2026-07-25;EARLY;=B14_PM1;ETO4;planned
413210456;47576966974;2026-07-25;;2026-07-25;EARLY;=B14_PM1;ETO4;planned
413210456;47577425077;2026-07-25;;2026-07-25;EARLY;=B14_PM1;ETO4;planned
413210456;47578048426;2026-07-25;;2026-07-25;EARLY;=B14_PM1;ETO4;planned
413210456;47578684175;2026-07-25;;2026-07-25;EARLY;=B14_PM1;ETO4;planned
413210456;47578757943;2026-07-25;;2026-07-25;EARLY;=B14_PM1;ETO4;planned
413210456;47579030704;2026-07-25;;2026-07-25;EARLY;=B14_PM1;ETO4;planned
413210456;47579065950;2026-07-25;;2026-07-25;EARLY;=B14_PM1;ETO4;planned
413211086;47506519139;2026-07-23;2026-07-27;2026-07-27;EARLY;=B19_PM1;ETO4;planned
413211086;47517405824;2026-07-23;2026-07-27;2026-07-27;EARLY;=B19_PM1;ETO4;planned
413211086;47527044818;2026-07-22;2026-07-27;2026-07-27;EARLY;=B19_PM1;ETO4;planned
413211086;47527202873;2026-07-23;2026-07-27;2026-07-27;EARLY;=B19_PM1;ETO4;planned
413211086;47527302639;2026-07-23;2026-07-27;2026-07-27;EARLY;=B19_PM1;ETO4;planned
413211086;47527433611;2026-07-23;2026-07-27;2026-07-27;EARLY;=B19_PM1;ETO4;planned
413211086;47531032554;2026-07-22;2026-07-27;2026-07-27;EARLY;=B19_PM1;ETO4;planned
413211086;47531175755;2026-07-22;2026-07-26;2026-07-26;EARLY;=B19_PM1;ETO4;planned
413211086;47532717477;2026-07-22;2026-07-26;2026-07-26;EARLY;=B19_PM1;ETO4;planned
413211086;47534779202;2026-07-22;2026-07-26;2026-07-26;EARLY;=B19_PM1;ETO4;planned
413211086;47534989050;2026-07-23;2026-07-27;2026-07-27;EARLY;=B19_PM1;ETO4;planned
413211086;47537194506;2026-07-22;2026-07-26;2026-07-26;EARLY;=B19_PM1;ETO4;planned
413211086;47537588024;2026-07-22;2026-07-26;2026-07-26;EARLY;=B19_PM1;ETO4;planned
413211086;47537588328;2026-07-23;2026-07-27;2026-07-27;EARLY;=B19_PM1;ETO4;planned
413211086;47538811035;2026-07-23;2026-07-27;2026-07-27;EARLY;=B19_PM1;ETO4;planned
413211086;47539414095;2026-07-23;2026-07-27;2026-07-27;EARLY;=B19_PM1;ETO4;planned
413211086;47540961031;2026-07-23;2026-07-26;2026-07-26;EARLY;=B19_PM1;ETO4;planned
413211086;47541400493;2026-07-23;2026-07-27;2026-07-27;EARLY;=B19_PM1;ETO4;planned
413211086;47541905856;2026-07-23;2026-07-27;2026-07-27;EARLY;=B19_PM1;ETO4;planned
413211086;47543278315;2026-07-24;2026-07-27;2026-07-27;EARLY;=B19_PM1;ETO4;planned
413211086;47545680072;2026-07-23;2026-07-27;2026-07-27;EARLY;=B19_PM1;ETO4;planned
413211086;47545855426;2026-07-25;2026-07-27;2026-07-27;EARLY;=B19_PM1;ETO4;planned
413211086;47546173299;2026-07-23;2026-07-27;2026-07-27;EARLY;=B19_PM1;ETO4;planned
413211086;47546763764;2026-07-24;2026-07-26;2026-07-26;EARLY;=B19_PM1;ETO4;planned
413211086;47546878411;2026-07-23;2026-07-27;2026-07-27;EARLY;=B19_PM1;ETO4;planned
413211086;47547097542;2026-07-23;2026-07-27;2026-07-27;EARLY;=B19_PM1;ETO4;planned
413211086;47547123850;2026-07-24;2026-07-26;2026-07-26;EARLY;=B19_PM1;ETO4;planned
413211086;47547960014;2026-07-26;2026-07-28;2026-07-28;EARLY;=B19_PM1;ETO4;planned
413211086;47548277941;2026-07-24;2026-07-26;2026-07-26;EARLY;=B19_PM1;ETO4;planned
413211086;47548895718;2026-07-23;2026-07-27;2026-07-27;EARLY;=B19_PM1;ETO4;planned
413211086;47549563813;2026-07-24;2026-07-26;2026-07-26;EARLY;=B19_PM1;ETO4;planned
413211086;47550756924;2026-07-23;2026-07-25;2026-07-25;EARLY;=B19_PM1;ETO4;planned
413211086;47551543694;2026-07-25;2026-07-27;2026-07-27;EARLY;=B19_PM1;ETO4;planned
413211086;47552619670;2026-07-25;2026-07-29;2026-07-29;EARLY;=B19_PM1;ETO4;planned
413211086;47553538821;2026-07-25;2026-07-29;2026-07-29;EARLY;=B19_PM1;ETO4;planned
413211086;47554828878;2026-07-24;2026-07-26;2026-07-26;EARLY;=B19_PM1;ETO4;planned
413211086;47555153289;2026-07-23;2026-07-27;2026-07-27;EARLY;=B19_PM1;ETO4;planned
413211086;47555329790;2026-07-23;2026-07-27;2026-07-27;EARLY;=B19_PM1;ETO4;planned
413211086;47555695335;2026-07-24;2026-07-27;2026-07-27;EARLY;=B19_PM1;ETO4;planned
413211086;47555780746;2026-07-25;2026-07-29;2026-07-29;EARLY;=B19_PM1;ETO4;planned
413211086;47556131021;2026-07-24;2026-07-26;2026-07-26;EARLY;=B19_PM1;ETO4;planned
413211086;47556590185;2026-07-25;2026-07-29;2026-07-29;EARLY;=B19_PM1;ETO4;planned
413211086;47556888817;2026-07-25;;2026-07-25;EARLY;=B19_PM1;ETO4;planned
413211086;47557100527;2026-07-24;2026-07-26;2026-07-26;EARLY;=B19_PM1;ETO4;planned
413211086;47557270087;2026-07-25;;2026-07-25;EARLY;=B19_PM1;ETO4;planned
413211086;47557881443;2026-07-25;2026-07-26;2026-07-26;EARLY;=B19_PM1;ETO4;planned
413211086;47558761319;2026-07-24;2026-07-26;2026-07-26;EARLY;=B19_PM1;ETO4;planned
413211086;47558870610;2026-07-25;;2026-07-25;EARLY;=B19_PM1;ETO4;planned
413211086;47558895429;2026-07-25;;2026-07-25;EARLY;=B19_PM1;ETO4;planned
413211086;47560293938;2026-07-25;;2026-07-25;EARLY;=B19_PM1;ETO4;planned
413211086;47560702172;2026-07-24;2026-07-26;2026-07-26;EARLY;=B19_PM1;ETO4;planned
413211086;47565438548;2026-07-25;;2026-07-25;EARLY;=B19_PM1;ETO4;planned
413211086;47565538980;2026-07-24;2026-07-26;2026-07-26;EARLY;=B19_PM1;ETO4;planned
413211086;47565908924;2026-07-24;2026-07-25;2026-07-25;EARLY;=B19_PM1;ETO4;planned
413211086;47566746652;2026-07-24;2026-07-25;2026-07-25;EARLY;=B19_PM1;ETO4;planned
413211086;47568501928;2026-07-24;2026-07-25;2026-07-25;EARLY;=B19_PM1;ETO4;planned
413211086;47568982791;2026-07-24;2026-07-26;2026-07-26;EARLY;=B19_PM1;ETO4;planned
413211086;47569083108;2026-07-24;2026-07-25;2026-07-25;EARLY;=B19_PM1;ETO4;planned
413211086;47569640512;2026-07-24;2026-07-25;2026-07-25;EARLY;=B19_PM1;ETO4;planned
413211086;47571332719;2026-07-24;2026-07-25;2026-07-25;EARLY;=B19_PM1;ETO4;planned
413211086;47571464282;2026-07-25;;2026-07-25;EARLY;=B19_PM1;ETO4;planned
413211086;47571464444;2026-07-25;;2026-07-25;EARLY;=B19_PM1;ETO4;planned
413211086;47571464458;2026-07-25;;2026-07-25;EARLY;=B19_PM1;ETO4;planned
413211086;47572160929;2026-07-24;2026-07-26;2026-07-26;EARLY;=B19_PM1;ETO4;planned
413211086;47572830833;2026-07-25;;2026-07-25;EARLY;=B19_PM1;ETO4;planned
413211086;47573144798;2026-07-25;;2026-07-25;EARLY;=B19_PM1;ETO4;planned
413211086;47573190956;2026-07-25;;2026-07-25;EARLY;=B19_PM1;ETO4;planned
413211086;47573194414;2026-07-24;2026-07-26;2026-07-26;EARLY;=B19_PM1;ETO4;planned
413211086;47573226394;2026-07-25;;2026-07-25;EARLY;=B19_PM1;ETO4;planned
413211086;47573357708;2026-07-26;2026-07-28;2026-07-28;EARLY;=B19_PM1;ETO4;planned
413211086;47573842749;2026-07-25;;2026-07-25;EARLY;=B19_PM1;ETO4;planned
413211086;47575118259;2026-07-25;;2026-07-25;EARLY;=B19_PM1;ETO4;planned
413211086;47576916831;2026-07-25;;2026-07-25;EARLY;=B19_PM1;ETO4;planned
413211086;47577738057;2026-07-25;;2026-07-25;EARLY;=B19_PM1;ETO4;planned
413211086;47578083240;2026-07-25;;2026-07-25;EARLY;=B19_PM1;ETO4;planned
413211086;47578119038;2026-07-25;;2026-07-25;EARLY;=B19_PM1;ETO4;planned
413211086;47578477845;2026-07-25;;2026-07-25;EARLY;=B19_PM1;ETO4;planned
413211086;47579458790;2026-07-25;;2026-07-25;EARLY;=B19_PM1;ETO4;planned
413211086;47579659462;2026-07-25;;2026-07-25;EARLY;=B19_PM1;ETO4;planned
413211086;47580343729;2026-07-25;;2026-07-25;EARLY;=B19_PM1;ETO4;planned
413211086;47580401023;;;;;=B19_PM1;ETO4;planned
413211086;47580682019;2026-07-25;;2026-07-25;EARLY;=B19_PM1;ETO4;planned
413211387;47508346714;2026-07-23;2026-07-27;2026-07-27;EARLY;=B10_PM1;ETO4;planned
413211387;47526748507;2026-07-23;2026-07-27;2026-07-27;EARLY;=B10_PM1;ETO4;planned
413211387;47530475538;2026-07-22;2026-07-27;2026-07-27;EARLY;=B10_PM1;ETO4;planned
413211387;47531045551;2026-07-23;2026-07-27;2026-07-27;EARLY;=B10_PM1;ETO4;planned
413211387;47533882274;2026-07-21;;2026-07-21;VENCIDO;=B10_PM1;ETO4;planned
413211387;47535175366;2026-07-22;2026-07-28;2026-07-28;EARLY;=B10_PM1;ETO4;planned
413211387;47535751780;2026-07-23;2026-07-27;2026-07-27;EARLY;=B10_PM1;ETO4;planned
413211387;47537407441;2026-07-23;2026-07-27;2026-07-27;EARLY;=B10_PM1;ETO4;planned
413211387;47539146803;2026-07-23;2026-07-27;2026-07-27;EARLY;=B10_PM1;ETO4;planned
413211387;47540536694;2026-07-23;2026-07-27;2026-07-27;EARLY;=B10_PM1;ETO4;planned
413211387;47542761381;2026-07-23;2026-07-27;2026-07-27;EARLY;=B10_PM1;ETO4;planned
413211387;47544916774;2026-07-25;2026-07-27;2026-07-27;EARLY;=B10_PM1;ETO4;planned
413211387;47545160256;2026-07-23;2026-07-27;2026-07-27;EARLY;=B10_PM1;ETO4;planned
413211387;47545225248;2026-07-25;2026-07-27;2026-07-27;EARLY;=B10_PM1;ETO4;planned
413211387;47545678917;2026-07-26;2026-07-28;2026-07-28;EARLY;=B10_PM1;ETO4;planned
413211387;47547401937;2026-07-24;2026-07-25;2026-07-25;EARLY;=B10_PM1;ETO4;planned
413211387;47547402247;2026-07-23;2026-07-27;2026-07-27;EARLY;=B10_PM1;ETO4;planned
413211387;47547489275;2026-07-25;2026-07-27;2026-07-27;EARLY;=B10_PM1;ETO4;planned
413211387;47549476195;2026-07-24;2026-07-26;2026-07-26;EARLY;=B10_PM1;ETO4;planned
413211387;47549478564;2026-07-24;2026-07-26;2026-07-26;EARLY;=B10_PM1;ETO4;planned
413211387;47551410958;2026-07-24;;2026-07-24;ON TIME;=B10_PM1;ETO4;planned
413211387;47552649463;2026-07-24;2026-07-26;2026-07-26;EARLY;=B10_PM1;ETO4;planned
413211387;47552945237;2026-07-25;2026-07-29;2026-07-29;EARLY;=B10_PM1;ETO4;planned
413211387;47553039467;2026-07-24;2026-07-26;2026-07-26;EARLY;=B10_PM1;ETO4;planned
413211387;47553634656;2026-07-25;2026-07-27;2026-07-27;EARLY;=B10_PM1;ETO4;planned
413211387;47554456567;2026-07-25;2026-07-27;2026-07-27;EARLY;=B10_PM1;ETO4;planned
413211387;47554826867;2026-07-23;2026-07-27;2026-07-27;EARLY;=B10_PM1;ETO4;planned
413211387;47556096354;2026-07-24;2026-07-27;2026-07-27;EARLY;=B10_PM1;ETO4;planned
413211387;47556292128;2026-07-25;;2026-07-25;EARLY;=B10_PM1;ETO4;planned
413211387;47556430749;2026-07-26;2026-07-28;2026-07-28;EARLY;=B10_PM1;ETO4;planned
413211387;47556541622;2026-07-25;2026-07-27;2026-07-27;EARLY;=B10_PM1;ETO4;planned
413211387;47558163607;2026-07-24;2026-07-26;2026-07-26;EARLY;=B10_PM1;ETO4;planned
413211387;47558296609;2026-07-25;2026-07-26;2026-07-26;EARLY;=B10_PM1;ETO4;planned
413211387;47558782163;2026-07-25;2026-07-26;2026-07-26;EARLY;=B10_PM1;ETO4;planned
413211387;47559069441;2026-07-25;;2026-07-25;EARLY;=B10_PM1;ETO4;planned
413211387;47559099811;2026-07-25;;2026-07-25;EARLY;=B10_PM1;ETO4;planned
413211387;47560890014;2026-07-25;;2026-07-25;EARLY;=B10_PM1;ETO4;planned
413211387;47561023752;2026-07-25;;2026-07-25;EARLY;=B10_PM1;ETO4;planned
413211387;47562293051;2026-07-25;;2026-07-25;EARLY;=B10_PM1;ETO4;planned
413211387;47562512910;2026-07-25;;2026-07-25;EARLY;=B10_PM1;ETO4;planned
413211387;47564710963;2026-07-25;;2026-07-25;EARLY;=B10_PM1;ETO4;planned
413211387;47564711017;2026-07-26;2026-07-28;2026-07-28;EARLY;=B10_PM1;ETO4;planned
413211387;47564950167;2026-07-24;2026-07-25;2026-07-25;EARLY;=B10_PM1;ETO4;planned
413211387;47565187318;2026-07-25;;2026-07-25;EARLY;=B10_PM1;ETO4;planned
413211387;47565425502;2026-07-27;2026-07-29;2026-07-29;EARLY;=B10_PM1;ETO4;planned
413211387;47565738438;2026-07-24;2026-07-26;2026-07-26;EARLY;=B10_PM1;ETO4;planned
413211387;47566621762;2026-07-24;2026-07-25;2026-07-25;EARLY;=B10_PM1;ETO4;planned
413211387;47566920505;2026-07-24;2026-07-26;2026-07-26;EARLY;=B10_PM1;ETO4;planned
413211387;47567307936;2026-07-24;2026-07-25;2026-07-25;EARLY;=B10_PM1;ETO4;planned
413211387;47567324643;2026-07-24;2026-07-26;2026-07-26;EARLY;=B10_PM1;ETO4;planned
413211387;47568410451;2026-07-24;2026-07-25;2026-07-25;EARLY;=B10_PM1;ETO4;planned
413211387;47568626884;2026-07-25;;2026-07-25;EARLY;=B10_PM1;ETO4;planned
413211387;47569197736;2026-07-24;2026-07-25;2026-07-25;EARLY;=B10_PM1;ETO4;planned
413211387;47569549992;2026-07-24;2026-07-25;2026-07-25;EARLY;=B10_PM1;ETO4;planned
413211387;47569747661;2026-07-24;2026-07-26;2026-07-26;EARLY;=B10_PM1;ETO4;planned
413211387;47570397394;2026-07-25;;2026-07-25;EARLY;=B10_PM1;ETO4;planned
413211387;47570397666;2026-07-24;2026-07-25;2026-07-25;EARLY;=B10_PM1;ETO4;planned
413211387;47570675463;2026-07-25;2026-07-27;2026-07-27;EARLY;=B10_PM1;ETO4;planned
413211387;47571267017;2026-07-27;2026-07-28;2026-07-28;EARLY;=B10_PM1;ETO4;planned
413211387;47572312155;2026-07-25;;2026-07-25;EARLY;=B10_PM1;ETO4;planned
413211387;47572603852;2026-07-25;;2026-07-25;EARLY;=B10_PM1;ETO4;planned
413211387;47572818372;2026-07-25;;2026-07-25;EARLY;=B10_PM1;ETO4;planned
413211387;47573260463;2026-07-25;;2026-07-25;EARLY;=B10_PM1;ETO4;planned
413211387;47573591654;2026-07-25;2026-07-27;2026-07-27;EARLY;=B10_PM1;ETO4;planned
413211387;47573804498;2026-07-24;2026-07-26;2026-07-26;EARLY;=B10_PM1;ETO4;planned
413211387;47574251369;2026-07-25;;2026-07-25;EARLY;=B10_PM1;ETO4;planned
413211387;47574545441;2026-07-25;2026-07-27;2026-07-27;EARLY;=B10_PM1;ETO4;planned
413211387;47574586337;2026-07-25;2026-07-27;2026-07-27;EARLY;=B10_PM1;ETO4;planned
413211387;47574896819;2026-07-25;2026-07-27;2026-07-27;EARLY;=B10_PM1;ETO4;planned
413211387;47575204889;2026-07-25;;2026-07-25;EARLY;=B10_PM1;ETO4;planned
413211387;47575619495;2026-07-25;2026-07-27;2026-07-27;EARLY;=B10_PM1;ETO4;planned
413211387;47575757758;2026-07-25;;2026-07-25;EARLY;=B10_PM1;ETO4;planned
413211387;47575953377;2026-07-25;;2026-07-25;EARLY;=B10_PM1;ETO4;planned
413211387;47576353618;2026-07-25;;2026-07-25;EARLY;=B10_PM1;ETO4;planned
413211387;47576398561;2026-07-25;;2026-07-25;EARLY;=B10_PM1;ETO4;planned
413211387;47576648054;2026-07-25;;2026-07-25;EARLY;=B10_PM1;ETO4;planned
413211387;47576967942;2026-07-25;;2026-07-25;EARLY;=B10_PM1;ETO4;planned
413211387;47577273950;2026-07-25;;2026-07-25;EARLY;=B10_PM1;ETO4;planned
413211387;47577471684;2026-07-25;;2026-07-25;EARLY;=B10_PM1;ETO4;planned
413211387;47577837900;2026-07-25;;2026-07-25;EARLY;=B10_PM1;ETO4;planned
413211387;47577894355;2026-07-25;;2026-07-25;EARLY;=B10_PM1;ETO4;planned
413211387;47578811951;2026-07-25;2026-07-29;2026-07-29;EARLY;=B10_PM1;ETO4;planned
413211387;47579149292;2026-07-25;;2026-07-25;EARLY;=B10_PM1;ETO4;planned
413211387;47579640044;2026-07-25;;2026-07-25;EARLY;=B10_PM1;ETO4;planned
413211387;47579710243;2026-07-25;;2026-07-25;EARLY;=B10_PM1;ETO4;planned
413211443;47489943524;2026-07-23;2026-07-27;2026-07-27;EARLY;=B8_PM1;ETO4;planned
413211443;47492779206;2026-07-21;2026-07-27;2026-07-27;EARLY;=B8_PM1;ETO4;planned
413211443;47514894122;2026-07-23;2026-07-27;2026-07-27;EARLY;=B8_PM1;ETO4;planned
413211443;47519785155;2026-07-23;2026-07-29;2026-07-29;EARLY;=B8_PM1;ETO4;planned
413211443;47520731184;2026-07-22;2026-07-28;2026-07-28;EARLY;=B8_PM1;ETO4;planned
413211443;47521612138;2026-07-22;2026-07-28;2026-07-28;EARLY;=B8_PM1;ETO4;planned
413211443;47523134808;2026-07-21;2026-07-27;2026-07-27;EARLY;=B8_PM1;ETO4;planned
413211443;47523301531;2026-07-21;2026-07-27;2026-07-27;EARLY;=B8_PM1;ETO4;planned
413211443;47523465255;2026-07-25;2026-07-27;2026-07-27;EARLY;=B8_PM1;ETO4;planned
413211443;47526883143;2026-07-23;2026-07-27;2026-07-27;EARLY;=B8_PM1;ETO4;planned
413211443;47527673910;2026-07-22;2026-07-26;2026-07-26;EARLY;=B8_PM1;ETO4;planned
413211443;47527993855;2026-07-21;2026-07-26;2026-07-26;EARLY;=B8_PM1;ETO4;planned
413211443;47528462035;2026-07-25;2026-07-27;2026-07-27;EARLY;=B8_PM1;ETO4;planned
413211443;47530183509;2026-07-23;2026-07-27;2026-07-27;EARLY;=B8_PM1;ETO4;planned
413211443;47533711339;2026-07-22;2026-07-28;2026-07-28;EARLY;=B8_PM1;ETO4;planned
413211443;47535729159;2026-07-23;2026-07-27;2026-07-27;EARLY;=B8_PM1;ETO4;planned
413211443;47537256027;2026-07-22;2026-07-26;2026-07-26;EARLY;=B8_PM1;ETO4;planned
413211443;47538809527;2026-07-27;2026-07-28;2026-07-28;EARLY;=B8_PM1;ETO4;planned
413211443;47540429530;2026-07-23;2026-07-27;2026-07-27;EARLY;=B8_PM1;ETO4;planned
413211443;47543359596;2026-07-23;2026-07-27;2026-07-27;EARLY;=B8_PM1;ETO4;planned
413211443;47543624755;2026-07-24;;2026-07-24;ON TIME;=B8_PM1;ETO4;planned
413211443;47543943898;2026-07-24;2026-07-26;2026-07-26;EARLY;=B8_PM1;ETO4;planned
413211443;47545189488;2026-07-23;2026-07-27;2026-07-27;EARLY;=B8_PM1;ETO4;planned
413211443;47545259520;2026-07-23;2026-07-27;2026-07-27;EARLY;=B8_PM1;ETO4;planned
413211443;47546545554;2026-07-23;2026-07-27;2026-07-27;EARLY;=B8_PM1;ETO4;planned
413211443;47546847916;2026-07-23;2026-07-27;2026-07-27;EARLY;=B8_PM1;ETO4;planned
413211443;47547483923;2026-07-24;2026-07-27;2026-07-27;EARLY;=B8_PM1;ETO4;planned
413211443;47547756449;2026-07-24;2026-07-27;2026-07-27;EARLY;=B8_PM1;ETO4;planned
413211443;47547791586;2026-07-25;2026-07-27;2026-07-27;EARLY;=B8_PM1;ETO4;planned
413211443;47547978137;2026-07-24;2026-07-26;2026-07-26;EARLY;=B8_PM1;ETO4;planned
413211443;47548094705;2026-07-23;2026-07-27;2026-07-27;EARLY;=B8_PM1;ETO4;planned
413211443;47551424198;2026-07-25;;2026-07-25;EARLY;=B8_PM1;ETO4;planned
413211443;47551584903;2026-07-25;2026-07-27;2026-07-27;EARLY;=B8_PM1;ETO4;planned
413211443;47552141326;2026-07-24;2026-07-26;2026-07-26;EARLY;=B8_PM1;ETO4;planned
413211443;47552441661;2026-07-25;;2026-07-25;EARLY;=B8_PM1;ETO4;planned
413211443;47552694480;2026-07-24;2026-07-25;2026-07-25;EARLY;=B8_PM1;ETO4;planned
413211443;47553042059;2026-07-24;2026-07-26;2026-07-26;EARLY;=B8_PM1;ETO4;planned
413211443;47553123147;2026-07-24;2026-07-26;2026-07-26;EARLY;=B8_PM1;ETO4;planned
413211443;47553813327;2026-07-25;2026-07-27;2026-07-27;EARLY;=B8_PM1;ETO4;planned
413211443;47553929800;2026-07-23;2026-07-27;2026-07-27;EARLY;=B8_PM1;ETO4;planned
413211443;47553982626;2026-07-26;2026-07-27;2026-07-27;EARLY;=B8_PM1;ETO4;planned
413211443;47555355591;2026-07-23;2026-07-27;2026-07-27;EARLY;=B8_PM1;ETO4;planned
413211443;47555474420;2026-07-24;;2026-07-24;ON TIME;=B8_PM1;ETO4;planned
413211443;47555886677;2026-07-24;2026-07-27;2026-07-27;EARLY;=B8_PM1;ETO4;planned
413211443;47556383041;2026-07-24;2026-07-27;2026-07-27;EARLY;=B8_PM1;ETO4;planned
413211443;47557001241;2026-07-25;;2026-07-25;EARLY;=B8_PM1;ETO4;planned
413211443;47557012112;2026-07-25;;2026-07-25;EARLY;=B8_PM1;ETO4;planned
413211443;47557031417;2026-07-23;2026-07-25;2026-07-25;EARLY;=B8_PM1;ETO4;planned
413211443;47557270232;2026-07-25;;2026-07-25;EARLY;=B8_PM1;ETO4;planned
413211443;47557993358;2026-07-24;2026-07-27;2026-07-27;EARLY;=B8_PM1;ETO4;planned
413211443;47558378389;2026-07-24;2026-07-26;2026-07-26;EARLY;=B8_PM1;ETO4;planned
413211443;47558644076;;;;;=B8_PM1;ETO4;planned
413211443;47558644088;;;;;=B8_PM1;ETO4;planned
413211443;47558795952;2026-07-24;2026-07-26;2026-07-26;EARLY;=B8_PM1;ETO4;planned
413211443;47558849404;2026-07-25;2026-07-27;2026-07-27;EARLY;=B8_PM1;ETO4;planned
413211443;47559218504;2026-07-24;2026-07-26;2026-07-26;EARLY;=B8_PM1;ETO4;planned
413211443;47559318681;2026-07-25;;2026-07-25;EARLY;=B8_PM1;ETO4;planned
413211443;47559381032;2026-07-24;2026-07-26;2026-07-26;EARLY;=B8_PM1;ETO4;planned
413211443;47559862209;2026-07-24;2026-07-26;2026-07-26;EARLY;=B8_PM1;ETO4;planned
413211443;47560134245;2026-07-24;2026-07-26;2026-07-26;EARLY;=B8_PM1;ETO4;planned
413211443;47560154782;2026-07-24;2026-07-26;2026-07-26;EARLY;=B8_PM1;ETO4;planned
413211443;47562323720;2026-07-25;;2026-07-25;EARLY;=B8_PM1;ETO4;planned
413211443;47562547313;2026-07-25;;2026-07-25;EARLY;=B8_PM1;ETO4;planned
413211443;47563961091;2026-07-24;2026-07-26;2026-07-26;EARLY;=B8_PM1;ETO4;planned
413211443;47564780745;2026-07-24;2026-07-26;2026-07-26;EARLY;=B8_PM1;ETO4;planned
413211443;47565494543;2026-07-25;;2026-07-25;EARLY;=B8_PM1;ETO4;planned
413211443;47565745712;2026-07-24;2026-07-25;2026-07-25;EARLY;=B8_PM1;ETO4;planned
413211443;47565763393;2026-07-24;2026-07-25;2026-07-25;EARLY;=B8_PM1;ETO4;planned
413211443;47566445028;2026-07-24;2026-07-25;2026-07-25;EARLY;=B8_PM1;ETO4;planned
413211443;47566445106;2026-07-26;2026-07-28;2026-07-28;EARLY;=B8_PM1;ETO4;planned
413211443;47567746629;2026-07-24;2026-07-25;2026-07-25;EARLY;=B8_PM1;ETO4;planned
413211443;47568470405;2026-07-24;2026-07-25;2026-07-25;EARLY;=B8_PM1;ETO4;planned
413211443;47568470461;2026-07-24;2026-07-25;2026-07-25;EARLY;=B8_PM1;ETO4;planned
413211443;47568720564;2026-07-24;2026-07-25;2026-07-25;EARLY;=B8_PM1;ETO4;planned
413211443;47569412413;2026-07-24;2026-07-25;2026-07-25;EARLY;=B8_PM1;ETO4;planned
413211443;47569550456;2026-07-24;2026-07-25;2026-07-25;EARLY;=B8_PM1;ETO4;planned
413211443;47570225123;2026-07-24;2026-07-25;2026-07-25;EARLY;=B8_PM1;ETO4;planned
413211443;47570955254;2026-07-24;2026-07-25;2026-07-25;EARLY;=B8_PM1;ETO4;planned
413211443;47571061046;2026-07-27;2026-07-28;2026-07-28;EARLY;=B8_PM1;ETO4;planned
413211443;47571865214;2026-07-25;2026-07-27;2026-07-27;EARLY;=B8_PM1;ETO4;planned
413211443;47573389286;2026-07-25;;2026-07-25;EARLY;=B8_PM1;ETO4;planned
413211443;47573684911;2026-07-25;;2026-07-25;EARLY;=B8_PM1;ETO4;planned
413211443;47573935092;2026-07-25;2026-07-27;2026-07-27;EARLY;=B8_PM1;ETO4;planned
413211443;47574835968;2026-07-25;2026-07-29;2026-07-29;EARLY;=B8_PM1;ETO4;planned
413211443;47575057586;2026-07-25;;2026-07-25;EARLY;=B8_PM1;ETO4;planned
413211443;47575057772;2026-07-25;;2026-07-25;EARLY;=B8_PM1;ETO4;planned
413211443;47578491402;2026-07-25;;2026-07-25;EARLY;=B8_PM1;ETO4;planned
413211443;47579843199;2026-07-25;;2026-07-25;EARLY;=B8_PM1;ETO4;planned
413211443;47580115439;2026-07-25;;2026-07-25;EARLY;=B8_PM1;ETO4;planned
413211443;47580291601;2026-07-25;;2026-07-25;EARLY;=B8_PM1;ETO4;planned
413211884;47446896462;2026-07-19;2026-07-25;2026-07-25;EARLY;=B9_PM1;ETO4;planned
413211884;47453673270;2026-07-22;2026-07-25;2026-07-25;EARLY;=B9_PM1;ETO4;planned
413211884;47483549497;2026-07-18;2026-07-22;2026-07-22;VENCIDO;=B9_PM1;ETO4;planned
413211884;47522331896;2026-07-23;2026-07-27;2026-07-27;EARLY;=B9_PM1;ETO4;planned
413211884;47528931320;2026-07-22;2026-07-27;2026-07-27;EARLY;=B9_PM1;ETO4;planned
413211884;47529445395;2026-07-22;2026-07-27;2026-07-27;EARLY;=B9_PM1;ETO4;planned
413211884;47530501310;2026-07-22;2026-07-26;2026-07-26;EARLY;=B9_PM1;ETO4;planned
413211884;47535481242;2026-07-22;2026-07-26;2026-07-26;EARLY;=B9_PM1;ETO4;planned
413211884;47539488101;2026-07-22;2026-07-24;2026-07-24;ON TIME;=B9_PM1;ETO4;planned
413211884;47540547539;2026-07-24;2026-07-25;2026-07-25;EARLY;=B9_PM1;ETO4;planned
413211884;47541108606;2026-07-23;2026-07-27;2026-07-27;EARLY;=B9_PM1;ETO4;planned
413211884;47541953753;2026-07-23;2026-07-25;2026-07-25;EARLY;=B9_PM1;ETO4;planned
413211884;47542229044;2026-07-23;2026-07-27;2026-07-27;EARLY;=B9_PM1;ETO4;planned
413211884;47543144423;2026-07-23;2026-07-27;2026-07-27;EARLY;=B9_PM1;ETO4;planned
413211884;47546161843;2026-07-23;2026-07-27;2026-07-27;EARLY;=B9_PM1;ETO4;planned
413211884;47547378299;2026-07-25;2026-07-27;2026-07-27;EARLY;=B9_PM1;ETO4;planned
413211884;47547845390;2026-07-24;2026-07-26;2026-07-26;EARLY;=B9_PM1;ETO4;planned
413211884;47548318984;2026-07-24;;2026-07-24;ON TIME;=B9_PM1;ETO4;planned
413211884;47549290968;2026-07-24;;2026-07-24;ON TIME;=B9_PM1;ETO4;planned
413211884;47550006060;2026-07-24;2026-07-26;2026-07-26;EARLY;=B9_PM1;ETO4;planned
413211884;47550018267;2026-07-24;2026-07-26;2026-07-26;EARLY;=B9_PM1;ETO4;planned
413211884;47552684680;2026-07-24;2026-07-27;2026-07-27;EARLY;=B9_PM1;ETO4;planned
413211884;47553480941;2026-07-25;2026-07-27;2026-07-27;EARLY;=B9_PM1;ETO4;planned
413211884;47554501340;2026-07-25;;2026-07-25;EARLY;=B9_PM1;ETO4;planned
413211884;47555024043;2026-07-24;2026-07-27;2026-07-27;EARLY;=B9_PM1;ETO4;planned
413211884;47555074334;2026-07-25;2026-07-29;2026-07-29;EARLY;=B9_PM1;ETO4;planned
413211884;47555666055;2026-07-25;;2026-07-25;EARLY;=B9_PM1;ETO4;planned
413211884;47555877848;2026-07-24;2026-07-26;2026-07-26;EARLY;=B9_PM1;ETO4;planned
413211884;47556226933;2026-07-24;2026-07-26;2026-07-26;EARLY;=B9_PM1;ETO4;planned
413211884;47556407128;2026-07-25;2026-07-27;2026-07-27;EARLY;=B9_PM1;ETO4;planned
413211884;47556627152;2026-07-25;;2026-07-25;EARLY;=B9_PM1;ETO4;planned
413211884;47556915279;2026-07-24;2026-07-26;2026-07-26;EARLY;=B9_PM1;ETO4;planned
413211884;47556973513;2026-07-24;2026-07-26;2026-07-26;EARLY;=B9_PM1;ETO4;planned
413211884;47556981409;2026-07-25;;2026-07-25;EARLY;=B9_PM1;ETO4;planned
413211884;47556983457;2026-07-24;2026-07-27;2026-07-27;EARLY;=B9_PM1;ETO4;planned
413211884;47557050782;2026-07-23;2026-07-25;2026-07-25;EARLY;=B9_PM1;ETO4;planned
413211884;47557093055;2026-07-24;2026-07-27;2026-07-27;EARLY;=B9_PM1;ETO4;planned
413211884;47557093093;2026-07-24;2026-07-27;2026-07-27;EARLY;=B9_PM1;ETO4;planned
413211884;47557109570;2026-07-25;;2026-07-25;EARLY;=B9_PM1;ETO4;planned
413211884;47557334611;2026-07-24;2026-07-27;2026-07-27;EARLY;=B9_PM1;ETO4;planned
413211884;47558029227;2026-07-25;2026-07-27;2026-07-27;EARLY;=B9_PM1;ETO4;planned
413211884;47558639244;2026-07-25;;2026-07-25;EARLY;=B9_PM1;ETO4;planned
413211884;47559479727;2026-07-24;2026-07-26;2026-07-26;EARLY;=B9_PM1;ETO4;planned
413211884;47559732408;2026-07-24;2026-07-26;2026-07-26;EARLY;=B9_PM1;ETO4;planned
413211884;47559982212;2026-07-25;2026-07-27;2026-07-27;EARLY;=B9_PM1;ETO4;planned
413211884;47560902802;2026-07-24;2026-07-26;2026-07-26;EARLY;=B9_PM1;ETO4;planned
413211884;47561129646;2026-07-24;2026-07-26;2026-07-26;EARLY;=B9_PM1;ETO4;planned
413211884;47562218605;2026-07-25;;2026-07-25;EARLY;=B9_PM1;ETO4;planned
413211884;47563727995;2026-07-23;2026-07-25;2026-07-25;EARLY;=B9_PM1;ETO4;planned
413211884;47564125919;2026-07-25;;2026-07-25;EARLY;=B9_PM1;ETO4;planned
413211884;47564301111;2026-07-24;2026-07-25;2026-07-25;EARLY;=B9_PM1;ETO4;planned
413211884;47565462956;2026-07-24;2026-07-25;2026-07-25;EARLY;=B9_PM1;ETO4;planned
413211884;47565884948;2026-07-24;2026-07-25;2026-07-25;EARLY;=B9_PM1;ETO4;planned
413211884;47566327864;2026-07-24;2026-07-26;2026-07-26;EARLY;=B9_PM1;ETO4;planned
413211884;47567378981;2026-07-24;2026-07-25;2026-07-25;EARLY;=B9_PM1;ETO4;planned
413211884;47567413345;2026-07-24;2026-07-26;2026-07-26;EARLY;=B9_PM1;ETO4;planned
413211884;47568826515;2026-07-25;2026-07-27;2026-07-27;EARLY;=B9_PM1;ETO4;planned
413211884;47569077392;2026-07-24;2026-07-25;2026-07-25;EARLY;=B9_PM1;ETO4;planned
413211884;47569371439;2026-07-25;;2026-07-25;EARLY;=B9_PM1;ETO4;planned
413211884;47569443042;2026-07-25;;2026-07-25;EARLY;=B9_PM1;ETO4;planned
413211884;47569487587;2026-07-24;2026-07-25;2026-07-25;EARLY;=B9_PM1;ETO4;planned
413211884;47569796335;2026-07-24;;2026-07-24;ON TIME;=B9_PM1;ETO4;planned
413211884;47569796499;2026-07-25;;2026-07-25;EARLY;=B9_PM1;ETO4;planned
413211884;47569796553;2026-07-25;;2026-07-25;EARLY;=B9_PM1;ETO4;planned
413211884;47569963653;2026-07-25;2026-07-27;2026-07-27;EARLY;=B9_PM1;ETO4;planned
413211884;47570047590;2026-07-24;2026-07-25;2026-07-25;EARLY;=B9_PM1;ETO4;planned
413211884;47570047702;2026-07-24;2026-07-25;2026-07-25;EARLY;=B9_PM1;ETO4;planned
413211884;47570047872;2026-07-25;;2026-07-25;EARLY;=B9_PM1;ETO4;planned
413211884;47570514955;2026-07-24;2026-07-25;2026-07-25;EARLY;=B9_PM1;ETO4;planned
413211884;47571055138;2026-07-24;2026-07-25;2026-07-25;EARLY;=B9_PM1;ETO4;planned
413211884;47571539632;2026-07-24;2026-07-25;2026-07-25;EARLY;=B9_PM1;ETO4;planned
413211884;47573098535;2026-07-25;;2026-07-25;EARLY;=B9_PM1;ETO4;planned
413211884;47574175143;2026-07-25;;2026-07-25;EARLY;=B9_PM1;ETO4;planned
413211884;47574273075;2026-07-25;2026-07-27;2026-07-27;EARLY;=B9_PM1;ETO4;planned
413211884;47574616428;2026-07-25;2026-07-27;2026-07-27;EARLY;=B9_PM1;ETO4;planned
413211884;47574768023;2026-07-25;2026-07-27;2026-07-27;EARLY;=B9_PM1;ETO4;planned
413211884;47575441250;2026-07-25;;2026-07-25;EARLY;=B9_PM1;ETO4;planned
413211884;47575684814;2026-07-25;2026-07-27;2026-07-27;EARLY;=B9_PM1;ETO4;planned
413211884;47575843908;2026-07-25;2026-07-27;2026-07-27;EARLY;=B9_PM1;ETO4;planned
413211884;47576315848;2026-07-25;;2026-07-25;EARLY;=B9_PM1;ETO4;planned
413211884;47576677758;2026-07-25;2026-07-27;2026-07-27;EARLY;=B9_PM1;ETO4;planned
413211884;47576677768;2026-07-25;2026-07-27;2026-07-27;EARLY;=B9_PM1;ETO4;planned
413211884;47577932060;2026-07-25;;2026-07-25;EARLY;=B9_PM1;ETO4;planned
413211884;47579360403;2026-07-25;;2026-07-25;EARLY;=B9_PM1;ETO4;planned
413211884;47579454620;2026-07-25;;2026-07-25;EARLY;=B9_PM1;ETO4;planned
413211884;47579641703;2026-07-25;2026-07-29;2026-07-29;EARLY;=B9_PM1;ETO4;planned
413211884;47579808482;2026-07-25;;2026-07-25;EARLY;=B9_PM1;ETO4;planned
413211884;47580128630;2026-07-25;;2026-07-25;EARLY;=B9_PM1;ETO4;planned
413211884;47580780918;2026-07-25;;2026-07-25;EARLY;=B9_PM1;ETO4;planned
413212675;47497167641;2026-07-28;2026-07-30;2026-07-30;EARLY;=B21_PM1;ETO4;planned
413212675;47521247357;2026-07-22;2026-07-27;2026-07-27;EARLY;=B21_PM1;ETO4;planned
413212675;47528882519;2026-07-22;2026-07-27;2026-07-27;EARLY;=B21_PM1;ETO4;planned
413212675;47530757118;2026-07-22;2026-07-26;2026-07-26;EARLY;=B21_PM1;ETO4;planned
413212675;47531539725;2026-07-23;2026-07-27;2026-07-27;EARLY;=B21_PM1;ETO4;planned
413212675;47532911754;2026-07-24;;2026-07-24;ON TIME;=B21_PM1;ETO4;planned
413212675;47534288693;2026-07-22;2026-07-28;2026-07-28;EARLY;=B21_PM1;ETO4;planned
413212675;47534515769;2026-07-22;2026-07-28;2026-07-28;EARLY;=B21_PM1;ETO4;planned
413212675;47538273384;2026-07-23;2026-07-26;2026-07-26;EARLY;=B21_PM1;ETO4;planned
413212675;47538553234;2026-07-23;2026-07-29;2026-07-29;EARLY;=B21_PM1;ETO4;planned
413212675;47540414399;2026-07-23;2026-07-27;2026-07-27;EARLY;=B21_PM1;ETO4;planned
413212675;47542398682;2026-07-23;2026-07-27;2026-07-27;EARLY;=B21_PM1;ETO4;planned
413212675;47543649111;2026-07-23;2026-07-27;2026-07-27;EARLY;=B21_PM1;ETO4;planned
413212675;47545265973;2026-07-23;2026-07-27;2026-07-27;EARLY;=B21_PM1;ETO4;planned
413212675;47547436386;2026-07-23;2026-07-27;2026-07-27;EARLY;=B21_PM1;ETO4;planned
413212675;47547638971;2026-07-24;2026-07-26;2026-07-26;EARLY;=B21_PM1;ETO4;planned
413212675;47550119283;2026-07-24;2026-07-26;2026-07-26;EARLY;=B21_PM1;ETO4;planned
413212675;47550581171;2026-07-25;;2026-07-25;EARLY;=B21_PM1;ETO4;planned
413212675;47551145863;2026-07-25;;2026-07-25;EARLY;=B21_PM1;ETO4;planned
413212675;47551422108;2026-07-25;;2026-07-25;EARLY;=B21_PM1;ETO4;planned
413212675;47552612549;2026-07-24;2026-07-26;2026-07-26;EARLY;=B21_PM1;ETO4;planned
413212675;47552728745;2026-07-24;2026-07-27;2026-07-27;EARLY;=B21_PM1;ETO4;planned
413212675;47553780711;2026-07-24;2026-07-27;2026-07-27;EARLY;=B21_PM1;ETO4;planned
413212675;47554116500;2026-07-24;2026-07-26;2026-07-26;EARLY;=B21_PM1;ETO4;planned
413212675;47554347680;2026-07-23;2026-07-27;2026-07-27;EARLY;=B21_PM1;ETO4;planned
413212675;47554377746;2026-07-25;2026-07-27;2026-07-27;EARLY;=B21_PM1;ETO4;planned
413212675;47556205567;2026-07-25;2026-07-27;2026-07-27;EARLY;=B21_PM1;ETO4;planned
413212675;47557155803;2026-07-24;2026-07-26;2026-07-26;EARLY;=B21_PM1;ETO4;planned
413212675;47557286625;2026-07-25;;2026-07-25;EARLY;=B21_PM1;ETO4;planned
413212675;47558084423;2026-07-23;2026-07-25;2026-07-25;EARLY;=B21_PM1;ETO4;planned
413212675;47559152832;2026-07-23;2026-07-25;2026-07-25;EARLY;=B21_PM1;ETO4;planned
413212675;47559718098;2026-07-25;2026-07-26;2026-07-26;EARLY;=B21_PM1;ETO4;planned
413212675;47560047931;2026-07-24;2026-07-26;2026-07-26;EARLY;=B21_PM1;ETO4;planned
413212675;47560842133;2026-07-23;2026-07-25;2026-07-25;EARLY;=B21_PM1;ETO4;planned
413212675;47561251083;2026-07-25;;2026-07-25;EARLY;=B21_PM1;ETO4;planned
413212675;47561322588;2026-07-24;2026-07-26;2026-07-26;EARLY;=B21_PM1;ETO4;planned
413212675;47562326362;2026-07-23;2026-07-25;2026-07-25;EARLY;=B21_PM1;ETO4;planned
413212675;47562888821;2026-07-23;2026-07-25;2026-07-25;EARLY;=B21_PM1;ETO4;planned
413212675;47562889007;2026-07-25;;2026-07-25;EARLY;=B21_PM1;ETO4;planned
413212675;47565000738;2026-07-24;2026-07-26;2026-07-26;EARLY;=B21_PM1;ETO4;planned
413212675;47565339899;2026-07-24;2026-07-25;2026-07-25;EARLY;=B21_PM1;ETO4;planned
413212675;47566027139;2026-07-25;;2026-07-25;EARLY;=B21_PM1;ETO4;planned
413212675;47566171010;2026-07-24;2026-07-26;2026-07-26;EARLY;=B21_PM1;ETO4;planned
413212675;47566641159;2026-07-24;;2026-07-24;ON TIME;=B21_PM1;ETO4;planned
413212675;47568314558;2026-07-24;2026-07-25;2026-07-25;EARLY;=B21_PM1;ETO4;planned
413212675;47568795995;2026-07-24;2026-07-25;2026-07-25;EARLY;=B21_PM1;ETO4;planned
413212675;47569068282;2026-07-24;2026-07-26;2026-07-26;EARLY;=B21_PM1;ETO4;planned
413212675;47569323994;2026-07-25;;2026-07-25;EARLY;=B21_PM1;ETO4;planned
413212675;47569588513;2026-07-25;;2026-07-25;EARLY;=B21_PM1;ETO4;planned
413212675;47570342752;2026-07-25;2026-07-27;2026-07-27;EARLY;=B21_PM1;ETO4;planned
413212675;47570625532;2026-07-24;2026-07-25;2026-07-25;EARLY;=B21_PM1;ETO4;planned
413212675;47570713283;2026-07-24;2026-07-25;2026-07-25;EARLY;=B21_PM1;ETO4;planned
413212675;47571838904;2026-07-24;2026-07-26;2026-07-26;EARLY;=B21_PM1;ETO4;planned
413212675;47572689949;2026-07-25;;2026-07-25;EARLY;=B21_PM1;ETO4;planned
413212675;47572689997;2026-07-25;;2026-07-25;EARLY;=B21_PM1;ETO4;planned
413212675;47573036249;2026-07-25;;2026-07-25;EARLY;=B21_PM1;ETO4;planned
413212675;47573036281;2026-07-25;;2026-07-25;EARLY;=B21_PM1;ETO4;planned
413212675;47573286622;2026-07-25;;2026-07-25;EARLY;=B21_PM1;ETO4;planned
413212675;47574096127;2026-07-25;;2026-07-25;EARLY;=B21_PM1;ETO4;planned
413212675;47574345984;2026-07-25;;2026-07-25;EARLY;=B21_PM1;ETO4;planned
413212675;47574669611;2026-07-25;;2026-07-25;EARLY;=B21_PM1;ETO4;planned
413212675;47574669647;2026-07-25;;2026-07-25;EARLY;=B21_PM1;ETO4;planned
413212675;47574779300;2026-07-25;2026-07-27;2026-07-27;EARLY;=B21_PM1;ETO4;planned
413212675;47574908027;2026-07-25;;2026-07-25;EARLY;=B21_PM1;ETO4;planned
413212675;47575403716;2026-07-25;;2026-07-25;EARLY;=B21_PM1;ETO4;planned
413212675;47576768040;2026-07-25;;2026-07-25;EARLY;=B21_PM1;ETO4;planned
413212675;47577651840;2026-07-25;;2026-07-25;EARLY;=B21_PM1;ETO4;planned
413212752;47514673580;2026-07-23;2026-07-27;2026-07-27;EARLY;=B22_PM1;ETO4;planned
413212752;47518054865;2026-07-24;2026-07-28;2026-07-28;EARLY;=B22_PM1;ETO4;planned
413212752;47527175483;2026-07-23;2026-07-27;2026-07-27;EARLY;=B22_PM1;ETO4;planned
413212752;47528229532;2026-07-23;2026-07-27;2026-07-27;EARLY;=B22_PM1;ETO4;planned
413212752;47532492853;2026-07-22;2026-07-26;2026-07-26;EARLY;=B22_PM1;ETO4;planned
413212752;47538448991;2026-07-26;2026-07-30;2026-07-30;EARLY;=B22_PM1;ETO4;planned
413212752;47541644880;2026-07-23;2026-07-27;2026-07-27;EARLY;=B22_PM1;ETO4;planned
413212752;47546536994;2026-07-23;2026-07-27;2026-07-27;EARLY;=B22_PM1;ETO4;planned
413212752;47548713902;2026-07-25;2026-07-27;2026-07-27;EARLY;=B22_PM1;ETO4;planned
413212752;47549753633;2026-07-24;2026-07-26;2026-07-26;EARLY;=B22_PM1;ETO4;planned
413212752;47550555277;2026-07-26;2026-07-28;2026-07-28;EARLY;=B22_PM1;ETO4;planned
413212752;47550610769;2026-07-26;2026-07-28;2026-07-28;EARLY;=B22_PM1;ETO4;planned
413212752;47550838551;2026-07-24;2026-07-26;2026-07-26;EARLY;=B22_PM1;ETO4;planned
413212752;47552111639;2026-07-26;2026-07-30;2026-07-30;EARLY;=B22_PM1;ETO4;planned
413212752;47553492460;2026-07-24;2026-07-27;2026-07-27;EARLY;=B22_PM1;ETO4;planned
413212752;47554847570;2026-07-25;;2026-07-25;EARLY;=B22_PM1;ETO4;planned
413212752;47554932871;2026-07-24;2026-07-27;2026-07-27;EARLY;=B22_PM1;ETO4;planned
413212752;47555036862;2026-07-25;;2026-07-25;EARLY;=B22_PM1;ETO4;planned
413212752;47555185408;2026-07-23;2026-07-27;2026-07-27;EARLY;=B22_PM1;ETO4;planned
413212752;47555847999;2026-07-24;2026-07-27;2026-07-27;EARLY;=B22_PM1;ETO4;planned
413212752;47558382335;2026-07-23;2026-07-25;2026-07-25;EARLY;=B22_PM1;ETO4;planned
413212752;47559182490;2026-07-25;;2026-07-25;EARLY;=B22_PM1;ETO4;planned
413212752;47561481723;2026-07-25;;2026-07-25;EARLY;=B22_PM1;ETO4;planned
413212752;47561733538;2026-07-26;2026-07-28;2026-07-28;EARLY;=B22_PM1;ETO4;planned
413212752;47562366498;2026-07-24;2026-07-26;2026-07-26;EARLY;=B22_PM1;ETO4;planned
413212752;47566028248;2026-07-27;2026-07-28;2026-07-28;EARLY;=B22_PM1;ETO4;planned
413212752;47566666809;2026-07-24;2026-07-26;2026-07-26;EARLY;=B22_PM1;ETO4;planned
413212752;47566787666;2026-07-24;2026-07-25;2026-07-25;EARLY;=B22_PM1;ETO4;planned
413212752;47566946650;2026-07-24;2026-07-25;2026-07-25;EARLY;=B22_PM1;ETO4;planned
413212752;47566988206;2026-07-24;2026-07-25;2026-07-25;EARLY;=B22_PM1;ETO4;planned
413212752;47568439664;2026-07-24;2026-07-25;2026-07-25;EARLY;=B22_PM1;ETO4;planned
413212752;47568830602;2026-07-24;2026-07-25;2026-07-25;EARLY;=B22_PM1;ETO4;planned
413212752;47569588069;2026-07-24;2026-07-25;2026-07-25;EARLY;=B22_PM1;ETO4;planned
413212752;47569702225;2026-07-24;2026-07-25;2026-07-25;EARLY;=B22_PM1;ETO4;planned
413212752;47573106776;2026-07-29;2026-08-02;2026-08-02;EARLY;=B22_PM1;ETO4;planned
413212752;47573668029;2026-07-25;;2026-07-25;EARLY;=B22_PM1;ETO4;planned
413212752;47573935354;2026-07-25;;2026-07-25;EARLY;=B22_PM1;ETO4;planned
413212752;47574461413;2026-07-25;;2026-07-25;EARLY;=B22_PM1;ETO4;planned
413212752;47575300141;2026-07-25;2026-07-27;2026-07-27;EARLY;=B22_PM1;ETO4;planned
413212752;47576634802;2026-07-25;;2026-07-25;EARLY;=B22_PM1;ETO4;planned
413212752;47577368167;2026-07-25;;2026-07-25;EARLY;=B22_PM1;ETO4;planned
413212752;47577617566;2026-07-25;;2026-07-25;EARLY;=B22_PM1;ETO4;planned
413212752;47577793613;2026-07-25;;2026-07-25;EARLY;=B22_PM1;ETO4;planned
413212752;47578983583;2026-07-25;;2026-07-25;EARLY;=B22_PM1;ETO4;planned
413212752;47579664746;2026-07-25;;2026-07-25;EARLY;=B22_PM1;ETO4;planned
413212752;47580106243;2026-07-25;;2026-07-25;EARLY;=B22_PM1;ETO4;planned
413212752;47580339532;2026-07-25;;2026-07-25;EARLY;=B22_PM1;ETO4;planned
413213487;47479178688;2026-07-20;2026-07-26;2026-07-26;EARLY;=B17_PM1;ETO4;planned
413213487;47507759478;2026-07-23;2026-07-27;2026-07-27;EARLY;=B17_PM1;ETO4;planned
413213487;47516117098;2026-07-17;;2026-07-17;VENCIDO;=B17_PM1;ETO4;planned
413213487;47526999291;2026-07-23;2026-07-28;2026-07-28;EARLY;=B17_PM1;ETO4;planned
413213487;47527289208;2026-07-23;2026-07-27;2026-07-27;EARLY;=B17_PM1;ETO4;planned
413213487;47530959285;2026-07-21;2026-07-27;2026-07-27;EARLY;=B17_PM1;ETO4;planned
413213487;47534597046;2026-07-24;2026-07-27;2026-07-27;EARLY;=B17_PM1;ETO4;planned
413213487;47535482993;2026-07-23;2026-07-27;2026-07-27;EARLY;=B17_PM1;ETO4;planned
413213487;47535676836;2026-07-23;2026-07-27;2026-07-27;EARLY;=B17_PM1;ETO4;planned
413213487;47538879114;2026-07-24;2026-07-25;2026-07-25;EARLY;=B17_PM1;ETO4;planned
413213487;47546228567;2026-07-24;2026-07-26;2026-07-26;EARLY;=B17_PM1;ETO4;planned
413213487;47547630044;2026-07-23;2026-07-27;2026-07-27;EARLY;=B17_PM1;ETO4;planned
413213487;47548340258;2026-07-25;2026-07-27;2026-07-27;EARLY;=B17_PM1;ETO4;planned
413213487;47548375291;2026-07-23;2026-07-25;2026-07-25;EARLY;=B17_PM1;ETO4;planned
413213487;47548375621;2026-07-24;;2026-07-24;ON TIME;=B17_PM1;ETO4;planned
413213487;47548432134;2026-07-24;2026-07-26;2026-07-26;EARLY;=B17_PM1;ETO4;planned
413213487;47548453177;2026-07-24;2026-07-26;2026-07-26;EARLY;=B17_PM1;ETO4;planned
413213487;47549025317;2026-07-25;2026-07-27;2026-07-27;EARLY;=B17_PM1;ETO4;planned
413213487;47549153804;2026-07-24;2026-07-25;2026-07-25;EARLY;=B17_PM1;ETO4;planned
413213487;47550298682;2026-07-25;;2026-07-25;EARLY;=B17_PM1;ETO4;planned
413213487;47550515719;2026-07-23;2026-07-25;2026-07-25;EARLY;=B17_PM1;ETO4;planned
413213487;47550775540;2026-07-25;2026-07-27;2026-07-27;EARLY;=B17_PM1;ETO4;planned
413213487;47552661465;2026-07-24;2026-07-26;2026-07-26;EARLY;=B17_PM1;ETO4;planned
413213487;47554800339;2026-07-23;2026-07-25;2026-07-25;EARLY;=B17_PM1;ETO4;planned
413213487;47555644006;2026-07-25;;2026-07-25;EARLY;=B17_PM1;ETO4;planned
413213487;47555721986;2026-07-26;2026-07-28;2026-07-28;EARLY;=B17_PM1;ETO4;planned
413213487;47555853054;2026-07-24;2026-07-26;2026-07-26;EARLY;=B17_PM1;ETO4;planned
413213487;47556312530;2026-07-24;2026-07-26;2026-07-26;EARLY;=B17_PM1;ETO4;planned
413213487;47556354753;2026-07-24;2026-07-26;2026-07-26;EARLY;=B17_PM1;ETO4;planned
413213487;47556464344;2026-07-23;2026-07-25;2026-07-25;EARLY;=B17_PM1;ETO4;planned
413213487;47556591994;2026-07-24;2026-07-27;2026-07-27;EARLY;=B17_PM1;ETO4;planned
413213487;47558296947;2026-07-25;2026-07-26;2026-07-26;EARLY;=B17_PM1;ETO4;planned
413213487;47558538225;2026-07-25;;2026-07-25;EARLY;=B17_PM1;ETO4;planned
413213487;47560311817;2026-07-25;;2026-07-25;EARLY;=B17_PM1;ETO4;planned
413213487;47560418111;2026-07-24;2026-07-26;2026-07-26;EARLY;=B17_PM1;ETO4;planned
413213487;47560627184;2026-07-24;2026-07-26;2026-07-26;EARLY;=B17_PM1;ETO4;planned
413213487;47560698296;2026-07-24;2026-07-26;2026-07-26;EARLY;=B17_PM1;ETO4;planned
413213487;47560699263;2026-07-25;2026-07-27;2026-07-27;EARLY;=B17_PM1;ETO4;planned
413213487;47561042844;2026-07-23;2026-07-25;2026-07-25;EARLY;=B17_PM1;ETO4;planned
413213487;47561455877;2026-07-24;2026-07-27;2026-07-27;EARLY;=B17_PM1;ETO4;planned
413213487;47561527554;2026-07-24;2026-07-25;2026-07-25;EARLY;=B17_PM1;ETO4;planned
413213487;47561700134;2026-07-24;2026-07-26;2026-07-26;EARLY;=B17_PM1;ETO4;planned
413213487;47561947067;2026-07-24;2026-07-26;2026-07-26;EARLY;=B17_PM1;ETO4;planned
413213487;47562575753;2026-07-23;2026-07-25;2026-07-25;EARLY;=B17_PM1;ETO4;planned
413213487;47562672258;2026-07-25;2026-07-27;2026-07-27;EARLY;=B17_PM1;ETO4;planned
413213487;47562896992;2026-07-25;;2026-07-25;EARLY;=B17_PM1;ETO4;planned
413213487;47565005878;2026-07-25;2026-07-27;2026-07-27;EARLY;=B17_PM1;ETO4;planned
413213487;47568963606;2026-07-24;2026-07-25;2026-07-25;EARLY;=B17_PM1;ETO4;planned
413213487;47569332251;2026-07-25;;2026-07-25;EARLY;=B17_PM1;ETO4;planned
413213487;47569618771;2026-07-24;2026-07-25;2026-07-25;EARLY;=B17_PM1;ETO4;planned
413213487;47569861846;2026-07-24;2026-07-25;2026-07-25;EARLY;=B17_PM1;ETO4;planned
413213487;47569863703;2026-07-24;2026-07-25;2026-07-25;EARLY;=B17_PM1;ETO4;planned
413213487;47570552353;2026-07-25;;2026-07-25;EARLY;=B17_PM1;ETO4;planned
413213487;47570802148;2026-07-24;2026-07-25;2026-07-25;EARLY;=B17_PM1;ETO4;planned
413213487;47571622762;2026-07-25;;2026-07-25;EARLY;=B17_PM1;ETO4;planned
413213487;47572343198;2026-07-24;2026-07-26;2026-07-26;EARLY;=B17_PM1;ETO4;planned
413213487;47572718389;2026-07-24;2026-07-26;2026-07-26;EARLY;=B17_PM1;ETO4;planned
413213487;47573139375;2026-07-24;2026-07-26;2026-07-26;EARLY;=B17_PM1;ETO4;planned
413213487;47573370501;2026-07-25;;2026-07-25;EARLY;=B17_PM1;ETO4;planned
413213487;47573405228;2026-07-25;;2026-07-25;EARLY;=B17_PM1;ETO4;planned
413213487;47573621434;2026-07-26;2026-07-27;2026-07-27;EARLY;=B17_PM1;ETO4;planned
413213487;47573987537;2026-07-25;2026-07-27;2026-07-27;EARLY;=B17_PM1;ETO4;planned
413213487;47574052803;2026-07-25;;2026-07-25;EARLY;=B17_PM1;ETO4;planned
413213487;47574184779;2026-07-25;;2026-07-25;EARLY;=B17_PM1;ETO4;planned
413213487;47574294042;2026-07-25;;2026-07-25;EARLY;=B17_PM1;ETO4;planned
413213487;47574729445;2026-07-25;2026-07-27;2026-07-27;EARLY;=B17_PM1;ETO4;planned
413213487;47574815098;2026-07-25;;2026-07-25;EARLY;=B17_PM1;ETO4;planned
413213487;47575051587;2026-07-25;2026-07-27;2026-07-27;EARLY;=B17_PM1;ETO4;planned
413213487;47575256723;2026-07-25;;2026-07-25;EARLY;=B17_PM1;ETO4;planned
413213487;47575588704;2026-07-25;2026-07-27;2026-07-27;EARLY;=B17_PM1;ETO4;planned
413213487;47575594567;2026-07-25;;2026-07-25;EARLY;=B17_PM1;ETO4;planned
413213487;47576011102;2026-07-25;2026-07-27;2026-07-27;EARLY;=B17_PM1;ETO4;planned
413213487;47576254083;2026-07-25;;2026-07-25;EARLY;=B17_PM1;ETO4;planned
413213487;47576554089;2026-07-25;;2026-07-25;EARLY;=B17_PM1;ETO4;planned
413213487;47576663007;2026-07-25;;2026-07-25;EARLY;=B17_PM1;ETO4;planned
413213487;47577930094;2026-07-25;;2026-07-25;EARLY;=B17_PM1;ETO4;planned
413213487;47577930114;2026-07-25;;2026-07-25;EARLY;=B17_PM1;ETO4;planned
413213487;47578078814;2026-07-25;;2026-07-25;EARLY;=B17_PM1;ETO4;planned
413213487;47578078844;2026-07-25;;2026-07-25;EARLY;=B17_PM1;ETO4;planned
413213487;47578242896;2026-07-25;;2026-07-25;EARLY;=B17_PM1;ETO4;planned
413213487;47578243064;2026-07-25;;2026-07-25;EARLY;=B17_PM1;ETO4;planned
413213487;47578427522;2026-07-25;;2026-07-25;EARLY;=B17_PM1;ETO4;planned
413213487;47578810656;2026-07-25;;2026-07-25;EARLY;=B17_PM1;ETO4;planned
413213487;47578810692;2026-07-25;;2026-07-25;EARLY;=B17_PM1;ETO4;planned
413213487;47579173744;2026-07-25;;2026-07-25;EARLY;=B17_PM1;ETO4;planned
413213487;47579428582;2026-07-25;;2026-07-25;EARLY;=B17_PM1;ETO4;planned
413213487;47580603871;2026-07-25;;2026-07-25;EARLY;=B17_PM1;ETO4;planned
413213487;47581012978;;;;;=B17_PM1;ETO4;planned
413213564;47492912406;2026-07-24;2026-07-26;2026-07-26;EARLY;=B15_PM1;ETO4;planned
413213564;47500429886;2026-07-21;2026-07-27;2026-07-27;EARLY;=B15_PM1;ETO4;planned
413213564;47505691811;2026-07-22;2026-07-26;2026-07-26;EARLY;=B15_PM1;ETO4;planned
413213564;47513219185;2026-07-23;2026-07-27;2026-07-27;EARLY;=B15_PM1;ETO4;planned
413213564;47515449864;2026-07-21;2026-07-27;2026-07-27;EARLY;=B15_PM1;ETO4;planned
413213564;47516656076;2026-07-23;2026-07-27;2026-07-27;EARLY;=B15_PM1;ETO4;planned
413213564;47524601962;2026-07-23;2026-07-27;2026-07-27;EARLY;=B15_PM1;ETO4;planned
413213564;47527426362;2026-07-24;2026-07-26;2026-07-26;EARLY;=B15_PM1;ETO4;planned
413213564;47528630026;2026-07-23;2026-07-27;2026-07-27;EARLY;=B15_PM1;ETO4;planned
413213564;47529447397;2026-07-21;;2026-07-21;VENCIDO;=B15_PM1;ETO4;planned
413213564;47531374369;2026-07-23;2026-07-27;2026-07-27;EARLY;=B15_PM1;ETO4;planned
413213564;47533702776;2026-07-22;2026-07-28;2026-07-28;EARLY;=B15_PM1;ETO4;planned
413213564;47534814319;2026-07-22;2026-07-28;2026-07-28;EARLY;=B15_PM1;ETO4;planned
413213564;47535299205;2026-07-22;2026-07-26;2026-07-26;EARLY;=B15_PM1;ETO4;planned
413213564;47537781614;2026-07-24;2026-07-25;2026-07-25;EARLY;=B15_PM1;ETO4;planned
413213564;47538198190;2026-07-24;2026-07-28;2026-07-28;EARLY;=B15_PM1;ETO4;planned
413213564;47539804329;2026-07-23;2026-07-27;2026-07-27;EARLY;=B15_PM1;ETO4;planned
413213564;47540256014;2026-07-23;2026-07-27;2026-07-27;EARLY;=B15_PM1;ETO4;planned
413213564;47542803101;2026-07-23;2026-07-27;2026-07-27;EARLY;=B15_PM1;ETO4;planned
413213564;47542868243;2026-07-23;2026-07-27;2026-07-27;EARLY;=B15_PM1;ETO4;planned
413213564;47545503308;2026-07-23;2026-07-27;2026-07-27;EARLY;=B15_PM1;ETO4;planned
413213564;47547153413;2026-07-24;2026-07-26;2026-07-26;EARLY;=B15_PM1;ETO4;planned
413213564;47548034743;2026-07-25;2026-07-27;2026-07-27;EARLY;=B15_PM1;ETO4;planned
413213564;47548182173;2026-07-24;2026-07-26;2026-07-26;EARLY;=B15_PM1;ETO4;planned
413213564;47548434568;2026-07-24;2026-07-26;2026-07-26;EARLY;=B15_PM1;ETO4;planned
413213564;47548844142;2026-07-23;2026-07-27;2026-07-27;EARLY;=B15_PM1;ETO4;planned
413213564;47550033105;2026-07-25;2026-07-27;2026-07-27;EARLY;=B15_PM1;ETO4;planned
413213564;47551226588;2026-07-23;2026-07-25;2026-07-25;EARLY;=B15_PM1;ETO4;planned
413213564;47552160831;2026-07-25;;2026-07-25;EARLY;=B15_PM1;ETO4;planned
413213564;47552472658;2026-07-25;;2026-07-25;EARLY;=B15_PM1;ETO4;planned
413213564;47552895276;2026-07-25;2026-07-27;2026-07-27;EARLY;=B15_PM1;ETO4;planned
413213564;47553908877;2026-07-24;2026-07-27;2026-07-27;EARLY;=B15_PM1;ETO4;planned
413213564;47554257840;2026-07-25;2026-07-29;2026-07-29;EARLY;=B15_PM1;ETO4;planned
413213564;47554743146;2026-07-25;;2026-07-25;EARLY;=B15_PM1;ETO4;planned
413213564;47555268676;2026-07-24;2026-07-26;2026-07-26;EARLY;=B15_PM1;ETO4;planned
413213564;47555540955;2026-07-25;;2026-07-25;EARLY;=B15_PM1;ETO4;planned
413213564;47556168796;2026-07-24;2026-07-27;2026-07-27;EARLY;=B15_PM1;ETO4;planned
413213564;47556284630;2026-07-24;2026-07-27;2026-07-27;EARLY;=B15_PM1;ETO4;planned
413213564;47556783778;2026-07-24;2026-07-27;2026-07-27;EARLY;=B15_PM1;ETO4;planned
413213564;47556800379;2026-07-25;;2026-07-25;EARLY;=B15_PM1;ETO4;planned
413213564;47557402166;2026-07-24;2026-07-25;2026-07-25;EARLY;=B15_PM1;ETO4;planned
413213564;47557442374;2026-07-25;;2026-07-25;EARLY;=B15_PM1;ETO4;planned
413213564;47558262286;2026-07-25;;2026-07-25;EARLY;=B15_PM1;ETO4;planned
413213564;47558516302;2026-07-24;2026-07-26;2026-07-26;EARLY;=B15_PM1;ETO4;planned
413213564;47559424355;2026-07-25;2026-07-27;2026-07-27;EARLY;=B15_PM1;ETO4;planned
413213564;47559495210;2026-07-25;;2026-07-25;EARLY;=B15_PM1;ETO4;planned
413213564;47560596899;2026-07-23;2026-07-25;2026-07-25;EARLY;=B15_PM1;ETO4;planned
413213564;47560737744;2026-07-24;2026-07-26;2026-07-26;EARLY;=B15_PM1;ETO4;planned
413213564;47560891552;2026-07-25;;2026-07-25;EARLY;=B15_PM1;ETO4;planned
413213564;47561533199;2026-07-25;2026-07-27;2026-07-27;EARLY;=B15_PM1;ETO4;planned
413213564;47563554413;2026-07-25;2026-07-27;2026-07-27;EARLY;=B15_PM1;ETO4;planned
413213564;47566427972;2026-07-24;2026-07-25;2026-07-25;EARLY;=B15_PM1;ETO4;planned
413213564;47566428486;2026-07-25;2026-07-27;2026-07-27;EARLY;=B15_PM1;ETO4;planned
413213564;47567070610;2026-07-24;2026-07-25;2026-07-25;EARLY;=B15_PM1;ETO4;planned
413213564;47567885703;2026-07-24;2026-07-25;2026-07-25;EARLY;=B15_PM1;ETO4;planned
413213564;47567927788;2026-07-24;2026-07-25;2026-07-25;EARLY;=B15_PM1;ETO4;planned
413213564;47568448611;2026-07-24;2026-07-25;2026-07-25;EARLY;=B15_PM1;ETO4;planned
413213564;47568698942;2026-07-24;2026-07-25;2026-07-25;EARLY;=B15_PM1;ETO4;planned
413213564;47569210103;2026-07-24;2026-07-26;2026-07-26;EARLY;=B15_PM1;ETO4;planned
413213564;47569281370;2026-07-26;2026-07-27;2026-07-27;EARLY;=B15_PM1;ETO4;planned
413213564;47569784770;2026-07-24;2026-07-25;2026-07-25;EARLY;=B15_PM1;ETO4;planned
413213564;47570038431;2026-07-25;;2026-07-25;EARLY;=B15_PM1;ETO4;planned
413213564;47570237664;2026-07-25;;2026-07-25;EARLY;=B15_PM1;ETO4;planned
413213564;47571231659;2026-07-24;2026-07-26;2026-07-26;EARLY;=B15_PM1;ETO4;planned
413213564;47571398159;2026-07-25;;2026-07-25;EARLY;=B15_PM1;ETO4;planned
413213564;47571523028;2026-07-30;2026-08-03;2026-08-03;EARLY;=B15_PM1;ETO4;planned
413213564;47571668543;2026-07-25;2026-07-27;2026-07-27;EARLY;=B15_PM1;ETO4;planned
413213564;47571849123;2026-07-25;;2026-07-25;EARLY;=B15_PM1;ETO4;planned
413213564;47572083828;;;;;=B15_PM1;ETO4;planned
413213564;47572083866;;;;;=B15_PM1;ETO4;planned
413213564;47572351342;2026-07-25;;2026-07-25;EARLY;=B15_PM1;ETO4;planned
413213564;47572634570;2026-07-24;2026-07-26;2026-07-26;EARLY;=B15_PM1;ETO4;planned
413213564;47573059378;2026-07-25;;2026-07-25;EARLY;=B15_PM1;ETO4;planned
413213564;47573824592;2026-07-25;;2026-07-25;EARLY;=B15_PM1;ETO4;planned
413213564;47574746990;2026-07-24;2026-07-26;2026-07-26;EARLY;=B15_PM1;ETO4;planned
413213564;47574796024;2026-07-25;;2026-07-25;EARLY;=B15_PM1;ETO4;planned
413213564;47575165460;2026-07-25;;2026-07-25;EARLY;=B15_PM1;ETO4;planned
413213564;47575273223;2026-07-25;2026-07-29;2026-07-29;EARLY;=B15_PM1;ETO4;planned
413213564;47575354377;2026-07-25;2026-07-27;2026-07-27;EARLY;=B15_PM1;ETO4;planned
413213564;47575660708;2026-07-25;2026-07-27;2026-07-27;EARLY;=B15_PM1;ETO4;planned
413213564;47576980489;2026-07-25;;2026-07-25;EARLY;=B15_PM1;ETO4;planned
413213564;47578649689;2026-07-25;;2026-07-25;EARLY;=B15_PM1;ETO4;planned
413213564;47578950067;2026-07-25;;2026-07-25;EARLY;=B15_PM1;ETO4;planned
413213564;47579027221;2026-07-25;;2026-07-25;EARLY;=B15_PM1;ETO4;planned
413213564;47579537214;2026-07-25;;2026-07-25;EARLY;=B15_PM1;ETO4;planned
413213564;47579648449;2026-07-25;;2026-07-25;EARLY;=B15_PM1;ETO4;planned
413213564;47579787126;2026-07-25;;2026-07-25;EARLY;=B15_PM1;ETO4;planned
413213886;47502002391;2026-07-20;2026-07-26;2026-07-26;EARLY;=B6_PM1;ETO4;planned
413213886;47512214962;2026-07-23;2026-07-27;2026-07-27;EARLY;=B6_PM1;ETO4;planned
413213886;47519831552;2026-07-21;2026-07-27;2026-07-27;EARLY;=B6_PM1;ETO4;planned
413213886;47522866286;2026-07-23;2026-07-27;2026-07-27;EARLY;=B6_PM1;ETO4;planned
413213886;47523725028;2026-07-22;2026-07-28;2026-07-28;EARLY;=B6_PM1;ETO4;planned
413213886;47526382183;2026-07-20;2026-07-25;2026-07-25;EARLY;=B6_PM1;ETO4;planned
413213886;47528418426;2026-07-21;2026-07-27;2026-07-27;EARLY;=B6_PM1;ETO4;planned
413213886;47530313904;2026-07-23;2026-07-27;2026-07-27;EARLY;=B6_PM1;ETO4;planned
413213886;47531268577;2026-07-21;2026-07-27;2026-07-27;EARLY;=B6_PM1;ETO4;planned
413213886;47535582242;2026-07-22;2026-07-28;2026-07-28;EARLY;=B6_PM1;ETO4;planned
413213886;47536557417;2026-07-22;2026-07-28;2026-07-28;EARLY;=B6_PM1;ETO4;planned
413213886;47537916854;2026-07-23;2026-07-25;2026-07-25;EARLY;=B6_PM1;ETO4;planned
413213886;47540248617;2026-07-23;2026-07-25;2026-07-25;EARLY;=B6_PM1;ETO4;planned
413213886;47540558634;2026-07-23;2026-07-27;2026-07-27;EARLY;=B6_PM1;ETO4;planned
413213886;47541246301;2026-07-23;2026-07-27;2026-07-27;EARLY;=B6_PM1;ETO4;planned
413213886;47542882748;2026-07-23;2026-07-29;2026-07-29;EARLY;=B6_PM1;ETO4;planned
413213886;47543372875;2026-07-24;2026-07-25;2026-07-25;EARLY;=B6_PM1;ETO4;planned
413213886;47543423269;2026-07-23;2026-07-27;2026-07-27;EARLY;=B6_PM1;ETO4;planned
413213886;47543780403;2026-07-23;2026-07-27;2026-07-27;EARLY;=B6_PM1;ETO4;planned
413213886;47544081355;2026-07-23;2026-07-25;2026-07-25;EARLY;=B6_PM1;ETO4;planned
413213886;47547854589;2026-07-23;2026-07-27;2026-07-27;EARLY;=B6_PM1;ETO4;planned
413213886;47548958248;2026-07-24;;2026-07-24;ON TIME;=B6_PM1;ETO4;planned
413213886;47549076236;2026-07-25;2026-07-27;2026-07-27;EARLY;=B6_PM1;ETO4;planned
413213886;47549174368;2026-07-24;2026-07-26;2026-07-26;EARLY;=B6_PM1;ETO4;planned
413213886;47549258956;2026-07-24;2026-07-27;2026-07-27;EARLY;=B6_PM1;ETO4;planned
413213886;47550163980;2026-07-23;2026-07-25;2026-07-25;EARLY;=B6_PM1;ETO4;planned
413213886;47550539486;2026-07-25;;2026-07-25;EARLY;=B6_PM1;ETO4;planned
413213886;47552423859;2026-07-24;2026-07-26;2026-07-26;EARLY;=B6_PM1;ETO4;planned
413213886;47553327315;2026-07-24;2026-07-26;2026-07-26;EARLY;=B6_PM1;ETO4;planned
413213886;47553537078;2026-07-24;2026-07-26;2026-07-26;EARLY;=B6_PM1;ETO4;planned
413213886;47554257647;2026-07-25;;2026-07-25;EARLY;=B6_PM1;ETO4;planned
413213886;47554613590;2026-07-24;2026-07-27;2026-07-27;EARLY;=B6_PM1;ETO4;planned
413213886;47554760007;2026-07-24;2026-07-27;2026-07-27;EARLY;=B6_PM1;ETO4;planned
413213886;47555508927;2026-07-25;;2026-07-25;EARLY;=B6_PM1;ETO4;planned
413213886;47556000807;2026-07-25;2026-07-27;2026-07-27;EARLY;=B6_PM1;ETO4;planned
413213886;47556233678;2026-07-23;2026-07-25;2026-07-25;EARLY;=B6_PM1;ETO4;planned
413213886;47556597642;2026-07-25;2026-07-27;2026-07-27;EARLY;=B6_PM1;ETO4;planned
413213886;47557032277;2026-07-25;2026-07-27;2026-07-27;EARLY;=B6_PM1;ETO4;planned
413213886;47557237232;2026-07-23;2026-07-27;2026-07-27;EARLY;=B6_PM1;ETO4;planned
413213886;47557950021;2026-07-25;2026-07-26;2026-07-26;EARLY;=B6_PM1;ETO4;planned
413213886;47557950207;2026-07-25;;2026-07-25;EARLY;=B6_PM1;ETO4;planned
413213886;47558979270;2026-07-25;;2026-07-25;EARLY;=B6_PM1;ETO4;planned
413213886;47559245679;2026-07-25;;2026-07-25;EARLY;=B6_PM1;ETO4;planned
413213886;47560227352;2026-07-23;2026-07-25;2026-07-25;EARLY;=B6_PM1;ETO4;planned
413213886;47561376165;2026-07-25;;2026-07-25;EARLY;=B6_PM1;ETO4;planned
413213886;47561907430;2026-07-25;;2026-07-25;EARLY;=B6_PM1;ETO4;planned
413213886;47562675871;2026-07-31;2026-08-02;2026-08-02;EARLY;=B6_PM1;ETO4;planned
413213886;47563267639;2026-07-24;2026-07-26;2026-07-26;EARLY;=B6_PM1;ETO4;planned
413213886;47564759516;2026-07-24;2026-07-26;2026-07-26;EARLY;=B6_PM1;ETO4;planned
413213886;47565248014;2026-07-24;2026-07-25;2026-07-25;EARLY;=B6_PM1;ETO4;planned
413213886;47566767474;2026-07-24;2026-07-25;2026-07-25;EARLY;=B6_PM1;ETO4;planned
413213886;47567970780;2026-07-24;2026-07-25;2026-07-25;EARLY;=B6_PM1;ETO4;planned
413213886;47568013248;2026-07-24;2026-07-25;2026-07-25;EARLY;=B6_PM1;ETO4;planned
413213886;47568201985;2026-07-25;;2026-07-25;EARLY;=B6_PM1;ETO4;planned
413213886;47568453442;2026-07-25;;2026-07-25;EARLY;=B6_PM1;ETO4;planned
413213886;47569073369;2026-07-24;2026-07-26;2026-07-26;EARLY;=B6_PM1;ETO4;planned
413213886;47569303261;2026-07-24;2026-07-25;2026-07-25;EARLY;=B6_PM1;ETO4;planned
413213886;47569610279;2026-07-24;2026-07-26;2026-07-26;EARLY;=B6_PM1;ETO4;planned
413213886;47569831012;2026-07-25;;2026-07-25;EARLY;=B6_PM1;ETO4;planned
413213886;47570415444;2026-07-25;;2026-07-25;EARLY;=B6_PM1;ETO4;planned
413213886;47570802106;2026-07-25;;2026-07-25;EARLY;=B6_PM1;ETO4;planned
413213886;47570802162;2026-07-25;;2026-07-25;EARLY;=B6_PM1;ETO4;planned
413213886;47571179525;2026-07-25;2026-07-27;2026-07-27;EARLY;=B6_PM1;ETO4;planned
413213886;47572227993;2026-07-24;2026-07-26;2026-07-26;EARLY;=B6_PM1;ETO4;planned
413213886;47572637565;2026-07-25;;2026-07-25;EARLY;=B6_PM1;ETO4;planned
413213886;47572841245;2026-07-24;2026-07-26;2026-07-26;EARLY;=B6_PM1;ETO4;planned
413213886;47573012904;2026-07-24;2026-07-26;2026-07-26;EARLY;=B6_PM1;ETO4;planned
413213886;47573091726;2026-07-24;2026-07-26;2026-07-26;EARLY;=B6_PM1;ETO4;planned
413213886;47573680279;2026-07-25;;2026-07-25;EARLY;=B6_PM1;ETO4;planned
413213886;47574692641;2026-07-25;;2026-07-25;EARLY;=B6_PM1;ETO4;planned
413213886;47574942260;2026-07-25;;2026-07-25;EARLY;=B6_PM1;ETO4;planned
413213886;47574970067;2026-07-25;2026-07-27;2026-07-27;EARLY;=B6_PM1;ETO4;planned
413213886;47575332511;2026-07-25;2026-07-27;2026-07-27;EARLY;=B6_PM1;ETO4;planned
413213886;47575724458;2026-07-25;2026-07-27;2026-07-27;EARLY;=B6_PM1;ETO4;planned
413213886;47575803091;2026-07-25;2026-07-27;2026-07-27;EARLY;=B6_PM1;ETO4;planned
413213886;47575809280;2026-07-25;2026-07-27;2026-07-27;EARLY;=B6_PM1;ETO4;planned
413213886;47575934529;2026-07-25;;2026-07-25;EARLY;=B6_PM1;ETO4;planned
413213886;47576417466;2026-07-25;;2026-07-25;EARLY;=B6_PM1;ETO4;planned
413213886;47576976322;2026-07-25;;2026-07-25;EARLY;=B6_PM1;ETO4;planned
413213886;47576988948;2026-07-25;;2026-07-25;EARLY;=B6_PM1;ETO4;planned
413213886;47577430424;2026-07-25;;2026-07-25;EARLY;=B6_PM1;ETO4;planned
413213886;47577717794;2026-07-25;;2026-07-25;EARLY;=B6_PM1;ETO4;planned
413213886;47578090522;2026-07-25;;2026-07-25;EARLY;=B6_PM1;ETO4;planned
413213886;47578647791;2026-07-25;;2026-07-25;EARLY;=B6_PM1;ETO4;planned
413213886;47578879139;2026-07-25;;2026-07-25;EARLY;=B6_PM1;ETO4;planned
413213886;47579554629;2026-07-25;;2026-07-25;EARLY;=B6_PM1;ETO4;planned
413213886;47579865043;2026-07-25;;2026-07-25;EARLY;=B6_PM1;ETO4;planned
413213886;47580372227;2026-07-25;;2026-07-25;EARLY;=B6_PM1;ETO4;planned
413214005;47451686498;2026-07-24;2026-07-26;2026-07-26;EARLY;=B4_PM1;ETO4;planned
413214005;47457187841;2026-07-13;2026-07-15;2026-07-15;VENCIDO;=B4_PM1;ETO4;planned
413214005;47512709188;2026-07-21;2026-07-26;2026-07-26;EARLY;=B4_PM1;ETO4;planned
413214005;47517757601;2026-07-23;2026-07-27;2026-07-27;EARLY;=B4_PM1;ETO4;planned
413214005;47520512404;2026-07-22;2026-07-28;2026-07-28;EARLY;=B4_PM1;ETO4;planned
413214005;47523067991;2026-07-23;2026-07-27;2026-07-27;EARLY;=B4_PM1;ETO4;planned
413214005;47527205917;2026-07-23;2026-07-27;2026-07-27;EARLY;=B4_PM1;ETO4;planned
413214005;47527292871;2026-07-23;2026-07-27;2026-07-27;EARLY;=B4_PM1;ETO4;planned
413214005;47528059070;2026-07-22;2026-07-27;2026-07-27;EARLY;=B4_PM1;ETO4;planned
413214005;47528538410;2026-07-25;2026-07-27;2026-07-27;EARLY;=B4_PM1;ETO4;planned
413214005;47531707617;2026-07-20;2026-07-25;2026-07-25;EARLY;=B4_PM1;ETO4;planned
413214005;47537211825;2026-07-22;2026-07-26;2026-07-26;EARLY;=B4_PM1;ETO4;planned
413214005;47538639128;2026-07-22;2026-07-28;2026-07-28;EARLY;=B4_PM1;ETO4;planned
413214005;47538692783;2026-07-20;2026-07-22;2026-07-22;VENCIDO;=B4_PM1;ETO4;planned
413214005;47540409463;2026-07-23;2026-07-27;2026-07-27;EARLY;=B4_PM1;ETO4;planned
413214005;47540519405;2026-07-23;2026-07-25;2026-07-25;EARLY;=B4_PM1;ETO4;planned
413214005;47541315114;2026-07-23;2026-07-27;2026-07-27;EARLY;=B4_PM1;ETO4;planned
413214005;47543305149;2026-07-23;2026-07-27;2026-07-27;EARLY;=B4_PM1;ETO4;planned
413214005;47545390282;2026-07-23;2026-07-27;2026-07-27;EARLY;=B4_PM1;ETO4;planned
413214005;47546312221;2026-07-24;2026-07-26;2026-07-26;EARLY;=B4_PM1;ETO4;planned
413214005;47546781211;2026-07-24;2026-07-27;2026-07-27;EARLY;=B4_PM1;ETO4;planned
413214005;47547067500;2026-07-25;2026-07-27;2026-07-27;EARLY;=B4_PM1;ETO4;planned
413214005;47547705031;2026-07-26;2026-07-28;2026-07-28;EARLY;=B4_PM1;ETO4;planned
413214005;47548438867;2026-07-22;2026-07-26;2026-07-26;EARLY;=B4_PM1;ETO4;planned
413214005;47548463902;2026-07-23;2026-07-27;2026-07-27;EARLY;=B4_PM1;ETO4;planned
413214005;47550322124;2026-07-24;2026-07-26;2026-07-26;EARLY;=B4_PM1;ETO4;planned
413214005;47552779630;2026-07-24;2026-07-26;2026-07-26;EARLY;=B4_PM1;ETO4;planned
413214005;47554052354;2026-07-25;;2026-07-25;EARLY;=B4_PM1;ETO4;planned
413214005;47554136711;2026-07-25;2026-07-27;2026-07-27;EARLY;=B4_PM1;ETO4;planned
413214005;47554719461;2026-07-24;2026-07-26;2026-07-26;EARLY;=B4_PM1;ETO4;planned
413214005;47555545066;2026-07-23;2026-07-27;2026-07-27;EARLY;=B4_PM1;ETO4;planned
413214005;47555718431;2026-07-25;;2026-07-25;EARLY;=B4_PM1;ETO4;planned
413214005;47556181865;2026-07-24;2026-07-26;2026-07-26;EARLY;=B4_PM1;ETO4;planned
413214005;47557595674;2026-07-24;2026-07-26;2026-07-26;EARLY;=B4_PM1;ETO4;planned
413214005;47558148733;2026-07-24;2026-07-26;2026-07-26;EARLY;=B4_PM1;ETO4;planned
413214005;47558238566;2026-07-23;2026-07-27;2026-07-27;EARLY;=B4_PM1;ETO4;planned
413214005;47558332889;2026-07-23;2026-07-25;2026-07-25;EARLY;=B4_PM1;ETO4;planned
413214005;47558392096;2026-07-25;;2026-07-25;EARLY;=B4_PM1;ETO4;planned
413214005;47558641110;;;;;=B4_PM1;ETO4;planned
413214005;47558641446;;;;;=B4_PM1;ETO4;planned
413214005;47559648551;2026-07-24;2026-07-26;2026-07-26;EARLY;=B4_PM1;ETO4;planned
413214005;47560726293;2026-07-25;;2026-07-25;EARLY;=B4_PM1;ETO4;planned
413214005;47560761752;2026-07-24;2026-07-26;2026-07-26;EARLY;=B4_PM1;ETO4;planned
413214005;47561456214;2026-07-23;2026-07-25;2026-07-25;EARLY;=B4_PM1;ETO4;planned
413214005;47561616496;2026-07-24;2026-07-25;2026-07-25;EARLY;=B4_PM1;ETO4;planned
413214005;47561616516;2026-07-25;;2026-07-25;EARLY;=B4_PM1;ETO4;planned
413214005;47561732673;2026-07-25;;2026-07-25;EARLY;=B4_PM1;ETO4;planned
413214005;47563423876;2026-07-25;;2026-07-25;EARLY;=B4_PM1;ETO4;planned
413214005;47565928222;2026-07-25;2026-07-27;2026-07-27;EARLY;=B4_PM1;ETO4;planned
413214005;47565946715;2026-07-24;2026-07-26;2026-07-26;EARLY;=B4_PM1;ETO4;planned
413214005;47565953980;2026-07-25;;2026-07-25;EARLY;=B4_PM1;ETO4;planned
413214005;47566231579;2026-07-24;2026-07-25;2026-07-25;EARLY;=B4_PM1;ETO4;planned
413214005;47566275562;2026-07-24;2026-07-25;2026-07-25;EARLY;=B4_PM1;ETO4;planned
413214005;47566275584;2026-07-24;2026-07-25;2026-07-25;EARLY;=B4_PM1;ETO4;planned
413214005;47566355522;2026-07-24;2026-07-25;2026-07-25;EARLY;=B4_PM1;ETO4;planned
413214005;47566367454;2026-07-26;2026-07-27;2026-07-27;EARLY;=B4_PM1;ETO4;planned
413214005;47567200632;2026-07-24;2026-07-25;2026-07-25;EARLY;=B4_PM1;ETO4;planned
413214005;47567568274;2026-07-24;2026-07-25;2026-07-25;EARLY;=B4_PM1;ETO4;planned
413214005;47567694045;2026-07-24;2026-07-25;2026-07-25;EARLY;=B4_PM1;ETO4;planned
413214005;47568280380;2026-07-25;;2026-07-25;EARLY;=B4_PM1;ETO4;planned
413214005;47568339391;2026-07-24;2026-07-25;2026-07-25;EARLY;=B4_PM1;ETO4;planned
413214005;47568573403;2026-07-25;2026-07-27;2026-07-27;EARLY;=B4_PM1;ETO4;planned
413214005;47568589854;2026-07-24;2026-07-25;2026-07-25;EARLY;=B4_PM1;ETO4;planned
413214005;47568590616;2026-07-24;2026-07-25;2026-07-25;EARLY;=B4_PM1;ETO4;planned
413214005;47568595449;2026-07-24;2026-07-26;2026-07-26;EARLY;=B4_PM1;ETO4;planned
413214005;47570230489;2026-07-25;;2026-07-25;EARLY;=B4_PM1;ETO4;planned
413214005;47573065933;2026-07-25;;2026-07-25;EARLY;=B4_PM1;ETO4;planned
413214005;47573240726;2026-07-25;;2026-07-25;EARLY;=B4_PM1;ETO4;planned
413214005;47573292855;2026-07-25;2026-07-29;2026-07-29;EARLY;=B4_PM1;ETO4;planned
413214005;47574213347;2026-07-25;;2026-07-25;EARLY;=B4_PM1;ETO4;planned
413214005;47574213485;2026-07-24;2026-07-26;2026-07-26;EARLY;=B4_PM1;ETO4;planned
413214005;47574463106;2026-07-25;2026-07-27;2026-07-27;EARLY;=B4_PM1;ETO4;planned
413214005;47574549962;2026-07-25;;2026-07-25;EARLY;=B4_PM1;ETO4;planned
413214005;47574595636;2026-07-25;;2026-07-25;EARLY;=B4_PM1;ETO4;planned
413214005;47574674195;2026-07-25;2026-07-27;2026-07-27;EARLY;=B4_PM1;ETO4;planned
413214005;47574679096;2026-07-25;;2026-07-25;EARLY;=B4_PM1;ETO4;planned
413214005;47574846392;2026-07-25;2026-07-27;2026-07-27;EARLY;=B4_PM1;ETO4;planned
413214005;47574914829;2026-07-25;2026-07-27;2026-07-27;EARLY;=B4_PM1;ETO4;planned
413214005;47575334709;2026-07-25;2026-07-29;2026-07-29;EARLY;=B4_PM1;ETO4;planned
413214005;47575382182;2026-07-25;2026-07-27;2026-07-27;EARLY;=B4_PM1;ETO4;planned
413214005;47575786101;2026-07-25;;2026-07-25;EARLY;=B4_PM1;ETO4;planned
413214005;47576292501;2026-07-25;;2026-07-25;EARLY;=B4_PM1;ETO4;planned
413214005;47577156282;2026-07-25;;2026-07-25;EARLY;=B4_PM1;ETO4;planned
413214005;47577403458;2026-07-25;;2026-07-25;EARLY;=B4_PM1;ETO4;planned
413214005;47578317888;2026-07-25;;2026-07-25;EARLY;=B4_PM1;ETO4;planned
413214005;47578756276;2026-07-25;;2026-07-25;EARLY;=B4_PM1;ETO4;planned
413214005;47578756406;2026-07-25;;2026-07-25;EARLY;=B4_PM1;ETO4;planned
413214005;47579643904;2026-07-25;;2026-07-25;EARLY;=B4_PM1;ETO4;planned
413214887;47488243246;2026-07-18;2026-07-24;2026-07-24;ON TIME;=B7_PM1;ETO4;planned
413214887;47515067508;2026-07-23;2026-07-27;2026-07-27;EARLY;=B7_PM1;ETO4;planned
413214887;47522849291;2026-07-23;2026-07-27;2026-07-27;EARLY;=B7_PM1;ETO4;planned
413214887;47526912940;2026-07-21;2026-07-26;2026-07-26;EARLY;=B7_PM1;ETO4;planned
413214887;47526913052;2026-07-20;2026-07-26;2026-07-26;EARLY;=B7_PM1;ETO4;planned
413214887;47528326387;2026-07-24;2026-07-29;2026-07-29;EARLY;=B7_PM1;ETO4;planned
413214887;47529501644;2026-07-22;2026-07-27;2026-07-27;EARLY;=B7_PM1;ETO4;planned
413214887;47531513101;2026-07-21;2026-07-27;2026-07-27;EARLY;=B7_PM1;ETO4;planned
413214887;47531833953;2026-07-21;2026-07-27;2026-07-27;EARLY;=B7_PM1;ETO4;planned
413214887;47534432378;2026-07-22;2026-07-28;2026-07-28;EARLY;=B7_PM1;ETO4;planned
413214887;47534436260;2026-07-22;2026-07-26;2026-07-26;EARLY;=B7_PM1;ETO4;planned
413214887;47535682240;2026-07-23;2026-07-27;2026-07-27;EARLY;=B7_PM1;ETO4;planned
413214887;47538034000;2026-07-24;2026-07-25;2026-07-25;EARLY;=B7_PM1;ETO4;planned
413214887;47538524281;2026-07-24;2026-07-27;2026-07-27;EARLY;=B7_PM1;ETO4;planned
413214887;47538524303;2026-07-24;2026-07-27;2026-07-27;EARLY;=B7_PM1;ETO4;planned
413214887;47538545735;2026-07-24;2026-07-27;2026-07-27;EARLY;=B7_PM1;ETO4;planned
413214887;47539446310;2026-07-24;2026-07-25;2026-07-25;EARLY;=B7_PM1;ETO4;planned
413214887;47539845812;2026-07-23;2026-07-25;2026-07-25;EARLY;=B7_PM1;ETO4;planned
413214887;47540004584;2026-07-23;2026-07-27;2026-07-27;EARLY;=B7_PM1;ETO4;planned
413214887;47541557242;2026-07-22;2026-07-26;2026-07-26;EARLY;=B7_PM1;ETO4;planned
413214887;47542304282;2026-07-23;2026-07-27;2026-07-27;EARLY;=B7_PM1;ETO4;planned
413214887;47543873969;2026-07-23;2026-07-27;2026-07-27;EARLY;=B7_PM1;ETO4;planned
413214887;47545101699;2026-07-23;2026-07-25;2026-07-25;EARLY;=B7_PM1;ETO4;planned
413214887;47546850139;2026-07-23;2026-07-27;2026-07-27;EARLY;=B7_PM1;ETO4;planned
413214887;47547743799;2026-07-24;2026-07-26;2026-07-26;EARLY;=B7_PM1;ETO4;planned
413214887;47548552099;2026-07-23;2026-07-27;2026-07-27;EARLY;=B7_PM1;ETO4;planned
413214887;47549204798;2026-07-23;2026-07-27;2026-07-27;EARLY;=B7_PM1;ETO4;planned
413214887;47549229860;2026-07-24;2026-07-26;2026-07-26;EARLY;=B7_PM1;ETO4;planned
413214887;47550615043;2026-07-24;2026-07-26;2026-07-26;EARLY;=B7_PM1;ETO4;planned
413214887;47550661958;2026-07-24;2026-07-26;2026-07-26;EARLY;=B7_PM1;ETO4;planned
413214887;47550753368;2026-07-25;2026-07-27;2026-07-27;EARLY;=B7_PM1;ETO4;planned
413214887;47551009600;2026-07-26;2026-07-27;2026-07-27;EARLY;=B7_PM1;ETO4;planned
413214887;47551231123;2026-07-24;2026-07-26;2026-07-26;EARLY;=B7_PM1;ETO4;planned
413214887;47552174319;2026-07-24;;2026-07-24;ON TIME;=B7_PM1;ETO4;planned
413214887;47552390790;2026-07-24;2026-07-26;2026-07-26;EARLY;=B7_PM1;ETO4;planned
413214887;47552656602;2026-07-24;2026-07-26;2026-07-26;EARLY;=B7_PM1;ETO4;planned
413214887;47552756990;2026-07-24;2026-07-26;2026-07-26;EARLY;=B7_PM1;ETO4;planned
413214887;47552903182;2026-07-25;;2026-07-25;EARLY;=B7_PM1;ETO4;planned
413214887;47553193162;2026-07-24;2026-07-27;2026-07-27;EARLY;=B7_PM1;ETO4;planned
413214887;47553747883;2026-07-25;2026-07-29;2026-07-29;EARLY;=B7_PM1;ETO4;planned
413214887;47556186828;2026-07-24;2026-07-26;2026-07-26;EARLY;=B7_PM1;ETO4;planned
413214887;47556387381;2026-07-24;2026-07-27;2026-07-27;EARLY;=B7_PM1;ETO4;planned
413214887;47556545561;2026-07-23;2026-07-25;2026-07-25;EARLY;=B7_PM1;ETO4;planned
413214887;47556545735;2026-07-23;2026-07-25;2026-07-25;EARLY;=B7_PM1;ETO4;planned
413214887;47557470787;2026-07-25;;2026-07-25;EARLY;=B7_PM1;ETO4;planned
413214887;47557470797;2026-07-25;;2026-07-25;EARLY;=B7_PM1;ETO4;planned
413214887;47558072263;2026-07-24;2026-07-26;2026-07-26;EARLY;=B7_PM1;ETO4;planned
413214887;47558196539;2026-07-25;;2026-07-25;EARLY;=B7_PM1;ETO4;planned
413214887;47558196551;2026-07-25;2026-07-26;2026-07-26;EARLY;=B7_PM1;ETO4;planned
413214887;47558324716;2026-07-25;;2026-07-25;EARLY;=B7_PM1;ETO4;planned
413214887;47558342744;2026-07-24;2026-07-26;2026-07-26;EARLY;=B7_PM1;ETO4;planned
413214887;47558436406;2026-07-25;;2026-07-25;EARLY;=B7_PM1;ETO4;planned
413214887;47558513016;2026-08-07;2026-08-09;2026-08-09;EARLY;=B7_PM1;ETO4;planned
413214887;47558604188;2026-07-23;2026-07-25;2026-07-25;EARLY;=B7_PM1;ETO4;planned
413214887;47558804500;2026-07-25;2026-07-27;2026-07-27;EARLY;=B7_PM1;ETO4;planned
413214887;47558840562;2026-07-25;;2026-07-25;EARLY;=B7_PM1;ETO4;planned
413214887;47558849180;2026-07-25;;2026-07-25;EARLY;=B7_PM1;ETO4;planned
413214887;47559216290;2026-07-24;2026-07-26;2026-07-26;EARLY;=B7_PM1;ETO4;planned
413214887;47559578826;2026-07-23;2026-07-25;2026-07-25;EARLY;=B7_PM1;ETO4;planned
413214887;47560053151;2026-07-25;;2026-07-25;EARLY;=B7_PM1;ETO4;planned
413214887;47560070193;2026-07-24;2026-07-26;2026-07-26;EARLY;=B7_PM1;ETO4;planned
413214887;47560388687;2026-07-26;2026-07-30;2026-07-30;EARLY;=B7_PM1;ETO4;planned
413214887;47562247371;2026-07-25;;2026-07-25;EARLY;=B7_PM1;ETO4;planned
413214887;47562499454;2026-07-25;;2026-07-25;EARLY;=B7_PM1;ETO4;planned
413214887;47562616262;2026-07-25;;2026-07-25;EARLY;=B7_PM1;ETO4;planned
413214887;47564199807;2026-07-24;2026-07-25;2026-07-25;EARLY;=B7_PM1;ETO4;planned
413214887;47565325024;2026-07-24;2026-07-25;2026-07-25;EARLY;=B7_PM1;ETO4;planned
413214887;47565328609;2026-07-24;2026-07-25;2026-07-25;EARLY;=B7_PM1;ETO4;planned
413214887;47565343389;2026-07-25;2026-07-27;2026-07-27;EARLY;=B7_PM1;ETO4;planned
413214887;47566648169;2026-07-24;2026-07-25;2026-07-25;EARLY;=B7_PM1;ETO4;planned
413214887;47568290485;2026-07-24;2026-07-25;2026-07-25;EARLY;=B7_PM1;ETO4;planned
413214887;47570479419;2026-07-25;2026-07-27;2026-07-27;EARLY;=B7_PM1;ETO4;planned
413214887;47570585312;2026-07-25;;2026-07-25;EARLY;=B7_PM1;ETO4;planned
413214887;47570698271;2026-07-25;2026-07-27;2026-07-27;EARLY;=B7_PM1;ETO4;planned
413214887;47572655728;2026-07-25;2026-07-27;2026-07-27;EARLY;=B7_PM1;ETO4;planned
413214887;47573264136;2026-07-24;2026-07-26;2026-07-26;EARLY;=B7_PM1;ETO4;planned
413214887;47573818657;2026-07-24;2026-07-26;2026-07-26;EARLY;=B7_PM1;ETO4;planned
413214887;47573961278;2026-07-25;;2026-07-25;EARLY;=B7_PM1;ETO4;planned
413214887;47574416064;2026-07-25;;2026-07-25;EARLY;=B7_PM1;ETO4;planned
413214887;47574469488;2026-07-25;;2026-07-25;EARLY;=B7_PM1;ETO4;planned
413214887;47575663446;2026-07-25;2026-07-27;2026-07-27;EARLY;=B7_PM1;ETO4;planned
413214887;47576527042;2026-07-25;;2026-07-25;EARLY;=B7_PM1;ETO4;planned
413214887;47577245442;2026-07-25;;2026-07-25;EARLY;=B7_PM1;ETO4;planned
413214887;47577690977;2026-07-25;;2026-07-25;EARLY;=B7_PM1;ETO4;planned
413214887;47578391190;2026-07-25;;2026-07-25;EARLY;=B7_PM1;ETO4;planned
413214887;47579228378;2026-07-25;;2026-07-25;EARLY;=B7_PM1;ETO4;planned
413214887;47579454777;2026-07-25;2026-07-29;2026-07-29;EARLY;=B7_PM1;ETO4;planned
413214887;47579703944;2026-07-25;2026-07-29;2026-07-29;EARLY;=B7_PM1;ETO4;planned
413214887;47579750576;2026-07-25;;2026-07-25;EARLY;=B7_PM1;ETO4;planned
413214887;47579889132;2026-07-25;2026-07-29;2026-07-29;EARLY;=B7_PM1;ETO4;planned
413215426;47517497470;2026-07-23;2026-07-27;2026-07-27;EARLY;=B5_PM1;ETO4;planned
413215426;47524077861;2026-07-21;2026-07-27;2026-07-27;EARLY;=B5_PM1;ETO4;planned
413215426;47526736601;2026-07-20;2026-07-25;2026-07-25;EARLY;=B5_PM1;ETO4;planned
413215426;47526845044;2026-07-20;2026-07-25;2026-07-25;EARLY;=B5_PM1;ETO4;planned
413215426;47528098931;2026-07-22;2026-07-23;2026-07-23;VENCIDO;=B5_PM1;ETO4;planned
413215426;47529770418;2026-07-22;2026-07-27;2026-07-27;EARLY;=B5_PM1;ETO4;planned
413215426;47534971320;2026-07-23;2026-07-27;2026-07-27;EARLY;=B5_PM1;ETO4;planned
413215426;47537159793;2026-07-23;2026-07-27;2026-07-27;EARLY;=B5_PM1;ETO4;planned
413215426;47537954745;2026-07-22;2026-07-28;2026-07-28;EARLY;=B5_PM1;ETO4;planned
413215426;47538362632;2026-07-23;2026-07-27;2026-07-27;EARLY;=B5_PM1;ETO4;planned
413215426;47538838193;2026-07-24;2026-07-25;2026-07-25;EARLY;=B5_PM1;ETO4;planned
413215426;47538923965;2026-07-23;2026-07-27;2026-07-27;EARLY;=B5_PM1;ETO4;planned
413215426;47539491132;2026-07-23;2026-07-27;2026-07-27;EARLY;=B5_PM1;ETO4;planned
413215426;47540058770;2026-07-23;2026-07-25;2026-07-25;EARLY;=B5_PM1;ETO4;planned
413215426;47540311225;2026-07-24;2026-07-28;2026-07-28;EARLY;=B5_PM1;ETO4;planned
413215426;47540902844;2026-07-23;2026-07-27;2026-07-27;EARLY;=B5_PM1;ETO4;planned
413215426;47541698150;2026-07-23;2026-07-27;2026-07-27;EARLY;=B5_PM1;ETO4;planned
413215426;47543483724;2026-07-23;2026-07-27;2026-07-27;EARLY;=B5_PM1;ETO4;planned
413215426;47543985093;2026-07-21;2026-07-23;2026-07-23;VENCIDO;=B5_PM1;ETO4;planned
413215426;47544556157;2026-07-25;2026-07-27;2026-07-27;EARLY;=B5_PM1;ETO4;planned
413215426;47546683744;2026-07-24;2026-07-26;2026-07-26;EARLY;=B5_PM1;ETO4;planned
413215426;47546899539;2026-07-25;2026-07-27;2026-07-27;EARLY;=B5_PM1;ETO4;planned
413215426;47548024472;2026-07-23;2026-07-27;2026-07-27;EARLY;=B5_PM1;ETO4;planned
413215426;47548928895;2026-07-24;2026-07-26;2026-07-26;EARLY;=B5_PM1;ETO4;planned
413215426;47550479033;2026-07-25;;2026-07-25;EARLY;=B5_PM1;ETO4;planned
413215426;47550871784;2026-07-25;;2026-07-25;EARLY;=B5_PM1;ETO4;planned
413215426;47551227755;2026-07-24;2026-07-26;2026-07-26;EARLY;=B5_PM1;ETO4;planned
413215426;47551297219;2026-07-23;2026-07-25;2026-07-25;EARLY;=B5_PM1;ETO4;planned
413215426;47551797026;2026-07-24;2026-07-26;2026-07-26;EARLY;=B5_PM1;ETO4;planned
413215426;47552135237;2026-07-24;2026-07-26;2026-07-26;EARLY;=B5_PM1;ETO4;planned
413215426;47552403194;2026-07-25;2026-07-29;2026-07-29;EARLY;=B5_PM1;ETO4;planned
413215426;47552683208;2026-07-22;2026-07-26;2026-07-26;EARLY;=B5_PM1;ETO4;planned
413215426;47553680418;2026-07-24;2026-07-27;2026-07-27;EARLY;=B5_PM1;ETO4;planned
413215426;47553956680;2026-07-23;2026-07-27;2026-07-27;EARLY;=B5_PM1;ETO4;planned
413215426;47554243178;2026-07-25;;2026-07-25;EARLY;=B5_PM1;ETO4;planned
413215426;47554891949;2026-07-25;;2026-07-25;EARLY;=B5_PM1;ETO4;planned
413215426;47555478641;2026-07-23;2026-07-27;2026-07-27;EARLY;=B5_PM1;ETO4;planned
413215426;47555627712;2026-07-25;2026-07-27;2026-07-27;EARLY;=B5_PM1;ETO4;planned
413215426;47555837389;2026-07-24;2026-07-27;2026-07-27;EARLY;=B5_PM1;ETO4;planned
413215426;47555960075;2026-07-23;2026-07-25;2026-07-25;EARLY;=B5_PM1;ETO4;planned
413215426;47556373029;2026-07-24;2026-07-26;2026-07-26;EARLY;=B5_PM1;ETO4;planned
413215426;47556723654;2026-07-23;2026-07-25;2026-07-25;EARLY;=B5_PM1;ETO4;planned
413215426;47557070153;2026-07-25;;2026-07-25;EARLY;=B5_PM1;ETO4;planned
413215426;47557108049;2026-07-25;2026-07-27;2026-07-27;EARLY;=B5_PM1;ETO4;planned
413215426;47558502225;2026-07-23;2026-07-25;2026-07-25;EARLY;=B5_PM1;ETO4;planned
413215426;47559448098;2026-07-25;2026-07-27;2026-07-27;EARLY;=B5_PM1;ETO4;planned
413215426;47559544643;2026-07-24;2026-07-26;2026-07-26;EARLY;=B5_PM1;ETO4;planned
413215426;47559554631;2026-07-25;;2026-07-25;EARLY;=B5_PM1;ETO4;planned
413215426;47560187689;2026-07-23;2026-07-25;2026-07-25;EARLY;=B5_PM1;ETO4;planned
413215426;47560612615;2026-07-25;;2026-07-25;EARLY;=B5_PM1;ETO4;planned
413215426;47562498667;2026-07-25;;2026-07-25;EARLY;=B5_PM1;ETO4;planned
413215426;47562498691;2026-07-25;;2026-07-25;EARLY;=B5_PM1;ETO4;planned
413215426;47562636638;2026-07-24;2026-07-26;2026-07-26;EARLY;=B5_PM1;ETO4;planned
413215426;47562652005;2026-07-27;2026-07-29;2026-07-29;EARLY;=B5_PM1;ETO4;planned
413215426;47564263998;2026-07-25;2026-07-27;2026-07-27;EARLY;=B5_PM1;ETO4;planned
413215426;47564521039;2026-07-24;2026-07-26;2026-07-26;EARLY;=B5_PM1;ETO4;planned
413215426;47565514171;2026-07-24;2026-07-25;2026-07-25;EARLY;=B5_PM1;ETO4;planned
413215426;47565614237;2026-07-24;2026-07-25;2026-07-25;EARLY;=B5_PM1;ETO4;planned
413215426;47566504012;2026-07-25;;2026-07-25;EARLY;=B5_PM1;ETO4;planned
413215426;47566551711;2026-07-24;2026-07-25;2026-07-25;EARLY;=B5_PM1;ETO4;planned
413215426;47566815265;2026-07-24;2026-07-25;2026-07-25;EARLY;=B5_PM1;ETO4;planned
413215426;47566940121;2026-07-24;2026-07-25;2026-07-25;EARLY;=B5_PM1;ETO4;planned
413215426;47567533062;2026-07-27;;2026-07-27;EARLY;=B5_PM1;ETO4;planned
413215426;47567563224;2026-07-24;2026-07-25;2026-07-25;EARLY;=B5_PM1;ETO4;planned
413215426;47568825239;2026-07-24;2026-07-25;2026-07-25;EARLY;=B5_PM1;ETO4;planned
413215426;47569010944;2026-07-25;;2026-07-25;EARLY;=B5_PM1;ETO4;planned
413215426;47569885373;2026-07-25;;2026-07-25;EARLY;=B5_PM1;ETO4;planned
413215426;47570563437;2026-07-24;2026-07-25;2026-07-25;EARLY;=B5_PM1;ETO4;planned
413215426;47570844025;2026-07-24;2026-07-26;2026-07-26;EARLY;=B5_PM1;ETO4;planned
413215426;47570864758;2026-07-24;2026-07-25;2026-07-25;EARLY;=B5_PM1;ETO4;planned
413215426;47572520824;2026-07-25;;2026-07-25;EARLY;=B5_PM1;ETO4;planned
413215426;47572875265;2026-07-25;;2026-07-25;EARLY;=B5_PM1;ETO4;planned
413215426;47572875303;2026-07-25;;2026-07-25;EARLY;=B5_PM1;ETO4;planned
413215426;47573393426;2026-07-25;;2026-07-25;EARLY;=B5_PM1;ETO4;planned
413215426;47573626583;2026-07-24;2026-07-26;2026-07-26;EARLY;=B5_PM1;ETO4;planned
413215426;47573932627;2026-07-25;;2026-07-25;EARLY;=B5_PM1;ETO4;planned
413215426;47574347001;2026-07-24;2026-07-26;2026-07-26;EARLY;=B5_PM1;ETO4;planned
413215426;47574491426;2026-07-25;;2026-07-25;EARLY;=B5_PM1;ETO4;planned
413215426;47574587885;2026-07-25;;2026-07-25;EARLY;=B5_PM1;ETO4;planned
413215426;47574855450;2026-07-25;;2026-07-25;EARLY;=B5_PM1;ETO4;planned
413215426;47574887220;2026-07-25;2026-07-29;2026-07-29;EARLY;=B5_PM1;ETO4;planned
413215426;47575316641;2026-07-25;2026-07-27;2026-07-27;EARLY;=B5_PM1;ETO4;planned
413215426;47575566308;2026-07-25;;2026-07-25;EARLY;=B5_PM1;ETO4;planned
413215426;47575566793;2026-07-25;;2026-07-25;EARLY;=B5_PM1;ETO4;planned
413215426;47576042443;2026-07-25;;2026-07-25;EARLY;=B5_PM1;ETO4;planned
413215426;47576472017;2026-07-25;2026-07-27;2026-07-27;EARLY;=B5_PM1;ETO4;planned
413215426;47577851115;2026-07-25;;2026-07-25;EARLY;=B5_PM1;ETO4;planned
413215426;47579022415;2026-07-25;;2026-07-25;EARLY;=B5_PM1;ETO4;planned
413215426;47580055375;2026-07-25;;2026-07-25;EARLY;=B5_PM1;ETO4;planned
413215426;47580087877;2026-07-25;;2026-07-25;EARLY;=B5_PM1;ETO4;planned
413215615;47499871711;2026-07-16;2026-07-18;2026-07-18;VENCIDO;=B11_PM1;ETO4;planned
413215615;47502409411;2026-07-16;2026-07-18;2026-07-18;VENCIDO;=B11_PM1;ETO4;planned
413215615;47520366440;2026-07-23;2026-07-27;2026-07-27;EARLY;=B11_PM1;ETO4;planned
413215615;47520917604;2026-07-23;2026-07-27;2026-07-27;EARLY;=B11_PM1;ETO4;planned
413215615;47521544274;2026-07-23;2026-07-27;2026-07-27;EARLY;=B11_PM1;ETO4;planned
413215615;47526032485;2026-07-21;2026-07-27;2026-07-27;EARLY;=B11_PM1;ETO4;planned
413215615;47526537337;2026-07-22;2026-07-27;2026-07-27;EARLY;=B11_PM1;ETO4;planned
413215615;47530377935;2026-07-25;2026-07-27;2026-07-27;EARLY;=B11_PM1;ETO4;planned
413215615;47531301390;2026-07-23;2026-07-27;2026-07-27;EARLY;=B11_PM1;ETO4;planned
413215615;47534086395;2026-07-22;2026-07-26;2026-07-26;EARLY;=B11_PM1;ETO4;planned
413215615;47534189336;2026-07-23;2026-07-27;2026-07-27;EARLY;=B11_PM1;ETO4;planned
413215615;47538230736;2026-07-23;2026-07-27;2026-07-27;EARLY;=B11_PM1;ETO4;planned
413215615;47538996636;2026-07-23;2026-07-27;2026-07-27;EARLY;=B11_PM1;ETO4;planned
413215615;47540228475;2026-07-24;2026-07-25;2026-07-25;EARLY;=B11_PM1;ETO4;planned
413215615;47542314488;2026-07-23;2026-07-25;2026-07-25;EARLY;=B11_PM1;ETO4;planned
413215615;47542865349;2026-07-24;2026-07-27;2026-07-27;EARLY;=B11_PM1;ETO4;planned
413215615;47543254166;2026-07-23;2026-07-25;2026-07-25;EARLY;=B11_PM1;ETO4;planned
413215615;47543541050;2026-07-23;2026-07-27;2026-07-27;EARLY;=B11_PM1;ETO4;planned
413215615;47546210291;2026-07-24;2026-07-26;2026-07-26;EARLY;=B11_PM1;ETO4;planned
413215615;47546706731;2026-07-25;;2026-07-25;EARLY;=B11_PM1;ETO4;planned
413215615;47547736581;2026-07-24;2026-07-26;2026-07-26;EARLY;=B11_PM1;ETO4;planned
413215615;47548570026;2026-07-24;2026-07-25;2026-07-25;EARLY;=B11_PM1;ETO4;planned
413215615;47549129002;2026-07-24;2026-07-26;2026-07-26;EARLY;=B11_PM1;ETO4;planned
413215615;47549478261;2026-07-22;2026-07-26;2026-07-26;EARLY;=B11_PM1;ETO4;planned
413215615;47549645633;2026-07-24;;2026-07-24;ON TIME;=B11_PM1;ETO4;planned
413215615;47551224848;2026-07-24;2026-07-26;2026-07-26;EARLY;=B11_PM1;ETO4;planned
413215615;47552308789;2026-07-24;;2026-07-24;ON TIME;=B11_PM1;ETO4;planned
413215615;47552313029;2026-07-24;;2026-07-24;ON TIME;=B11_PM1;ETO4;planned
413215615;47552831093;2026-07-23;2026-07-25;2026-07-25;EARLY;=B11_PM1;ETO4;planned
413215615;47553286408;2026-07-23;2026-07-27;2026-07-27;EARLY;=B11_PM1;ETO4;planned
413215615;47554905510;2026-07-25;;2026-07-25;EARLY;=B11_PM1;ETO4;planned
413215615;47555413193;2026-07-25;;2026-07-25;EARLY;=B11_PM1;ETO4;planned
413215615;47555539562;2026-07-24;2026-07-26;2026-07-26;EARLY;=B11_PM1;ETO4;planned
413215615;47555539572;2026-07-24;2026-07-27;2026-07-27;EARLY;=B11_PM1;ETO4;planned
413215615;47555690144;2026-07-24;2026-07-26;2026-07-26;EARLY;=B11_PM1;ETO4;planned
413215615;47555933721;2026-07-25;;2026-07-25;EARLY;=B11_PM1;ETO4;planned
413215615;47556601227;2026-07-25;;2026-07-25;EARLY;=B11_PM1;ETO4;planned
413215615;47556601295;2026-07-25;;2026-07-25;EARLY;=B11_PM1;ETO4;planned
413215615;47557256063;2026-07-25;2026-07-27;2026-07-27;EARLY;=B11_PM1;ETO4;planned
413215615;47557368797;2026-07-25;2026-07-27;2026-07-27;EARLY;=B11_PM1;ETO4;planned
413215615;47557445096;2026-07-23;2026-07-25;2026-07-25;EARLY;=B11_PM1;ETO4;planned
413215615;47557474060;2026-07-23;2026-07-27;2026-07-27;EARLY;=B11_PM1;ETO4;planned
413215615;47557916998;2026-07-25;;2026-07-25;EARLY;=B11_PM1;ETO4;planned
413215615;47558536443;2026-07-24;2026-07-26;2026-07-26;EARLY;=B11_PM1;ETO4;planned
413215615;47563752739;;;;;=B11_PM1;ETO4;planned
413215615;47564004652;;;;;=B11_PM1;ETO4;planned
413215615;47564765149;2026-07-25;;2026-07-25;EARLY;=B11_PM1;ETO4;planned
413215615;47566299271;2026-07-25;;2026-07-25;EARLY;=B11_PM1;ETO4;planned
413215615;47566652127;2026-07-24;2026-07-25;2026-07-25;EARLY;=B11_PM1;ETO4;planned
413215615;47566652451;2026-07-24;2026-07-25;2026-07-25;EARLY;=B11_PM1;ETO4;planned
413215615;47567163344;2026-07-24;2026-07-25;2026-07-25;EARLY;=B11_PM1;ETO4;planned
413215615;47568083922;2026-07-24;2026-07-26;2026-07-26;EARLY;=B11_PM1;ETO4;planned
413215615;47568183146;2026-07-25;;2026-07-25;EARLY;=B11_PM1;ETO4;planned
413215615;47568219269;2026-07-24;2026-07-25;2026-07-25;EARLY;=B11_PM1;ETO4;planned
413215615;47568295779;2026-07-24;2026-07-25;2026-07-25;EARLY;=B11_PM1;ETO4;planned
413215615;47568457776;2026-07-25;;2026-07-25;EARLY;=B11_PM1;ETO4;planned
413215615;47568577454;2026-07-24;;2026-07-24;ON TIME;=B11_PM1;ETO4;planned
413215615;47569227718;2026-07-23;2026-07-27;2026-07-27;EARLY;=B11_PM1;ETO4;planned
413215615;47569723827;2026-07-25;;2026-07-25;EARLY;=B11_PM1;ETO4;planned
413215615;47569881995;2026-07-25;;2026-07-25;EARLY;=B11_PM1;ETO4;planned
413215615;47570066400;2026-07-24;2026-07-25;2026-07-25;EARLY;=B11_PM1;ETO4;planned
413215615;47570519620;2026-07-24;2026-07-26;2026-07-26;EARLY;=B11_PM1;ETO4;planned
413215615;47570693356;2026-07-24;2026-07-25;2026-07-25;EARLY;=B11_PM1;ETO4;planned
413215615;47570714562;2026-07-25;2026-07-27;2026-07-27;EARLY;=B11_PM1;ETO4;planned
413215615;47571488118;2026-07-25;;2026-07-25;EARLY;=B11_PM1;ETO4;planned
413215615;47572630256;2026-07-24;2026-07-26;2026-07-26;EARLY;=B11_PM1;ETO4;planned
413215615;47572638972;2026-07-24;2026-07-26;2026-07-26;EARLY;=B11_PM1;ETO4;planned
413215615;47572652658;2026-07-25;;2026-07-25;EARLY;=B11_PM1;ETO4;planned
413215615;47572653002;2026-07-25;;2026-07-25;EARLY;=B11_PM1;ETO4;planned
413215615;47572788045;2026-07-24;2026-07-26;2026-07-26;EARLY;=B11_PM1;ETO4;planned
413215615;47573378190;2026-07-25;;2026-07-25;EARLY;=B11_PM1;ETO4;planned
413215615;47574617801;2026-07-25;;2026-07-25;EARLY;=B11_PM1;ETO4;planned
413215615;47574726119;2026-07-25;;2026-07-25;EARLY;=B11_PM1;ETO4;planned
413215615;47574772673;2026-07-25;2026-07-27;2026-07-27;EARLY;=B11_PM1;ETO4;planned
413215615;47574773103;2026-07-25;2026-07-27;2026-07-27;EARLY;=B11_PM1;ETO4;planned
413215615;47574785706;2026-07-25;;2026-07-25;EARLY;=B11_PM1;ETO4;planned
413215615;47575209744;2026-07-25;2026-07-27;2026-07-27;EARLY;=B11_PM1;ETO4;planned
413215615;47575308455;2026-07-25;;2026-07-25;EARLY;=B11_PM1;ETO4;planned
413215615;47575340181;2026-07-25;2026-07-27;2026-07-27;EARLY;=B11_PM1;ETO4;planned
413215615;47575778935;2026-07-25;2026-07-27;2026-07-27;EARLY;=B11_PM1;ETO4;planned
413215615;47575779291;2026-07-25;2026-07-27;2026-07-27;EARLY;=B11_PM1;ETO4;planned
413215615;47576260440;2026-07-25;;2026-07-25;EARLY;=B11_PM1;ETO4;planned
413215615;47576550918;2026-07-25;;2026-07-25;EARLY;=B11_PM1;ETO4;planned
413215615;47576556498;2026-07-25;;2026-07-25;EARLY;=B11_PM1;ETO4;planned
413215615;47576775120;2026-07-25;;2026-07-25;EARLY;=B11_PM1;ETO4;planned
413215615;47579686720;2026-07-25;;2026-07-25;EARLY;=B11_PM1;ETO4;planned
413216014;47474453288;2026-07-23;2026-07-27;2026-07-27;EARLY;=B13_PM1;ETO4;planned
413216014;47484639878;2026-07-24;2026-07-26;2026-07-26;EARLY;=B13_PM1;ETO4;planned
413216014;47485186947;2026-07-16;2026-07-17;2026-07-17;VENCIDO;=B13_PM1;ETO4;planned
413216014;47489756806;2026-07-21;2026-07-27;2026-07-27;EARLY;=B13_PM1;ETO4;planned
413216014;47492992066;2026-07-20;2026-07-25;2026-07-25;EARLY;=B13_PM1;ETO4;planned
413216014;47499919718;2026-07-27;2026-07-29;2026-07-29;EARLY;=B13_PM1;ETO4;planned
413216014;47515881007;2026-07-22;2026-07-26;2026-07-26;EARLY;=B13_PM1;ETO4;planned
413216014;47519920050;2026-07-23;2026-07-27;2026-07-27;EARLY;=B13_PM1;ETO4;planned
413216014;47520896056;2026-07-22;2026-07-28;2026-07-28;EARLY;=B13_PM1;ETO4;planned
413216014;47521618610;2026-07-24;2026-07-28;2026-07-28;EARLY;=B13_PM1;ETO4;planned
413216014;47523551014;2026-07-23;2026-07-27;2026-07-27;EARLY;=B13_PM1;ETO4;planned
413216014;47526317378;2026-07-21;2026-07-27;2026-07-27;EARLY;=B13_PM1;ETO4;planned
413216014;47530035878;2026-07-23;2026-07-27;2026-07-27;EARLY;=B13_PM1;ETO4;planned
413216014;47530110902;2026-07-21;2026-07-27;2026-07-27;EARLY;=B13_PM1;ETO4;planned
413216014;47534294177;2026-07-22;2026-07-28;2026-07-28;EARLY;=B13_PM1;ETO4;planned
413216014;47534527903;2026-07-22;2026-07-28;2026-07-28;EARLY;=B13_PM1;ETO4;planned
413216014;47534748363;2026-07-23;2026-07-27;2026-07-27;EARLY;=B13_PM1;ETO4;planned
413216014;47540334735;2026-07-23;2026-07-27;2026-07-27;EARLY;=B13_PM1;ETO4;planned
413216014;47540778026;2026-07-23;2026-07-27;2026-07-27;EARLY;=B13_PM1;ETO4;planned
413216014;47543786136;2026-07-23;2026-07-27;2026-07-27;EARLY;=B13_PM1;ETO4;planned
413216014;47544029949;2026-07-23;2026-07-27;2026-07-27;EARLY;=B13_PM1;ETO4;planned
413216014;47545077623;2026-07-25;2026-07-27;2026-07-27;EARLY;=B13_PM1;ETO4;planned
413216014;47545362481;2026-07-23;2026-07-27;2026-07-27;EARLY;=B13_PM1;ETO4;planned
413216014;47545574169;2026-07-22;2026-07-26;2026-07-26;EARLY;=B13_PM1;ETO4;planned
413216014;47547014420;2026-07-24;2026-07-28;2026-07-28;EARLY;=B13_PM1;ETO4;planned
413216014;47547371996;2026-07-24;2026-07-26;2026-07-26;EARLY;=B13_PM1;ETO4;planned
413216014;47548566561;2026-07-27;;2026-07-27;EARLY;=B13_PM1;ETO4;planned
413216014;47548805954;2026-07-27;;2026-07-27;EARLY;=B13_PM1;ETO4;planned
413216014;47548866851;2026-07-25;2026-07-29;2026-07-29;EARLY;=B13_PM1;ETO4;planned
413216014;47549113999;2026-07-25;2026-07-29;2026-07-29;EARLY;=B13_PM1;ETO4;planned
413216014;47549128142;2026-07-23;2026-07-25;2026-07-25;EARLY;=B13_PM1;ETO4;planned
413216014;47549624204;2026-07-25;2026-07-29;2026-07-29;EARLY;=B13_PM1;ETO4;planned
413216014;47550320404;2026-07-24;2026-07-26;2026-07-26;EARLY;=B13_PM1;ETO4;planned
413216014;47553044366;2026-07-23;2026-07-27;2026-07-27;EARLY;=B13_PM1;ETO4;planned
413216014;47553269246;2026-07-24;2026-07-26;2026-07-26;EARLY;=B13_PM1;ETO4;planned
413216014;47553670425;2026-07-27;2026-07-29;2026-07-29;EARLY;=B13_PM1;ETO4;planned
413216014;47553894594;2026-07-24;2026-07-26;2026-07-26;EARLY;=B13_PM1;ETO4;planned
413216014;47554070784;2026-07-25;;2026-07-25;EARLY;=B13_PM1;ETO4;planned
413216014;47554081787;2026-07-25;;2026-07-25;EARLY;=B13_PM1;ETO4;planned
413216014;47554252491;2026-07-24;2026-07-27;2026-07-27;EARLY;=B13_PM1;ETO4;planned
413216014;47554687475;2026-07-25;;2026-07-25;EARLY;=B13_PM1;ETO4;planned
413216014;47555525292;2026-07-25;;2026-07-25;EARLY;=B13_PM1;ETO4;planned
413216014;47555847573;2026-07-24;2026-07-27;2026-07-27;EARLY;=B13_PM1;ETO4;planned
413216014;47555885857;2026-07-25;;2026-07-25;EARLY;=B13_PM1;ETO4;planned
413216014;47556302866;2026-07-25;;2026-07-25;EARLY;=B13_PM1;ETO4;planned
413216014;47556530943;2026-07-24;2026-07-26;2026-07-26;EARLY;=B13_PM1;ETO4;planned
413216014;47556701602;2026-07-23;2026-07-27;2026-07-27;EARLY;=B13_PM1;ETO4;planned
413216014;47557249444;2026-07-25;;2026-07-25;EARLY;=B13_PM1;ETO4;planned
413216014;47557760974;2026-07-25;2026-07-26;2026-07-26;EARLY;=B13_PM1;ETO4;planned
413216014;47557935005;2026-07-25;;2026-07-25;EARLY;=B13_PM1;ETO4;planned
413216014;47558816336;2026-07-23;2026-07-25;2026-07-25;EARLY;=B13_PM1;ETO4;planned
413216014;47559324324;2026-07-25;;2026-07-25;EARLY;=B13_PM1;ETO4;planned
413216014;47560158033;2026-07-25;2026-07-27;2026-07-27;EARLY;=B13_PM1;ETO4;planned
413216014;47561920788;2026-07-25;;2026-07-25;EARLY;=B13_PM1;ETO4;planned
413216014;47563359642;2026-07-24;2026-07-26;2026-07-26;EARLY;=B13_PM1;ETO4;planned
413216014;47563630935;2026-07-24;2026-07-26;2026-07-26;EARLY;=B13_PM1;ETO4;planned
413216014;47564293478;2026-07-24;2026-07-26;2026-07-26;EARLY;=B13_PM1;ETO4;planned
413216014;47564293668;2026-07-24;2026-07-26;2026-07-26;EARLY;=B13_PM1;ETO4;planned
413216014;47565250609;2026-07-25;;2026-07-25;EARLY;=B13_PM1;ETO4;planned
413216014;47565533940;2026-07-25;2026-07-27;2026-07-27;EARLY;=B13_PM1;ETO4;planned
413216014;47567660611;2026-07-25;;2026-07-25;EARLY;=B13_PM1;ETO4;planned
413216014;47567737027;2026-07-26;2026-07-27;2026-07-27;EARLY;=B13_PM1;ETO4;planned
413216014;47568280976;2026-07-24;2026-07-25;2026-07-25;EARLY;=B13_PM1;ETO4;planned
413216014;47569233056;2026-07-24;2026-07-25;2026-07-25;EARLY;=B13_PM1;ETO4;planned
413216014;47570217464;2026-07-24;2026-07-25;2026-07-25;EARLY;=B13_PM1;ETO4;planned
413216014;47571716353;2026-07-25;;2026-07-25;EARLY;=B13_PM1;ETO4;planned
413216014;47572394427;2026-07-25;;2026-07-25;EARLY;=B13_PM1;ETO4;planned
413216014;47572644714;2026-07-25;;2026-07-25;EARLY;=B13_PM1;ETO4;planned
413216014;47572645038;2026-07-25;;2026-07-25;EARLY;=B13_PM1;ETO4;planned
413216014;47572647667;2026-07-25;2026-07-27;2026-07-27;EARLY;=B13_PM1;ETO4;planned
413216014;47572775792;2026-07-24;2026-07-26;2026-07-26;EARLY;=B13_PM1;ETO4;planned
413216014;47573165829;2026-07-25;;2026-07-25;EARLY;=B13_PM1;ETO4;planned
413216014;47573310068;2026-07-25;;2026-07-25;EARLY;=B13_PM1;ETO4;planned
413216014;47573712110;2026-07-25;;2026-07-25;EARLY;=B13_PM1;ETO4;planned
413216014;47573965661;2026-07-25;;2026-07-25;EARLY;=B13_PM1;ETO4;planned
413216014;47574552539;2026-07-25;2026-07-27;2026-07-27;EARLY;=B13_PM1;ETO4;planned
413216014;47574621141;2026-07-25;2026-07-27;2026-07-27;EARLY;=B13_PM1;ETO4;planned
413216014;47575020527;2026-07-25;2026-07-27;2026-07-27;EARLY;=B13_PM1;ETO4;planned
413216014;47575046000;2026-07-25;;2026-07-25;EARLY;=B13_PM1;ETO4;planned
413216014;47575244986;2026-07-25;;2026-07-25;EARLY;=B13_PM1;ETO4;planned
413216014;47575679619;2026-07-25;;2026-07-25;EARLY;=B13_PM1;ETO4;planned
413216014;47575679683;2026-07-25;;2026-07-25;EARLY;=B13_PM1;ETO4;planned
413216014;47576541062;2026-07-25;;2026-07-25;EARLY;=B13_PM1;ETO4;planned
413216014;47576542004;2026-07-25;;2026-07-25;EARLY;=B13_PM1;ETO4;planned
413216014;47576759636;2026-07-25;;2026-07-25;EARLY;=B13_PM1;ETO4;planned
413216014;47577184659;2026-07-25;;2026-07-25;EARLY;=B13_PM1;ETO4;planned
413216014;47577671086;2026-07-25;;2026-07-25;EARLY;=B13_PM1;ETO4;planned
413216014;47578971085;2026-07-25;;2026-07-25;EARLY;=B13_PM1;ETO4;planned
413216014;47580478251;2026-07-25;;2026-07-25;EARLY;=B13_PM1;ETO4;planned
413222923;47484528574;2026-07-23;2026-07-27;2026-07-27;EARLY;=C6_PM1;EPA7;planned
413222923;47499957073;2026-07-25;2026-07-27;2026-07-27;EARLY;=C6_PM1;EPA7;planned
413222923;47503864280;2026-07-22;2026-07-26;2026-07-26;EARLY;=C6_PM1;EPA7;planned
413222923;47513699429;2026-07-23;2026-07-27;2026-07-27;EARLY;=C6_PM1;EPA7;planned
413222923;47513699469;2026-07-23;2026-07-27;2026-07-27;EARLY;=C6_PM1;EPA7;planned
413222923;47514180707;2026-07-23;2026-07-27;2026-07-27;EARLY;=C6_PM1;EPA7;planned
413222923;47517478332;2026-07-23;2026-07-27;2026-07-27;EARLY;=C6_PM1;EPA7;planned
413222923;47517890240;2026-07-23;2026-07-27;2026-07-27;EARLY;=C6_PM1;EPA7;planned
413222923;47519692591;2026-07-23;2026-07-29;2026-07-29;EARLY;=C6_PM1;EPA7;planned
413222923;47522882465;2026-07-23;2026-07-27;2026-07-27;EARLY;=C6_PM1;EPA7;planned
413222923;47526097089;2026-07-23;2026-07-27;2026-07-27;EARLY;=C6_PM1;EPA7;planned
413222923;47527860650;2026-07-23;2026-07-27;2026-07-27;EARLY;=C6_PM1;EPA7;planned
413222923;47529932535;2026-07-23;2026-07-27;2026-07-27;EARLY;=C6_PM1;EPA7;planned
413222923;47530191940;2026-07-23;2026-07-27;2026-07-27;EARLY;=C6_PM1;EPA7;planned
413222923;47530739810;2026-07-22;2026-07-28;2026-07-28;EARLY;=C6_PM1;EPA7;planned
413222923;47531404077;2026-07-23;2026-07-27;2026-07-27;EARLY;=C6_PM1;EPA7;planned
413222923;47531404307;2026-07-21;2026-07-27;2026-07-27;EARLY;=C6_PM1;EPA7;planned
413222923;47533835104;2026-07-23;2026-07-27;2026-07-27;EARLY;=C6_PM1;EPA7;planned
413222923;47534496762;2026-07-22;2026-07-28;2026-07-28;EARLY;=C6_PM1;EPA7;planned
413222923;47534692456;2026-07-23;2026-07-27;2026-07-27;EARLY;=C6_PM1;EPA7;planned
413222923;47534692494;2026-07-23;2026-07-27;2026-07-27;EARLY;=C6_PM1;EPA7;planned
413222923;47535708999;2026-07-23;2026-07-26;2026-07-26;EARLY;=C6_PM1;EPA7;planned
413222923;47537500412;2026-07-22;2026-07-26;2026-07-26;EARLY;=C6_PM1;EPA7;planned
413222923;47537798475;2026-07-24;2026-07-27;2026-07-27;EARLY;=C6_PM1;EPA7;planned
413222923;47538533354;2026-07-22;2026-07-28;2026-07-28;EARLY;=C6_PM1;EPA7;planned
413222923;47538533380;2026-07-23;;2026-07-23;VENCIDO;=C6_PM1;EPA7;planned
413222923;47538697983;2026-07-23;2026-07-27;2026-07-27;EARLY;=C6_PM1;EPA7;planned
413222923;47539597087;2026-07-23;2026-07-27;2026-07-27;EARLY;=C6_PM1;EPA7;planned
413222923;47541986874;2026-07-23;2026-07-27;2026-07-27;EARLY;=C6_PM1;EPA7;planned
413222923;47542465893;2026-07-23;2026-07-27;2026-07-27;EARLY;=C6_PM1;EPA7;planned
413222923;47543282435;2026-07-23;2026-07-27;2026-07-27;EARLY;=C6_PM1;EPA7;planned
413222923;47545626981;2026-07-23;2026-07-27;2026-07-27;EARLY;=C6_PM1;EPA7;planned
413222923;47545844031;2026-07-25;2026-07-29;2026-07-29;EARLY;=C6_PM1;EPA7;planned
413222923;47546065468;2026-07-23;2026-07-27;2026-07-27;EARLY;=C6_PM1;EPA7;planned
413222923;47546798953;2026-07-23;2026-07-25;2026-07-25;EARLY;=C6_PM1;EPA7;planned
413222923;47547031368;2026-07-24;2026-07-26;2026-07-26;EARLY;=C6_PM1;EPA7;planned
413222923;47547396019;2026-07-23;2026-07-27;2026-07-27;EARLY;=C6_PM1;EPA7;planned
413222923;47547435151;2026-07-24;2026-07-26;2026-07-26;EARLY;=C6_PM1;EPA7;planned
413222923;47547498400;2026-07-25;2026-07-27;2026-07-27;EARLY;=C6_PM1;EPA7;planned
413222923;47548139046;2026-07-23;2026-07-27;2026-07-27;EARLY;=C6_PM1;EPA7;planned
413222923;47549375596;2026-07-23;2026-07-27;2026-07-27;EARLY;=C6_PM1;EPA7;planned
413222923;47549410273;2026-07-22;2026-07-26;2026-07-26;EARLY;=C6_PM1;EPA7;planned
413222923;47549689455;2026-07-23;2026-07-25;2026-07-25;EARLY;=C6_PM1;EPA7;planned
413222923;47550611888;2026-07-24;2026-07-26;2026-07-26;EARLY;=C6_PM1;EPA7;planned
413222923;47551259050;2026-07-23;2026-07-24;2026-07-24;ON TIME;=C6_PM1;EPA7;planned
413222923;47552187355;2026-07-23;2026-07-27;2026-07-27;EARLY;=C6_PM1;EPA7;planned
413222923;47552440494;2026-07-24;2026-07-27;2026-07-27;EARLY;=C6_PM1;EPA7;planned
413222923;47552795753;2026-07-24;2026-07-26;2026-07-26;EARLY;=C6_PM1;EPA7;planned
413222923;47552796089;2026-07-24;2026-07-27;2026-07-27;EARLY;=C6_PM1;EPA7;planned
413222923;47552854377;2026-07-24;2026-07-26;2026-07-26;EARLY;=C6_PM1;EPA7;planned
413222923;47553933252;2026-07-24;2026-07-27;2026-07-27;EARLY;=C6_PM1;EPA7;planned
413222923;47554561943;2026-07-23;2026-07-27;2026-07-27;EARLY;=C6_PM1;EPA7;planned
413222923;47555780139;2026-07-24;2026-07-27;2026-07-27;EARLY;=C6_PM1;EPA7;planned
413222923;47555884090;2026-07-26;2026-07-30;2026-07-30;EARLY;=C6_PM1;EPA7;planned
413222923;47555945513;2026-07-24;2026-07-29;2026-07-29;EARLY;=C6_PM1;EPA7;planned
413222923;47555957718;2026-07-24;2026-07-27;2026-07-27;EARLY;=C6_PM1;EPA7;planned
413222923;47555967176;2026-07-24;2026-07-27;2026-07-27;EARLY;=C6_PM1;EPA7;planned
413222923;47556076000;2026-07-24;2026-07-27;2026-07-27;EARLY;=C6_PM1;EPA7;planned
413222923;47556782899;2026-07-23;2026-07-27;2026-07-27;EARLY;=C6_PM1;EPA7;planned
413222923;47557244575;2026-07-23;2026-07-27;2026-07-27;EARLY;=C6_PM1;EPA7;planned
413222923;47557381290;2026-07-24;2026-07-27;2026-07-27;EARLY;=C6_PM1;EPA7;planned
413222923;47557460617;2026-07-24;2026-07-27;2026-07-27;EARLY;=C6_PM1;EPA7;planned
413222923;47558036367;2026-07-25;;2026-07-25;EARLY;=C6_PM1;EPA7;planned
413222923;47558401102;2026-07-26;2026-07-27;2026-07-27;EARLY;=C6_PM1;EPA7;planned
413222923;47558896860;2026-07-25;;2026-07-25;EARLY;=C6_PM1;EPA7;planned
413222923;47558967302;2026-07-25;;2026-07-25;EARLY;=C6_PM1;EPA7;planned
413222923;47559184179;2026-07-23;2026-07-27;2026-07-27;EARLY;=C6_PM1;EPA7;planned
413222923;47561373367;2026-07-25;;2026-07-25;EARLY;=C6_PM1;EPA7;planned
413222923;47562170846;2026-07-25;;2026-07-25;EARLY;=C6_PM1;EPA7;planned
413222923;47563146881;2026-07-25;;2026-07-25;EARLY;=C6_PM1;EPA7;planned
413222923;47565394619;2026-07-24;2026-07-25;2026-07-25;EARLY;=C6_PM1;EPA7;planned
413222923;47565655083;2026-07-24;2026-07-26;2026-07-26;EARLY;=C6_PM1;EPA7;planned
413222923;47566153274;2026-07-25;2026-07-26;2026-07-26;EARLY;=C6_PM1;EPA7;planned
413222923;47566939795;2026-07-24;2026-07-25;2026-07-25;EARLY;=C6_PM1;EPA7;planned
413222923;47568980951;2026-07-25;;2026-07-25;EARLY;=C6_PM1;EPA7;planned
413222923;47569232050;2026-07-25;;2026-07-25;EARLY;=C6_PM1;EPA7;planned
413222923;47569295855;2026-07-25;;2026-07-25;EARLY;=C6_PM1;EPA7;planned
413222923;47569754533;2026-07-25;;2026-07-25;EARLY;=C6_PM1;EPA7;planned
413222923;47569884185;2026-07-24;2026-07-25;2026-07-25;EARLY;=C6_PM1;EPA7;planned
413222923;47571105011;2026-07-24;2026-07-25;2026-07-25;EARLY;=C6_PM1;EPA7;planned
413222923;47571271938;2026-07-25;;2026-07-25;EARLY;=C6_PM1;EPA7;planned
413222923;47571486581;2026-07-25;;2026-07-25;EARLY;=C6_PM1;EPA7;planned
413222923;47571528573;2026-07-25;;2026-07-25;EARLY;=C6_PM1;EPA7;planned
413222923;47573557990;2026-07-25;;2026-07-25;EARLY;=C6_PM1;EPA7;planned
413222923;47574894854;2026-07-25;2026-07-29;2026-07-29;EARLY;=C6_PM1;EPA7;planned
413222923;47574958970;2026-07-25;2026-07-29;2026-07-29;EARLY;=C6_PM1;EPA7;planned
413222923;47575041106;2026-07-25;;2026-07-25;EARLY;=C6_PM1;EPA7;planned
413222923;47575492326;2026-07-25;2026-07-29;2026-07-29;EARLY;=C6_PM1;EPA7;planned
413222923;47575492394;2026-07-25;2026-07-29;2026-07-29;EARLY;=C6_PM1;EPA7;planned
413222923;47575943128;2026-07-25;;2026-07-25;EARLY;=C6_PM1;EPA7;planned
413222923;47575943152;2026-07-25;;2026-07-25;EARLY;=C6_PM1;EPA7;planned
413222923;47576907108;2026-07-25;;2026-07-25;EARLY;=C6_PM1;EPA7;planned
413222923;47577539077;2026-07-25;;2026-07-25;EARLY;=C6_PM1;EPA7;planned
413222923;47578418513;2026-07-25;;2026-07-25;EARLY;=C6_PM1;EPA7;planned
413222923;47579493642;2026-07-25;;2026-07-25;EARLY;=C6_PM1;EPA7;planned
413222923;47580232553;2026-07-25;2026-07-29;2026-07-29;EARLY;=C6_PM1;EPA7;planned
413222923;47580573397;2026-07-25;;2026-07-25;EARLY;=C6_PM1;EPA7;planned
413222965;47499548021;2026-07-21;2026-07-27;2026-07-27;EARLY;=C4_PM1;EPA7;planned
413222965;47514535888;2026-07-24;2026-07-28;2026-07-28;EARLY;=C4_PM1;EPA7;planned
413222965;47516721329;2026-07-23;2026-07-27;2026-07-27;EARLY;=C4_PM1;EPA7;planned
413222965;47520223537;2026-07-21;2026-07-27;2026-07-27;EARLY;=C4_PM1;EPA7;planned
413222965;47529803079;2026-07-23;2026-07-27;2026-07-27;EARLY;=C4_PM1;EPA7;planned
413222965;47531859555;2026-07-21;2026-07-27;2026-07-27;EARLY;=C4_PM1;EPA7;planned
413222965;47533171238;2026-07-22;2026-07-28;2026-07-28;EARLY;=C4_PM1;EPA7;planned
413222965;47533515290;2026-07-23;2026-07-27;2026-07-27;EARLY;=C4_PM1;EPA7;planned
413222965;47533515474;2026-07-23;2026-07-27;2026-07-27;EARLY;=C4_PM1;EPA7;planned
413222965;47534094864;2026-07-22;2026-07-26;2026-07-26;EARLY;=C4_PM1;EPA7;planned
413222965;47534437186;2026-07-24;2026-07-27;2026-07-27;EARLY;=C4_PM1;EPA7;planned
413222965;47534691607;2026-07-23;2026-07-27;2026-07-27;EARLY;=C4_PM1;EPA7;planned
413222965;47534948696;2026-07-23;2026-07-27;2026-07-27;EARLY;=C4_PM1;EPA7;planned
413222965;47534948734;2026-07-23;2026-07-27;2026-07-27;EARLY;=C4_PM1;EPA7;planned
413222965;47535733601;2026-07-22;2026-07-26;2026-07-26;EARLY;=C4_PM1;EPA7;planned
413222965;47536846166;2026-07-22;2026-07-28;2026-07-28;EARLY;=C4_PM1;EPA7;planned
413222965;47538376219;2026-07-23;2026-07-27;2026-07-27;EARLY;=C4_PM1;EPA7;planned
413222965;47542650189;2026-07-23;2026-07-27;2026-07-27;EARLY;=C4_PM1;EPA7;planned
413222965;47542940561;2026-07-23;2026-07-27;2026-07-27;EARLY;=C4_PM1;EPA7;planned
413222965;47542984143;2026-07-23;2026-07-27;2026-07-27;EARLY;=C4_PM1;EPA7;planned
413222965;47543238120;2026-07-23;2026-07-27;2026-07-27;EARLY;=C4_PM1;EPA7;planned
413222965;47543423297;2026-07-25;2026-07-28;2026-07-28;EARLY;=C4_PM1;EPA7;planned
413222965;47543676944;2026-07-23;2026-07-27;2026-07-27;EARLY;=C4_PM1;EPA7;planned
413222965;47545127017;2026-07-23;2026-07-27;2026-07-27;EARLY;=C4_PM1;EPA7;planned
413222965;47546225433;2026-07-23;2026-07-27;2026-07-27;EARLY;=C4_PM1;EPA7;planned
413222965;47546814000;2026-07-24;2026-07-27;2026-07-27;EARLY;=C4_PM1;EPA7;planned
413222965;47546856259;2026-07-25;;2026-07-25;EARLY;=C4_PM1;EPA7;planned
413222965;47549422039;2026-07-24;2026-07-26;2026-07-26;EARLY;=C4_PM1;EPA7;planned
413222965;47550792753;2026-07-25;2026-07-26;2026-07-26;EARLY;=C4_PM1;EPA7;planned
413222965;47552449537;2026-07-24;2026-07-25;2026-07-25;EARLY;=C4_PM1;EPA7;planned
413222965;47552584372;2026-07-24;2026-07-26;2026-07-26;EARLY;=C4_PM1;EPA7;planned
413222965;47553214785;2026-07-25;;2026-07-25;EARLY;=C4_PM1;EPA7;planned
413222965;47553368558;2026-07-23;2026-07-25;2026-07-25;EARLY;=C4_PM1;EPA7;planned
413222965;47554001808;2026-07-24;2026-07-26;2026-07-26;EARLY;=C4_PM1;EPA7;planned
413222965;47554174733;2026-07-23;2026-07-27;2026-07-27;EARLY;=C4_PM1;EPA7;planned
413222965;47554920383;2026-07-26;2026-07-30;2026-07-30;EARLY;=C4_PM1;EPA7;planned
413222965;47555227233;2026-07-23;2026-07-27;2026-07-27;EARLY;=C4_PM1;EPA7;planned
413222965;47555227365;2026-07-24;2026-07-26;2026-07-26;EARLY;=C4_PM1;EPA7;planned
413222965;47555541726;2026-07-24;2026-07-26;2026-07-26;EARLY;=C4_PM1;EPA7;planned
413222965;47555553519;2026-07-25;;2026-07-25;EARLY;=C4_PM1;EPA7;planned
413222965;47555806154;2026-07-25;;2026-07-25;EARLY;=C4_PM1;EPA7;planned
413222965;47556454949;2026-07-24;2026-07-27;2026-07-27;EARLY;=C4_PM1;EPA7;planned
413222965;47556574714;2026-07-24;2026-07-26;2026-07-26;EARLY;=C4_PM1;EPA7;planned
413222965;47556586708;2026-07-24;2026-07-27;2026-07-27;EARLY;=C4_PM1;EPA7;planned
413222965;47556973063;2026-07-24;2026-07-26;2026-07-26;EARLY;=C4_PM1;EPA7;planned
413222965;47559251032;2026-07-24;2026-07-26;2026-07-26;EARLY;=C4_PM1;EPA7;planned
413222965;47559324044;2026-07-25;;2026-07-25;EARLY;=C4_PM1;EPA7;planned
413222965;47560314920;2026-07-24;2026-07-26;2026-07-26;EARLY;=C4_PM1;EPA7;planned
413222965;47560942527;2026-07-25;;2026-07-25;EARLY;=C4_PM1;EPA7;planned
413222965;47560957138;2026-07-25;2026-07-27;2026-07-27;EARLY;=C4_PM1;EPA7;planned
413222965;47561063151;2026-07-25;;2026-07-25;EARLY;=C4_PM1;EPA7;planned
413222965;47561505525;2026-07-23;2026-07-25;2026-07-25;EARLY;=C4_PM1;EPA7;planned
413222965;47562195385;2026-07-24;2026-07-26;2026-07-26;EARLY;=C4_PM1;EPA7;planned
413222965;47562429823;2026-07-25;;2026-07-25;EARLY;=C4_PM1;EPA7;planned
413222965;47563836053;2026-07-23;2026-07-24;2026-07-24;ON TIME;=C4_PM1;EPA7;planned
413222965;47564744705;2026-07-25;;2026-07-25;EARLY;=C4_PM1;EPA7;planned
413222965;47564745023;2026-07-25;;2026-07-25;EARLY;=C4_PM1;EPA7;planned
413222965;47564846697;2026-07-25;;2026-07-25;EARLY;=C4_PM1;EPA7;planned
413222965;47564846809;2026-07-24;2026-07-25;2026-07-25;EARLY;=C4_PM1;EPA7;planned
413222965;47565113145;2026-07-24;2026-07-25;2026-07-25;EARLY;=C4_PM1;EPA7;planned
413222965;47565364432;2026-07-25;;2026-07-25;EARLY;=C4_PM1;EPA7;planned
413222965;47566207294;2026-07-24;2026-07-25;2026-07-25;EARLY;=C4_PM1;EPA7;planned
413222965;47566552329;2026-07-25;;2026-07-25;EARLY;=C4_PM1;EPA7;planned
413222965;47566803564;2026-07-24;2026-07-25;2026-07-25;EARLY;=C4_PM1;EPA7;planned
413222965;47566805789;2026-07-24;2026-07-25;2026-07-25;EARLY;=C4_PM1;EPA7;planned
413222965;47567095505;2026-07-26;2026-07-28;2026-07-28;EARLY;=C4_PM1;EPA7;planned
413222965;47567603440;2026-07-27;2026-07-28;2026-07-28;EARLY;=C4_PM1;EPA7;planned
413222965;47567885709;;;;;=C4_PM1;EPA7;planned
413222965;47567894555;2026-07-25;;2026-07-25;EARLY;=C4_PM1;EPA7;planned
413222965;47568136172;;;;;=C4_PM1;EPA7;planned
413222965;47568146050;2026-07-25;;2026-07-25;EARLY;=C4_PM1;EPA7;planned
413222965;47568275308;2026-07-24;2026-07-25;2026-07-25;EARLY;=C4_PM1;EPA7;planned
413222965;47568554544;2026-07-24;;2026-07-24;ON TIME;=C4_PM1;EPA7;planned
413222965;47569560657;2026-07-24;2026-07-25;2026-07-25;EARLY;=C4_PM1;EPA7;planned
413222965;47570361208;2026-07-24;2026-07-25;2026-07-25;EARLY;=C4_PM1;EPA7;planned
413222965;47570825071;2026-07-25;2026-07-26;2026-07-26;EARLY;=C4_PM1;EPA7;planned
413222965;47572367982;2026-07-25;2026-07-27;2026-07-27;EARLY;=C4_PM1;EPA7;planned
413222965;47572772415;2026-07-24;2026-07-25;2026-07-25;EARLY;=C4_PM1;EPA7;planned
413222965;47573047945;2026-07-24;2026-07-26;2026-07-26;EARLY;=C4_PM1;EPA7;planned
413222965;47573888518;2026-07-25;;2026-07-25;EARLY;=C4_PM1;EPA7;planned
413222965;47574105365;2026-07-25;;2026-07-25;EARLY;=C4_PM1;EPA7;planned
413222965;47574186266;2026-07-25;;2026-07-25;EARLY;=C4_PM1;EPA7;planned
413222965;47574450693;2026-07-25;;2026-07-25;EARLY;=C4_PM1;EPA7;planned
413222965;47574519938;2026-07-25;;2026-07-25;EARLY;=C4_PM1;EPA7;planned
413222965;47574520076;2026-07-25;;2026-07-25;EARLY;=C4_PM1;EPA7;planned
413222965;47574921372;2026-07-25;;2026-07-25;EARLY;=C4_PM1;EPA7;planned
413222965;47575205446;2026-07-25;;2026-07-25;EARLY;=C4_PM1;EPA7;planned
413222965;47575349290;2026-07-25;2026-07-29;2026-07-29;EARLY;=C4_PM1;EPA7;planned
413222965;47575868400;2026-07-25;;2026-07-25;EARLY;=C4_PM1;EPA7;planned
413222965;47575941698;2026-07-25;;2026-07-25;EARLY;=C4_PM1;EPA7;planned
413222965;47576111012;2026-07-25;;2026-07-25;EARLY;=C4_PM1;EPA7;planned
413222965;47576241806;2026-07-25;;2026-07-25;EARLY;=C4_PM1;EPA7;planned
413222965;47576940776;2026-07-25;;2026-07-25;EARLY;=C4_PM1;EPA7;planned
413222965;47577162386;2026-07-25;;2026-07-25;EARLY;=C4_PM1;EPA7;planned
413222965;47578197794;2026-07-26;;2026-07-26;EARLY;=C4_PM1;EPA7;planned
413222965;47579320471;2026-07-25;;2026-07-25;EARLY;=C4_PM1;EPA7;planned
413222965;47579480081;2026-07-25;;2026-07-25;EARLY;=C4_PM1;EPA7;planned
413222965;47580165779;2026-07-25;2026-07-29;2026-07-29;EARLY;=C4_PM1;EPA7;planned
413222965;47580754266;2026-07-25;;2026-07-25;EARLY;=C4_PM1;EPA7;planned
413223252;47499428733;2026-07-25;2026-07-29;2026-07-29;EARLY;=C13_PM1;EPA7;planned
413223252;47505048397;2026-07-22;2026-07-26;2026-07-26;EARLY;=C13_PM1;EPA7;planned
413223252;47530347484;2026-07-20;2026-07-21;2026-07-21;VENCIDO;=C13_PM1;EPA7;planned
413223252;47537033690;2026-07-22;2026-07-26;2026-07-26;EARLY;=C13_PM1;EPA7;planned
413223252;47537834878;2026-07-23;2026-07-27;2026-07-27;EARLY;=C13_PM1;EPA7;planned
413223252;47540003580;2026-07-24;2026-07-26;2026-07-26;EARLY;=C13_PM1;EPA7;planned
413223252;47542075053;2026-07-25;2026-07-31;2026-07-31;EARLY;=C13_PM1;EPA7;planned
413223252;47545728521;2026-07-23;2026-07-27;2026-07-27;EARLY;=C13_PM1;EPA7;planned
413223252;47546047939;2026-07-24;2026-07-26;2026-07-26;EARLY;=C13_PM1;EPA7;planned
413223252;47547707208;2026-07-24;2026-07-26;2026-07-26;EARLY;=C13_PM1;EPA7;planned
413223252;47548274263;2026-07-23;2026-07-27;2026-07-27;EARLY;=C13_PM1;EPA7;planned
413223252;47548528528;2026-07-21;2026-07-23;2026-07-23;VENCIDO;=C13_PM1;EPA7;planned
413223252;47550226501;2026-07-25;2026-07-29;2026-07-29;EARLY;=C13_PM1;EPA7;planned
413223252;47552329612;2026-07-24;2026-07-27;2026-07-27;EARLY;=C13_PM1;EPA7;planned
413223252;47552358295;2026-07-24;2026-07-27;2026-07-27;EARLY;=C13_PM1;EPA7;planned
413223252;47552662707;2026-07-25;2026-07-29;2026-07-29;EARLY;=C13_PM1;EPA7;planned
413223252;47552930548;2026-07-27;;2026-07-27;EARLY;=C13_PM1;EPA7;planned
413223252;47553122202;2026-07-25;2026-07-29;2026-07-29;EARLY;=C13_PM1;EPA7;planned
413223252;47553210734;2026-07-25;2026-07-29;2026-07-29;EARLY;=C13_PM1;EPA7;planned
413223252;47553711360;2026-07-23;2026-07-27;2026-07-27;EARLY;=C13_PM1;EPA7;planned
413223252;47554313010;2026-07-24;2026-07-27;2026-07-27;EARLY;=C13_PM1;EPA7;planned
413223252;47555364182;2026-07-25;2026-07-27;2026-07-27;EARLY;=C13_PM1;EPA7;planned
413223252;47555881887;2026-07-24;2026-07-26;2026-07-26;EARLY;=C13_PM1;EPA7;planned
413223252;47556071977;2026-07-24;2026-07-27;2026-07-27;EARLY;=C13_PM1;EPA7;planned
413223252;47556152604;2026-07-24;2026-07-26;2026-07-26;EARLY;=C13_PM1;EPA7;planned
413223252;47557074991;2026-07-25;2026-07-27;2026-07-27;EARLY;=C13_PM1;EPA7;planned
413223252;47557187383;2026-07-23;2026-07-27;2026-07-27;EARLY;=C13_PM1;EPA7;planned
413223252;47557527387;2026-07-25;;2026-07-25;EARLY;=C13_PM1;EPA7;planned
413223252;47558024837;2026-07-25;2026-07-26;2026-07-26;EARLY;=C13_PM1;EPA7;planned
413223252;47559584290;2026-07-25;;2026-07-25;EARLY;=C13_PM1;EPA7;planned
413223252;47564063271;2026-07-25;;2026-07-25;EARLY;=C13_PM1;EPA7;planned
413223252;47566799262;2026-07-24;2026-07-25;2026-07-25;EARLY;=C13_PM1;EPA7;planned
413223252;47567890492;2026-07-25;2026-07-29;2026-07-29;EARLY;=C13_PM1;EPA7;planned
413223252;47569597691;2026-07-25;;2026-07-25;EARLY;=C13_PM1;EPA7;planned
413223252;47569811674;2026-07-26;2026-07-27;2026-07-27;EARLY;=C13_PM1;EPA7;planned
413223252;47570696793;2026-07-25;;2026-07-25;EARLY;=C13_PM1;EPA7;planned
413223252;47571740672;2026-07-25;;2026-07-25;EARLY;=C13_PM1;EPA7;planned
413223252;47573258107;2026-07-25;2026-07-27;2026-07-27;EARLY;=C13_PM1;EPA7;planned
413223252;47574651441;2026-07-25;;2026-07-25;EARLY;=C13_PM1;EPA7;planned
413223252;47574676943;2026-07-25;2026-07-29;2026-07-29;EARLY;=C13_PM1;EPA7;planned
413223252;47577575065;2026-07-25;;2026-07-25;EARLY;=C13_PM1;EPA7;planned
413223252;47580097647;2026-07-25;;2026-07-25;EARLY;=C13_PM1;EPA7;planned
413223252;47580899680;;;;;=C13_PM1;EPA7;planned
413223483;47483810477;2026-07-23;2026-07-27;2026-07-27;EARLY;=C23_PM1;EPA7;planned
413223483;47486004647;2026-07-21;2026-07-27;2026-07-27;EARLY;=C23_PM1;EPA7;planned
413223483;47486763618;2026-07-21;2026-07-27;2026-07-27;EARLY;=C23_PM1;EPA7;planned
413223483;47498699284;2026-07-21;2026-07-27;2026-07-27;EARLY;=C23_PM1;EPA7;planned
413223483;47509077264;2026-07-23;2026-07-27;2026-07-27;EARLY;=C23_PM1;EPA7;planned
413223483;47511323530;2026-07-23;2026-07-27;2026-07-27;EARLY;=C23_PM1;EPA7;planned
413223483;47513508432;2026-07-23;2026-07-27;2026-07-27;EARLY;=C23_PM1;EPA7;planned
413223483;47516201837;2026-07-23;2026-07-27;2026-07-27;EARLY;=C23_PM1;EPA7;planned
413223483;47517204090;2026-07-23;2026-07-27;2026-07-27;EARLY;=C23_PM1;EPA7;planned
413223483;47520801820;2026-07-22;2026-07-28;2026-07-28;EARLY;=C23_PM1;EPA7;planned
413223483;47521191017;2026-07-19;2026-07-24;2026-07-24;ON TIME;=C23_PM1;EPA7;planned
413223483;47522470517;2026-07-23;2026-07-27;2026-07-27;EARLY;=C23_PM1;EPA7;planned
413223483;47524096304;2026-07-21;2026-07-22;2026-07-22;VENCIDO;=C23_PM1;EPA7;planned
413223483;47530345150;2026-07-22;2026-07-27;2026-07-27;EARLY;=C23_PM1;EPA7;planned
413223483;47532858845;2026-07-23;2026-07-27;2026-07-27;EARLY;=C23_PM1;EPA7;planned
413223483;47532990392;2026-07-22;2026-07-28;2026-07-28;EARLY;=C23_PM1;EPA7;planned
413223483;47533256651;2026-07-22;2026-07-26;2026-07-26;EARLY;=C23_PM1;EPA7;planned
413223483;47533599814;2026-08-08;2026-08-10;2026-08-10;EARLY;=C23_PM1;EPA7;planned
413223483;47534078866;2026-07-22;2026-07-26;2026-07-26;EARLY;=C23_PM1;EPA7;planned
413223483;47534654239;2026-07-23;2026-07-27;2026-07-27;EARLY;=C23_PM1;EPA7;planned
413223483;47535232970;2026-07-22;2026-07-26;2026-07-26;EARLY;=C23_PM1;EPA7;planned
413223483;47535664052;2026-07-22;2026-07-26;2026-07-26;EARLY;=C23_PM1;EPA7;planned
413223483;47535753615;2026-07-23;2026-07-27;2026-07-27;EARLY;=C23_PM1;EPA7;planned
413223483;47536997584;2026-07-22;2026-07-26;2026-07-26;EARLY;=C23_PM1;EPA7;planned
413223483;47539661525;2026-07-23;2026-07-27;2026-07-27;EARLY;=C23_PM1;EPA7;planned
413223483;47545773198;2026-07-23;2026-07-27;2026-07-27;EARLY;=C23_PM1;EPA7;planned
413223483;47546457553;2026-07-23;2026-07-27;2026-07-27;EARLY;=C23_PM1;EPA7;planned
413223483;47546607967;2026-07-23;2026-07-24;2026-07-24;ON TIME;=C23_PM1;EPA7;planned
413223483;47546861854;2026-07-23;2026-07-27;2026-07-27;EARLY;=C23_PM1;EPA7;planned
413223483;47547960890;2026-07-23;2026-07-27;2026-07-27;EARLY;=C23_PM1;EPA7;planned
413223483;47548119374;2026-07-24;2026-07-26;2026-07-26;EARLY;=C23_PM1;EPA7;planned
413223483;47549558370;2026-07-22;2026-07-26;2026-07-26;EARLY;=C23_PM1;EPA7;planned
413223483;47551142988;2026-07-24;2026-07-26;2026-07-26;EARLY;=C23_PM1;EPA7;planned
413223483;47552222217;2026-07-22;2026-07-26;2026-07-26;EARLY;=C23_PM1;EPA7;planned
413223483;47552537855;;;;;=C23_PM1;EPA7;planned
413223483;47552537893;;;;;=C23_PM1;EPA7;planned
413223483;47552558100;2026-07-24;2026-07-27;2026-07-27;EARLY;=C23_PM1;EPA7;planned
413223483;47552864759;2026-07-23;2026-07-27;2026-07-27;EARLY;=C23_PM1;EPA7;planned
413223483;47553388019;2026-07-24;2026-07-27;2026-07-27;EARLY;=C23_PM1;EPA7;planned
413223483;47554140958;2026-07-25;;2026-07-25;EARLY;=C23_PM1;EPA7;planned
413223483;47554537875;2026-07-25;2026-07-29;2026-07-29;EARLY;=C23_PM1;EPA7;planned
413223483;47554748163;2026-07-24;2026-07-26;2026-07-26;EARLY;=C23_PM1;EPA7;planned
413223483;47555133547;2026-07-23;2026-07-27;2026-07-27;EARLY;=C23_PM1;EPA7;planned
413223483;47555523645;2026-07-23;2026-07-27;2026-07-27;EARLY;=C23_PM1;EPA7;planned
413223483;47555719571;2026-07-24;2026-07-27;2026-07-27;EARLY;=C23_PM1;EPA7;planned
413223483;47555981409;2026-07-25;;2026-07-25;EARLY;=C23_PM1;EPA7;planned
413223483;47555983884;2026-07-24;2026-07-27;2026-07-27;EARLY;=C23_PM1;EPA7;planned
413223483;47556512623;2026-07-25;;2026-07-25;EARLY;=C23_PM1;EPA7;planned
413223483;47557062837;2026-07-25;;2026-07-25;EARLY;=C23_PM1;EPA7;planned
413223483;47557132414;2026-07-24;2026-07-27;2026-07-27;EARLY;=C23_PM1;EPA7;planned
413223483;47557252655;2026-07-24;2026-07-26;2026-07-26;EARLY;=C23_PM1;EPA7;planned
413223483;47557315134;2026-07-25;;2026-07-25;EARLY;=C23_PM1;EPA7;planned
413223483;47557315454;2026-07-25;;2026-07-25;EARLY;=C23_PM1;EPA7;planned
413223483;47557315508;2026-07-25;;2026-07-25;EARLY;=C23_PM1;EPA7;planned
413223483;47557356890;2026-07-25;2026-07-27;2026-07-27;EARLY;=C23_PM1;EPA7;planned
413223483;47557940818;2026-07-24;2026-07-26;2026-07-26;EARLY;=C23_PM1;EPA7;planned
413223483;47558001615;2026-07-22;2026-07-26;2026-07-26;EARLY;=C23_PM1;EPA7;planned
413223483;47558653764;2026-07-23;2026-07-25;2026-07-25;EARLY;=C23_PM1;EPA7;planned
413223483;47560817860;2026-07-24;2026-07-26;2026-07-26;EARLY;=C23_PM1;EPA7;planned
413223483;47560994308;2026-07-23;2026-07-26;2026-07-26;EARLY;=C23_PM1;EPA7;planned
413223483;47561450589;2026-07-24;2026-07-26;2026-07-26;EARLY;=C23_PM1;EPA7;planned
413223483;47562885919;2026-07-24;2026-07-26;2026-07-26;EARLY;=C23_PM1;EPA7;planned
413223483;47565141834;2026-07-24;2026-07-26;2026-07-26;EARLY;=C23_PM1;EPA7;planned
413223483;47566078623;2026-07-24;2026-07-25;2026-07-25;EARLY;=C23_PM1;EPA7;planned
413223483;47566305658;2026-07-24;2026-07-25;2026-07-25;EARLY;=C23_PM1;EPA7;planned
413223483;47566511172;2026-07-25;;2026-07-25;EARLY;=C23_PM1;EPA7;planned
413223483;47566838183;2026-07-25;;2026-07-25;EARLY;=C23_PM1;EPA7;planned
413223483;47567731103;2026-07-24;2026-07-25;2026-07-25;EARLY;=C23_PM1;EPA7;planned
413223483;47568002554;;;;;=C23_PM1;EPA7;planned
413223483;47568002628;;;;;=C23_PM1;EPA7;planned
413223483;47568760509;2026-07-26;2026-07-27;2026-07-27;EARLY;=C23_PM1;EPA7;planned
413223483;47569053391;2026-07-24;2026-07-25;2026-07-25;EARLY;=C23_PM1;EPA7;planned
413223483;47570319139;2026-07-26;;2026-07-26;EARLY;=C23_PM1;EPA7;planned
413223483;47570456576;2026-07-25;;2026-07-25;EARLY;=C23_PM1;EPA7;planned
413223483;47570551172;2026-07-25;2026-07-26;2026-07-26;EARLY;=C23_PM1;EPA7;planned
413223483;47570569238;2026-07-25;;2026-07-25;EARLY;=C23_PM1;EPA7;planned
413223483;47570575957;2026-07-25;;2026-07-25;EARLY;=C23_PM1;EPA7;planned
413223483;47570696659;2026-07-25;2026-07-26;2026-07-26;EARLY;=C23_PM1;EPA7;planned
413223483;47570826078;2026-07-26;2026-07-27;2026-07-27;EARLY;=C23_PM1;EPA7;planned
413223483;47571297185;2026-07-25;;2026-07-25;EARLY;=C23_PM1;EPA7;planned
413223483;47572317061;2026-07-25;2026-07-27;2026-07-27;EARLY;=C23_PM1;EPA7;planned
413223483;47573170372;2026-07-24;2026-07-26;2026-07-26;EARLY;=C23_PM1;EPA7;planned
413223483;47573454241;2026-07-25;;2026-07-25;EARLY;=C23_PM1;EPA7;planned
413223483;47574117019;2026-07-25;;2026-07-25;EARLY;=C23_PM1;EPA7;planned
413223483;47574549865;2026-07-25;;2026-07-25;EARLY;=C23_PM1;EPA7;planned
413223483;47574558232;2026-07-25;;2026-07-25;EARLY;=C23_PM1;EPA7;planned
413223483;47574655522;2026-07-25;;2026-07-25;EARLY;=C23_PM1;EPA7;planned
413223483;47574703065;2026-07-25;;2026-07-25;EARLY;=C23_PM1;EPA7;planned
413223483;47575361802;2026-07-25;2026-07-29;2026-07-29;EARLY;=C23_PM1;EPA7;planned
413223483;47575425815;2026-07-25;2026-07-29;2026-07-29;EARLY;=C23_PM1;EPA7;planned
413223483;47575458252;2026-07-25;2026-07-29;2026-07-29;EARLY;=C23_PM1;EPA7;planned
413223483;47577263183;2026-07-25;;2026-07-25;EARLY;=C23_PM1;EPA7;planned
413223483;47577263573;2026-07-25;;2026-07-25;EARLY;=C23_PM1;EPA7;planned
413223483;47577401243;2026-07-25;;2026-07-25;EARLY;=C23_PM1;EPA7;planned
413223483;47577435320;2026-07-25;;2026-07-25;EARLY;=C23_PM1;EPA7;planned
413223483;47577620488;2026-07-25;;2026-07-25;EARLY;=C23_PM1;EPA7;planned
413223483;47578770189;2026-07-25;;2026-07-25;EARLY;=C23_PM1;EPA7;planned
413223483;47579384808;2026-07-25;;2026-07-25;EARLY;=C23_PM1;EPA7;planned
413223826;47450299495;2026-07-23;2026-07-27;2026-07-27;EARLY;=C28_PM1;EPA7;planned
413223826;47496233020;2026-07-20;2026-07-26;2026-07-26;EARLY;=C28_PM1;EPA7;planned
413223826;47506656339;2026-07-23;2026-07-27;2026-07-27;EARLY;=C28_PM1;EPA7;planned
413223826;47511218097;2026-07-23;2026-07-27;2026-07-27;EARLY;=C28_PM1;EPA7;planned
413223826;47511685231;2026-07-23;2026-07-27;2026-07-27;EARLY;=C28_PM1;EPA7;planned
413223826;47512867785;2026-07-23;2026-07-27;2026-07-27;EARLY;=C28_PM1;EPA7;planned
413223826;47512910671;2026-07-23;2026-07-27;2026-07-27;EARLY;=C28_PM1;EPA7;planned
413223826;47513132697;2026-07-23;2026-07-27;2026-07-27;EARLY;=C28_PM1;EPA7;planned
413223826;47520791281;2026-07-23;2026-07-27;2026-07-27;EARLY;=C28_PM1;EPA7;planned
413223826;47521099428;2026-07-23;2026-07-27;2026-07-27;EARLY;=C28_PM1;EPA7;planned
413223826;47521576085;2026-07-23;2026-07-27;2026-07-27;EARLY;=C28_PM1;EPA7;planned
413223826;47522182368;2026-07-22;2026-07-28;2026-07-28;EARLY;=C28_PM1;EPA7;planned
413223826;47523015034;2026-07-23;2026-07-27;2026-07-27;EARLY;=C28_PM1;EPA7;planned
413223826;47523491102;2026-07-23;2026-07-27;2026-07-27;EARLY;=C28_PM1;EPA7;planned
413223826;47524698835;2026-07-24;2026-07-28;2026-07-28;EARLY;=C28_PM1;EPA7;planned
413223826;47525665538;2026-07-23;2026-07-27;2026-07-27;EARLY;=C28_PM1;EPA7;planned
413223826;47526982413;2026-07-23;2026-07-27;2026-07-27;EARLY;=C28_PM1;EPA7;planned
413223826;47528736509;2026-07-22;2026-07-27;2026-07-27;EARLY;=C28_PM1;EPA7;planned
413223826;47529332105;2026-07-22;2026-07-27;2026-07-27;EARLY;=C28_PM1;EPA7;planned
413223826;47529794058;2026-07-22;2026-07-26;2026-07-26;EARLY;=C28_PM1;EPA7;planned
413223826;47530015067;2026-07-22;2026-07-26;2026-07-26;EARLY;=C28_PM1;EPA7;planned
413223826;47530921874;2026-07-24;2026-07-28;2026-07-28;EARLY;=C28_PM1;EPA7;planned
413223826;47533008953;2026-07-23;2026-07-27;2026-07-27;EARLY;=C28_PM1;EPA7;planned
413223826;47534281773;2026-07-22;2026-07-28;2026-07-28;EARLY;=C28_PM1;EPA7;planned
413223826;47537413647;2026-07-22;2026-07-26;2026-07-26;EARLY;=C28_PM1;EPA7;planned
413223826;47537458955;2026-07-23;2026-07-27;2026-07-27;EARLY;=C28_PM1;EPA7;planned
413223826;47538862268;2026-07-23;2026-07-28;2026-07-28;EARLY;=C28_PM1;EPA7;planned
413223826;47539361273;2026-07-23;2026-07-27;2026-07-27;EARLY;=C28_PM1;EPA7;planned
413223826;47539708539;2026-07-23;2026-07-27;2026-07-27;EARLY;=C28_PM1;EPA7;planned
413223826;47540806429;2026-07-23;2026-07-27;2026-07-27;EARLY;=C28_PM1;EPA7;planned
413223826;47541010443;2026-07-23;2026-07-27;2026-07-27;EARLY;=C28_PM1;EPA7;planned
413223826;47541494891;2026-07-23;2026-07-27;2026-07-27;EARLY;=C28_PM1;EPA7;planned
413223826;47545620340;2026-07-23;2026-07-27;2026-07-27;EARLY;=C28_PM1;EPA7;planned
413223826;47547219676;2026-07-25;;2026-07-25;EARLY;=C28_PM1;EPA7;planned
413223826;47547693468;2026-07-25;2026-07-26;2026-07-26;EARLY;=C28_PM1;EPA7;planned
413223826;47548567277;2026-07-23;2026-07-27;2026-07-27;EARLY;=C28_PM1;EPA7;planned
413223826;47548890825;2026-07-25;2026-07-26;2026-07-26;EARLY;=C28_PM1;EPA7;planned
413223826;47549009510;2026-07-23;2026-07-25;2026-07-25;EARLY;=C28_PM1;EPA7;planned
413223826;47551203624;2026-07-24;2026-07-26;2026-07-26;EARLY;=C28_PM1;EPA7;planned
413223826;47553047348;2026-07-25;2026-07-29;2026-07-29;EARLY;=C28_PM1;EPA7;planned
413223826;47554032558;2026-07-25;2026-07-29;2026-07-29;EARLY;=C28_PM1;EPA7;planned
413223826;47554340196;2026-07-23;2026-07-27;2026-07-27;EARLY;=C28_PM1;EPA7;planned
413223826;47554586272;2026-07-24;2026-07-26;2026-07-26;EARLY;=C28_PM1;EPA7;planned
413223826;47554846151;2026-07-23;2026-07-27;2026-07-27;EARLY;=C28_PM1;EPA7;planned
413223826;47554868340;2026-07-23;2026-07-27;2026-07-27;EARLY;=C28_PM1;EPA7;planned
413223826;47554983146;2026-07-26;2026-07-30;2026-07-30;EARLY;=C28_PM1;EPA7;planned
413223826;47554985613;2026-07-23;2026-07-27;2026-07-27;EARLY;=C28_PM1;EPA7;planned
413223826;47555258595;2026-07-23;2026-07-27;2026-07-27;EARLY;=C28_PM1;EPA7;planned
413223826;47555480175;2026-07-23;2026-07-27;2026-07-27;EARLY;=C28_PM1;EPA7;planned
413223826;47555992065;2026-07-25;2026-07-27;2026-07-27;EARLY;=C28_PM1;EPA7;planned
413223826;47555999982;2026-07-25;;2026-07-25;EARLY;=C28_PM1;EPA7;planned
413223826;47557067911;2026-07-23;2026-07-27;2026-07-27;EARLY;=C28_PM1;EPA7;planned
413223826;47557196839;2026-07-23;2026-07-27;2026-07-27;EARLY;=C28_PM1;EPA7;planned
413223826;47557307665;2026-07-24;2026-07-26;2026-07-26;EARLY;=C28_PM1;EPA7;planned
413223826;47557336806;2026-07-26;2026-07-28;2026-07-28;EARLY;=C28_PM1;EPA7;planned
413223826;47558046483;2026-07-25;2026-07-26;2026-07-26;EARLY;=C28_PM1;EPA7;planned
413223826;47561419293;2026-07-24;2026-07-26;2026-07-26;EARLY;=C28_PM1;EPA7;planned
413223826;47561977530;2026-07-25;2026-07-26;2026-07-26;EARLY;=C28_PM1;EPA7;planned
413223826;47562021594;2026-07-25;;2026-07-25;EARLY;=C28_PM1;EPA7;planned
413223826;47564921399;2026-07-25;;2026-07-25;EARLY;=C28_PM1;EPA7;planned
413223826;47565394104;2026-07-25;;2026-07-25;EARLY;=C28_PM1;EPA7;planned
413223826;47566367540;2026-07-24;2026-07-25;2026-07-25;EARLY;=C28_PM1;EPA7;planned
413223826;47567459244;2026-07-24;2026-07-25;2026-07-25;EARLY;=C28_PM1;EPA7;planned
413223826;47567807114;2026-07-24;2026-07-25;2026-07-25;EARLY;=C28_PM1;EPA7;planned
413223826;47568652469;2026-07-24;2026-07-25;2026-07-25;EARLY;=C28_PM1;EPA7;planned
413223826;47568962211;2026-07-24;2026-07-25;2026-07-25;EARLY;=C28_PM1;EPA7;planned
413223826;47568962243;2026-07-25;;2026-07-25;EARLY;=C28_PM1;EPA7;planned
413223826;47569141282;2026-07-24;2026-07-25;2026-07-25;EARLY;=C28_PM1;EPA7;planned
413223826;47569993224;2026-07-24;2026-07-25;2026-07-25;EARLY;=C28_PM1;EPA7;planned
413223826;47570273597;2026-07-23;2026-07-26;2026-07-26;EARLY;=C28_PM1;EPA7;planned
413223826;47572643204;2026-07-25;;2026-07-25;EARLY;=C28_PM1;EPA7;planned
413223826;47572805320;2026-07-25;;2026-07-25;EARLY;=C28_PM1;EPA7;planned
413223826;47573584268;2026-07-25;;2026-07-25;EARLY;=C28_PM1;EPA7;planned
413223826;47573601991;2026-07-25;;2026-07-25;EARLY;=C28_PM1;EPA7;planned
413223826;47574029027;2026-07-25;2026-07-27;2026-07-27;EARLY;=C28_PM1;EPA7;planned
413223826;47574086781;2026-07-25;;2026-07-25;EARLY;=C28_PM1;EPA7;planned
413223826;47574349931;2026-07-24;2026-07-26;2026-07-26;EARLY;=C28_PM1;EPA7;planned
413223826;47575171449;2026-07-25;;2026-07-25;EARLY;=C28_PM1;EPA7;planned
413223826;47575319235;2026-07-25;2026-07-29;2026-07-29;EARLY;=C28_PM1;EPA7;planned
413223826;47575501719;2026-07-25;;2026-07-25;EARLY;=C28_PM1;EPA7;planned
413223826;47575978317;2026-07-25;2026-07-29;2026-07-29;EARLY;=C28_PM1;EPA7;planned
413223826;47576327843;2026-07-25;2026-07-29;2026-07-29;EARLY;=C28_PM1;EPA7;planned
413223826;47576524223;2026-07-25;;2026-07-25;EARLY;=C28_PM1;EPA7;planned
413223826;47576705163;2026-07-25;;2026-07-25;EARLY;=C28_PM1;EPA7;planned
413223826;47577144867;2026-07-25;;2026-07-25;EARLY;=C28_PM1;EPA7;planned
413223826;47577436451;2026-07-25;;2026-07-25;EARLY;=C28_PM1;EPA7;planned
413223826;47578014694;2026-07-25;;2026-07-25;EARLY;=C28_PM1;EPA7;planned
413223826;47578369957;2026-07-25;;2026-07-25;EARLY;=C28_PM1;EPA7;planned
413223826;47578569467;2026-07-25;;2026-07-25;EARLY;=C28_PM1;EPA7;planned
413223826;47578866471;2026-07-25;;2026-07-25;EARLY;=C28_PM1;EPA7;planned
413223826;47579070506;2026-07-25;;2026-07-25;EARLY;=C28_PM1;EPA7;planned
413224064;47435512980;2026-07-23;2026-07-29;2026-07-29;EARLY;=C27_PM1;EPA7;planned
413224064;47483540212;2026-07-22;2026-07-24;2026-07-24;ON TIME;=C27_PM1;EPA7;planned
413224064;47484225856;2026-07-21;2026-07-27;2026-07-27;EARLY;=C27_PM1;EPA7;planned
413224064;47487845327;2026-07-19;2026-07-21;2026-07-21;VENCIDO;=C27_PM1;EPA7;planned
413224064;47493172345;2026-07-17;2026-07-23;2026-07-23;VENCIDO;=C27_PM1;EPA7;planned
413224064;47496644559;2026-07-18;2026-07-19;2026-07-19;VENCIDO;=C27_PM1;EPA7;planned
413224064;47496704765;2026-07-22;2026-07-26;2026-07-26;EARLY;=C27_PM1;EPA7;planned
413224064;47498023723;2026-07-16;2026-07-22;2026-07-22;VENCIDO;=C27_PM1;EPA7;planned
413224064;47507450450;2026-07-23;2026-07-27;2026-07-27;EARLY;=C27_PM1;EPA7;planned
413224064;47511807193;2026-07-23;2026-07-27;2026-07-27;EARLY;=C27_PM1;EPA7;planned
413224064;47514104099;2026-07-23;2026-07-27;2026-07-27;EARLY;=C27_PM1;EPA7;planned
413224064;47515445528;2026-07-22;2026-07-24;2026-07-24;ON TIME;=C27_PM1;EPA7;planned
413224064;47517016997;2026-07-22;2026-07-24;2026-07-24;ON TIME;=C27_PM1;EPA7;planned
413224064;47519996269;2026-07-22;2026-07-28;2026-07-28;EARLY;=C27_PM1;EPA7;planned
413224064;47520128832;2026-07-20;2026-07-22;2026-07-22;VENCIDO;=C27_PM1;EPA7;planned
413224064;47520421539;;;;;=C27_PM1;EPA7;planned
413224064;47520684174;;;;;=C27_PM1;EPA7;planned
413224064;47520686640;;;;;=C27_PM1;EPA7;planned
413224064;47524402339;2026-07-24;2026-07-27;2026-07-27;EARLY;=C27_PM1;EPA7;planned
413224064;47526402345;2026-07-25;2026-07-30;2026-07-30;EARLY;=C27_PM1;EPA7;planned
413224064;47527457843;2026-07-23;2026-07-27;2026-07-27;EARLY;=C27_PM1;EPA7;planned
413224064;47528321988;2026-07-21;2026-07-26;2026-07-26;EARLY;=C27_PM1;EPA7;planned
413224064;47528359346;2026-07-22;2026-07-26;2026-07-26;EARLY;=C27_PM1;EPA7;planned
413224064;47528724257;2026-07-22;2026-07-24;2026-07-24;ON TIME;=C27_PM1;EPA7;planned
413224064;47530872204;2026-07-22;2026-07-24;2026-07-24;ON TIME;=C27_PM1;EPA7;planned
413224064;47533361825;2026-07-22;2026-07-23;2026-07-23;VENCIDO;=C27_PM1;EPA7;planned
413224064;47535366312;2026-07-23;2026-07-27;2026-07-27;EARLY;=C27_PM1;EPA7;planned
413224064;47536018562;2026-07-22;2026-07-24;2026-07-24;ON TIME;=C27_PM1;EPA7;planned
413224064;47536832042;2026-07-25;2026-07-30;2026-07-30;EARLY;=C27_PM1;EPA7;planned
413224064;47536949009;2026-07-27;2026-07-28;2026-07-28;EARLY;=C27_PM1;EPA7;planned
413224064;47537044070;2026-07-23;2026-07-27;2026-07-27;EARLY;=C27_PM1;EPA7;planned
413224064;47538512595;2026-07-22;2026-07-24;2026-07-24;ON TIME;=C27_PM1;EPA7;planned
413224064;47538694328;2026-07-23;2026-07-27;2026-07-27;EARLY;=C27_PM1;EPA7;planned
413224064;47539634000;2026-07-23;2026-07-27;2026-07-27;EARLY;=C27_PM1;EPA7;planned
413224064;47540951044;2026-08-03;2026-08-04;2026-08-04;EARLY;=C27_PM1;EPA7;planned
413224064;47542510631;2026-07-25;2026-07-28;2026-07-28;EARLY;=C27_PM1;EPA7;planned
413224064;47542566501;2026-07-23;2026-07-27;2026-07-27;EARLY;=C27_PM1;EPA7;planned
413224064;47545563013;2026-07-22;2026-07-26;2026-07-26;EARLY;=C27_PM1;EPA7;planned
413224064;47546294336;2026-07-22;2026-07-24;2026-07-24;ON TIME;=C27_PM1;EPA7;planned
413224064;47547307039;2026-07-25;2026-07-29;2026-07-29;EARLY;=C27_PM1;EPA7;planned
413224064;47547567388;2026-07-25;2026-07-29;2026-07-29;EARLY;=C27_PM1;EPA7;planned
413224064;47548518998;2026-07-26;2026-07-28;2026-07-28;EARLY;=C27_PM1;EPA7;planned
413224064;47549754810;2026-07-24;;2026-07-24;ON TIME;=C27_PM1;EPA7;planned
413224064;47551367601;2026-07-24;2026-07-25;2026-07-25;EARLY;=C27_PM1;EPA7;planned
413224064;47553945211;2026-07-25;;2026-07-25;EARLY;=C27_PM1;EPA7;planned
413224064;47554429218;2026-07-25;;2026-07-25;EARLY;=C27_PM1;EPA7;planned
413224064;47554898017;2026-07-24;2026-07-26;2026-07-26;EARLY;=C27_PM1;EPA7;planned
413224064;47555057599;2026-07-24;2026-07-27;2026-07-27;EARLY;=C27_PM1;EPA7;planned
413224064;47555314978;2026-07-25;;2026-07-25;EARLY;=C27_PM1;EPA7;planned
413224064;47555625340;2026-07-25;2026-07-26;2026-07-26;EARLY;=C27_PM1;EPA7;planned
413224064;47556555712;2026-07-23;2026-07-27;2026-07-27;EARLY;=C27_PM1;EPA7;planned
413224064;47556972048;2026-07-25;2026-07-26;2026-07-26;EARLY;=C27_PM1;EPA7;planned
413224064;47557130374;2026-07-25;;2026-07-25;EARLY;=C27_PM1;EPA7;planned
413224064;47557184543;2026-07-25;;2026-07-25;EARLY;=C27_PM1;EPA7;planned
413224064;47557213710;2026-07-23;2026-07-27;2026-07-27;EARLY;=C27_PM1;EPA7;planned
413224064;47557485523;2026-07-25;;2026-07-25;EARLY;=C27_PM1;EPA7;planned
413224064;47558297772;2026-07-25;;2026-07-25;EARLY;=C27_PM1;EPA7;planned
413224064;47560233301;2026-07-22;2026-07-26;2026-07-26;EARLY;=C27_PM1;EPA7;planned
413224064;47560340387;2026-07-25;;2026-07-25;EARLY;=C27_PM1;EPA7;planned
413224064;47560576237;2026-07-25;;2026-07-25;EARLY;=C27_PM1;EPA7;planned
413224064;47560765211;2026-07-25;;2026-07-25;EARLY;=C27_PM1;EPA7;planned
413224064;47561716504;2026-07-25;2026-07-26;2026-07-26;EARLY;=C27_PM1;EPA7;planned
413224064;47564030844;2026-07-24;2026-07-25;2026-07-25;EARLY;=C27_PM1;EPA7;planned
413224064;47564896132;2026-07-25;;2026-07-25;EARLY;=C27_PM1;EPA7;planned
413224064;47565598619;2026-07-25;;2026-07-25;EARLY;=C27_PM1;EPA7;planned
413224064;47566065774;2026-07-24;2026-07-25;2026-07-25;EARLY;=C27_PM1;EPA7;planned
413224064;47566213433;2026-07-25;;2026-07-25;EARLY;=C27_PM1;EPA7;planned
413224064;47566532202;2026-07-26;;2026-07-26;EARLY;=C27_PM1;EPA7;planned
413224064;47566702601;2026-07-24;2026-07-25;2026-07-25;EARLY;=C27_PM1;EPA7;planned
413224064;47566868751;2026-07-26;;2026-07-26;EARLY;=C27_PM1;EPA7;planned
413224064;47567622628;2026-07-25;;2026-07-25;EARLY;=C27_PM1;EPA7;planned
413224064;47567896202;2026-07-25;;2026-07-25;EARLY;=C27_PM1;EPA7;planned
413224064;47569328455;2026-07-24;2026-07-25;2026-07-25;EARLY;=C27_PM1;EPA7;planned
413224064;47570936063;2026-07-26;;2026-07-26;EARLY;=C27_PM1;EPA7;planned
413224064;47571248614;2026-07-25;;2026-07-25;EARLY;=C27_PM1;EPA7;planned
413224064;47572884515;2026-07-24;2026-07-26;2026-07-26;EARLY;=C27_PM1;EPA7;planned
413224064;47573318429;2026-07-25;;2026-07-25;EARLY;=C27_PM1;EPA7;planned
413224064;47573696935;2026-07-25;;2026-07-25;EARLY;=C27_PM1;EPA7;planned
413224064;47574695759;2026-07-25;;2026-07-25;EARLY;=C27_PM1;EPA7;planned
413224064;47574924857;2026-07-25;2026-07-31;2026-07-31;EARLY;=C27_PM1;EPA7;planned
413224064;47575620474;2026-07-25;;2026-07-25;EARLY;=C27_PM1;EPA7;planned
413224064;47576422431;2026-07-25;;2026-07-25;EARLY;=C27_PM1;EPA7;planned
413224064;47577824140;2026-07-25;;2026-07-25;EARLY;=C27_PM1;EPA7;planned
413224064;47579269533;2026-07-25;;2026-07-25;EARLY;=C27_PM1;EPA7;planned
413224064;47579428106;2026-07-25;;2026-07-25;EARLY;=C27_PM1;EPA7;planned
413224169;47499375977;2026-07-21;2026-07-27;2026-07-27;EARLY;=C3_PM1;EPA7;planned
413224169;47499501179;2026-07-25;2026-07-27;2026-07-27;EARLY;=C3_PM1;EPA7;planned
413224169;47503029506;2026-07-22;2026-07-26;2026-07-26;EARLY;=C3_PM1;EPA7;planned
413224169;47512250761;2026-07-23;2026-07-27;2026-07-27;EARLY;=C3_PM1;EPA7;planned
413224169;47514613090;2026-07-23;2026-07-27;2026-07-27;EARLY;=C3_PM1;EPA7;planned
413224169;47518250696;2026-07-23;2026-07-27;2026-07-27;EARLY;=C3_PM1;EPA7;planned
413224169;47521971538;2026-07-23;2026-07-27;2026-07-27;EARLY;=C3_PM1;EPA7;planned
413224169;47525205220;2026-07-21;2026-07-27;2026-07-27;EARLY;=C3_PM1;EPA7;planned
413224169;47528474042;2026-07-19;2026-07-25;2026-07-25;EARLY;=C3_PM1;EPA7;planned
413224169;47529793089;2026-07-23;2026-07-27;2026-07-27;EARLY;=C3_PM1;EPA7;planned
413224169;47530461365;2026-07-23;2026-07-27;2026-07-27;EARLY;=C3_PM1;EPA7;planned
413224169;47530797506;2026-07-21;2026-07-27;2026-07-27;EARLY;=C3_PM1;EPA7;planned
413224169;47531867068;2026-07-21;2026-07-27;2026-07-27;EARLY;=C3_PM1;EPA7;planned
413224169;47532553575;2026-07-23;2026-07-27;2026-07-27;EARLY;=C3_PM1;EPA7;planned
413224169;47533167009;2026-07-23;2026-07-28;2026-07-28;EARLY;=C3_PM1;EPA7;planned
413224169;47534660400;2026-07-23;2026-07-27;2026-07-27;EARLY;=C3_PM1;EPA7;planned
413224169;47534729494;2026-07-23;2026-07-27;2026-07-27;EARLY;=C3_PM1;EPA7;planned
413224169;47534784804;2026-07-23;2026-07-27;2026-07-27;EARLY;=C3_PM1;EPA7;planned
413224169;47535536526;2026-07-22;2026-07-26;2026-07-26;EARLY;=C3_PM1;EPA7;planned
413224169;47535814172;2026-07-22;2026-07-28;2026-07-28;EARLY;=C3_PM1;EPA7;planned
413224169;47536821167;2026-07-22;2026-07-26;2026-07-26;EARLY;=C3_PM1;EPA7;planned
413224169;47536821197;2026-07-22;2026-07-26;2026-07-26;EARLY;=C3_PM1;EPA7;planned
413224169;47541272074;2026-07-23;2026-07-27;2026-07-27;EARLY;=C3_PM1;EPA7;planned
413224169;47541361083;2026-07-23;2026-07-27;2026-07-27;EARLY;=C3_PM1;EPA7;planned
413224169;47541598963;2026-07-25;2026-07-28;2026-07-28;EARLY;=C3_PM1;EPA7;planned
413224169;47543665390;2026-07-23;2026-07-24;2026-07-24;ON TIME;=C3_PM1;EPA7;planned
413224169;47544964137;2026-07-23;2026-07-27;2026-07-27;EARLY;=C3_PM1;EPA7;planned
413224169;47545929289;2026-07-24;2026-07-26;2026-07-26;EARLY;=C3_PM1;EPA7;planned
413224169;47546509178;2026-07-23;2026-07-27;2026-07-27;EARLY;=C3_PM1;EPA7;planned
413224169;47546653226;2026-07-24;2026-07-26;2026-07-26;EARLY;=C3_PM1;EPA7;planned
413224169;47547268819;2026-07-24;2026-07-26;2026-07-26;EARLY;=C3_PM1;EPA7;planned
413224169;47548088763;2026-07-23;2026-07-27;2026-07-27;EARLY;=C3_PM1;EPA7;planned
413224169;47548283630;2026-07-24;2026-07-25;2026-07-25;EARLY;=C3_PM1;EPA7;planned
413224169;47550063768;2026-07-25;2026-07-26;2026-07-26;EARLY;=C3_PM1;EPA7;planned
413224169;47552125072;2026-07-24;2026-07-26;2026-07-26;EARLY;=C3_PM1;EPA7;planned
413224169;47552269574;2026-07-24;2026-07-26;2026-07-26;EARLY;=C3_PM1;EPA7;planned
413224169;47552269584;2026-07-25;;2026-07-25;EARLY;=C3_PM1;EPA7;planned
413224169;47552397940;2026-07-23;2026-07-27;2026-07-27;EARLY;=C3_PM1;EPA7;planned
413224169;47552604227;2026-07-24;2026-07-26;2026-07-26;EARLY;=C3_PM1;EPA7;planned
413224169;47552623121;2026-07-24;2026-07-26;2026-07-26;EARLY;=C3_PM1;EPA7;planned
413224169;47553044598;2026-07-25;2026-07-27;2026-07-27;EARLY;=C3_PM1;EPA7;planned
413224169;47553048918;2026-07-24;2026-07-27;2026-07-27;EARLY;=C3_PM1;EPA7;planned
413224169;47553966513;2026-07-25;2026-07-29;2026-07-29;EARLY;=C3_PM1;EPA7;planned
413224169;47554418179;2026-07-25;;2026-07-25;EARLY;=C3_PM1;EPA7;planned
413224169;47555148282;2026-07-25;;2026-07-25;EARLY;=C3_PM1;EPA7;planned
413224169;47555211038;2026-07-25;2026-07-27;2026-07-27;EARLY;=C3_PM1;EPA7;planned
413224169;47555244867;2026-07-24;2026-07-26;2026-07-26;EARLY;=C3_PM1;EPA7;planned
413224169;47555968857;2026-07-24;2026-07-27;2026-07-27;EARLY;=C3_PM1;EPA7;planned
413224169;47556544992;2026-07-24;2026-07-27;2026-07-27;EARLY;=C3_PM1;EPA7;planned
413224169;47556686373;2026-07-23;2026-07-27;2026-07-27;EARLY;=C3_PM1;EPA7;planned
413224169;47557720486;2026-07-25;;2026-07-25;EARLY;=C3_PM1;EPA7;planned
413224169;47558003504;2026-07-23;2026-07-25;2026-07-25;EARLY;=C3_PM1;EPA7;planned
413224169;47558276802;2026-07-25;2026-07-26;2026-07-26;EARLY;=C3_PM1;EPA7;planned
413224169;47558276808;2026-07-25;2026-07-26;2026-07-26;EARLY;=C3_PM1;EPA7;planned
413224169;47558548624;2026-07-24;2026-07-26;2026-07-26;EARLY;=C3_PM1;EPA7;planned
413224169;47558843544;2026-07-24;2026-07-26;2026-07-26;EARLY;=C3_PM1;EPA7;planned
413224169;47560105325;2026-07-25;;2026-07-25;EARLY;=C3_PM1;EPA7;planned
413224169;47560357552;2026-07-25;;2026-07-25;EARLY;=C3_PM1;EPA7;planned
413224169;47560675339;2026-07-24;2026-07-25;2026-07-25;EARLY;=C3_PM1;EPA7;planned
413224169;47561237665;2026-07-25;;2026-07-25;EARLY;=C3_PM1;EPA7;planned
413224169;47561489494;2026-07-25;;2026-07-25;EARLY;=C3_PM1;EPA7;planned
413224169;47561491600;2026-07-25;2026-07-26;2026-07-26;EARLY;=C3_PM1;EPA7;planned
413224169;47561799975;2026-07-24;;2026-07-24;ON TIME;=C3_PM1;EPA7;planned
413224169;47562490000;2026-07-23;2026-07-25;2026-07-25;EARLY;=C3_PM1;EPA7;planned
413224169;47563558930;2026-07-25;2026-07-27;2026-07-27;EARLY;=C3_PM1;EPA7;planned
413224169;47563982289;2026-07-23;2026-07-24;2026-07-24;ON TIME;=C3_PM1;EPA7;planned
413224169;47564516718;2026-07-25;;2026-07-25;EARLY;=C3_PM1;EPA7;planned
413224169;47565778930;2026-07-25;;2026-07-25;EARLY;=C3_PM1;EPA7;planned
413224169;47565880162;2026-07-24;;2026-07-24;ON TIME;=C3_PM1;EPA7;planned
413224169;47566282679;2026-07-24;2026-07-26;2026-07-26;EARLY;=C3_PM1;EPA7;planned
413224169;47566282749;2026-07-24;2026-07-25;2026-07-25;EARLY;=C3_PM1;EPA7;planned
413224169;47566282797;2026-07-24;2026-07-25;2026-07-25;EARLY;=C3_PM1;EPA7;planned
413224169;47567010484;2026-07-24;2026-07-25;2026-07-25;EARLY;=C3_PM1;EPA7;planned
413224169;47567010814;2026-07-24;2026-07-25;2026-07-25;EARLY;=C3_PM1;EPA7;planned
413224169;47567105043;2026-07-24;2026-07-25;2026-07-25;EARLY;=C3_PM1;EPA7;planned
413224169;47570510081;2026-07-25;;2026-07-25;EARLY;=C3_PM1;EPA7;planned
413224169;47570613114;2026-07-24;2026-07-25;2026-07-25;EARLY;=C3_PM1;EPA7;planned
413224169;47570683594;2026-07-24;2026-07-25;2026-07-25;EARLY;=C3_PM1;EPA7;planned
413224169;47571493964;2026-07-25;;2026-07-25;EARLY;=C3_PM1;EPA7;planned
413224169;47572138145;2026-07-25;;2026-07-25;EARLY;=C3_PM1;EPA7;planned
413224169;47572478361;2026-07-25;;2026-07-25;EARLY;=C3_PM1;EPA7;planned
413224169;47572550542;2026-07-24;2026-07-26;2026-07-26;EARLY;=C3_PM1;EPA7;planned
413224169;47572932244;2026-07-25;;2026-07-25;EARLY;=C3_PM1;EPA7;planned
413224169;47573291970;2026-07-24;2026-07-26;2026-07-26;EARLY;=C3_PM1;EPA7;planned
413224169;47573339122;2026-07-25;;2026-07-25;EARLY;=C3_PM1;EPA7;planned
413224169;47574649775;2026-07-25;;2026-07-25;EARLY;=C3_PM1;EPA7;planned
413224169;47574692145;2026-07-25;;2026-07-25;EARLY;=C3_PM1;EPA7;planned
413224169;47574899428;2026-07-25;;2026-07-25;EARLY;=C3_PM1;EPA7;planned
413224169;47575091791;2026-07-25;;2026-07-25;EARLY;=C3_PM1;EPA7;planned
413224169;47575262607;2026-07-25;2026-07-29;2026-07-29;EARLY;=C3_PM1;EPA7;planned
413224169;47575262885;2026-07-25;2026-07-29;2026-07-29;EARLY;=C3_PM1;EPA7;planned
413224169;47575344840;2026-07-25;2026-07-29;2026-07-29;EARLY;=C3_PM1;EPA7;planned
413224169;47575705516;2026-07-25;;2026-07-25;EARLY;=C3_PM1;EPA7;planned
413224169;47576202870;2026-07-25;;2026-07-25;EARLY;=C3_PM1;EPA7;planned
413224169;47578906278;2026-07-25;;2026-07-25;EARLY;=C3_PM1;EPA7;planned
413224169;47579038584;2026-07-25;2026-07-29;2026-07-29;EARLY;=C3_PM1;EPA7;planned
413224169;47579124513;2026-07-25;;2026-07-25;EARLY;=C3_PM1;EPA7;planned
413224169;47580113022;2026-07-25;;2026-07-25;EARLY;=C3_PM1;EPA7;planned
413224477;47474426421;2026-07-23;2026-07-27;2026-07-27;EARLY;=C5_PM1;EPA7;planned
413224477;47500494081;2026-07-22;2026-07-26;2026-07-26;EARLY;=C5_PM1;EPA7;planned
413224477;47517170103;2026-07-23;2026-07-27;2026-07-27;EARLY;=C5_PM1;EPA7;planned
413224477;47517815061;2026-07-23;2026-07-27;2026-07-27;EARLY;=C5_PM1;EPA7;planned
413224477;47522569766;2026-07-24;2026-07-28;2026-07-28;EARLY;=C5_PM1;EPA7;planned
413224477;47525679523;2026-07-23;2026-07-27;2026-07-27;EARLY;=C5_PM1;EPA7;planned
413224477;47525841117;2026-07-23;2026-07-27;2026-07-27;EARLY;=C5_PM1;EPA7;planned
413224477;47526845119;2026-07-22;2026-07-27;2026-07-27;EARLY;=C5_PM1;EPA7;planned
413224477;47529168948;2026-07-22;2026-07-26;2026-07-26;EARLY;=C5_PM1;EPA7;planned
413224477;47529197475;2026-07-23;2026-07-27;2026-07-27;EARLY;=C5_PM1;EPA7;planned
413224477;47530962891;2026-07-23;2026-07-27;2026-07-27;EARLY;=C5_PM1;EPA7;planned
413224477;47531232402;2026-07-23;2026-07-27;2026-07-27;EARLY;=C5_PM1;EPA7;planned
413224477;47531976633;2026-07-21;2026-07-27;2026-07-27;EARLY;=C5_PM1;EPA7;planned
413224477;47532893344;2026-07-22;2026-07-28;2026-07-28;EARLY;=C5_PM1;EPA7;planned
413224477;47533513010;2026-07-22;2026-07-26;2026-07-26;EARLY;=C5_PM1;EPA7;planned
413224477;47533615711;2026-07-23;2026-07-27;2026-07-27;EARLY;=C5_PM1;EPA7;planned
413224477;47533872650;2026-07-22;2026-07-26;2026-07-26;EARLY;=C5_PM1;EPA7;planned
413224477;47533899207;2026-07-23;2026-07-27;2026-07-27;EARLY;=C5_PM1;EPA7;planned
413224477;47533899497;2026-07-22;2026-07-28;2026-07-28;EARLY;=C5_PM1;EPA7;planned
413224477;47533975295;2026-07-22;2026-07-26;2026-07-26;EARLY;=C5_PM1;EPA7;planned
413224477;47534313172;2026-07-22;2026-07-26;2026-07-26;EARLY;=C5_PM1;EPA7;planned
413224477;47539960470;2026-07-24;2026-07-26;2026-07-26;EARLY;=C5_PM1;EPA7;planned
413224477;47541044924;2026-07-23;2026-07-24;2026-07-24;ON TIME;=C5_PM1;EPA7;planned
413224477;47542044084;2026-07-23;2026-07-27;2026-07-27;EARLY;=C5_PM1;EPA7;planned
413224477;47542549211;2026-07-23;2026-07-24;2026-07-24;ON TIME;=C5_PM1;EPA7;planned
413224477;47543135673;2026-07-25;2026-07-28;2026-07-28;EARLY;=C5_PM1;EPA7;planned
413224477;47543775739;2026-07-25;2026-07-28;2026-07-28;EARLY;=C5_PM1;EPA7;planned
413224477;47545288998;2026-07-25;2026-07-29;2026-07-29;EARLY;=C5_PM1;EPA7;planned
413224477;47546735066;2026-07-24;2026-07-27;2026-07-27;EARLY;=C5_PM1;EPA7;planned
413224477;47547071945;2026-07-23;2026-07-24;2026-07-24;ON TIME;=C5_PM1;EPA7;planned
413224477;47547722991;2026-07-23;2026-07-27;2026-07-27;EARLY;=C5_PM1;EPA7;planned
413224477;47548135895;2026-07-24;2026-07-26;2026-07-26;EARLY;=C5_PM1;EPA7;planned
413224477;47549351595;2026-07-22;2026-07-26;2026-07-26;EARLY;=C5_PM1;EPA7;planned
413224477;47550081498;2026-07-24;2026-07-26;2026-07-26;EARLY;=C5_PM1;EPA7;planned
413224477;47551417487;2026-07-25;2026-07-27;2026-07-27;EARLY;=C5_PM1;EPA7;planned
413224477;47552595849;2026-07-23;2026-07-25;2026-07-25;EARLY;=C5_PM1;EPA7;planned
413224477;47553651935;2026-07-25;;2026-07-25;EARLY;=C5_PM1;EPA7;planned
413224477;47553743946;2026-07-23;2026-07-27;2026-07-27;EARLY;=C5_PM1;EPA7;planned
413224477;47554659369;2026-07-24;2026-07-26;2026-07-26;EARLY;=C5_PM1;EPA7;planned
413224477;47554753407;2026-07-25;;2026-07-25;EARLY;=C5_PM1;EPA7;planned
413224477;47556742137;2026-07-25;;2026-07-25;EARLY;=C5_PM1;EPA7;planned
413224477;47557030145;2026-07-25;;2026-07-25;EARLY;=C5_PM1;EPA7;planned
413224477;47557068611;2026-07-26;2026-07-28;2026-07-28;EARLY;=C5_PM1;EPA7;planned
413224477;47557109393;2026-07-23;2026-07-27;2026-07-27;EARLY;=C5_PM1;EPA7;planned
413224477;47557238682;2026-07-23;2026-07-27;2026-07-27;EARLY;=C5_PM1;EPA7;planned
413224477;47557534196;2026-07-27;2026-07-29;2026-07-29;EARLY;=C5_PM1;EPA7;planned
413224477;47557534286;2026-07-25;;2026-07-25;EARLY;=C5_PM1;EPA7;planned
413224477;47557819512;2026-07-25;2026-07-26;2026-07-26;EARLY;=C5_PM1;EPA7;planned
413224477;47557819652;2026-07-25;2026-07-26;2026-07-26;EARLY;=C5_PM1;EPA7;planned
413224477;47558236603;2026-07-25;;2026-07-25;EARLY;=C5_PM1;EPA7;planned
413224477;47558343391;2026-07-24;2026-07-26;2026-07-26;EARLY;=C5_PM1;EPA7;planned
413224477;47558397220;2026-07-24;2026-07-26;2026-07-26;EARLY;=C5_PM1;EPA7;planned
413224477;47558580050;2026-07-26;2026-07-30;2026-07-30;EARLY;=C5_PM1;EPA7;planned
413224477;47559572576;2026-07-24;2026-07-26;2026-07-26;EARLY;=C5_PM1;EPA7;planned
413224477;47560017551;2026-07-24;2026-07-25;2026-07-25;EARLY;=C5_PM1;EPA7;planned
413224477;47560480772;2026-07-24;2026-07-26;2026-07-26;EARLY;=C5_PM1;EPA7;planned
413224477;47561167731;2026-07-25;;2026-07-25;EARLY;=C5_PM1;EPA7;planned
413224477;47562576464;2026-07-25;;2026-07-25;EARLY;=C5_PM1;EPA7;planned
413224477;47564924067;2026-07-25;;2026-07-25;EARLY;=C5_PM1;EPA7;planned
413224477;47565942679;2026-07-25;2026-07-27;2026-07-27;EARLY;=C5_PM1;EPA7;planned
413224477;47566322177;2026-07-24;2026-07-25;2026-07-25;EARLY;=C5_PM1;EPA7;planned
413224477;47566574606;2026-07-24;2026-07-25;2026-07-25;EARLY;=C5_PM1;EPA7;planned
413224477;47566647888;2026-07-25;2026-07-26;2026-07-26;EARLY;=C5_PM1;EPA7;planned
413224477;47567362995;2026-07-24;2026-07-25;2026-07-25;EARLY;=C5_PM1;EPA7;planned
413224477;47567363275;2026-07-25;;2026-07-25;EARLY;=C5_PM1;EPA7;planned
413224477;47567394054;2026-07-24;2026-07-25;2026-07-25;EARLY;=C5_PM1;EPA7;planned
413224477;47567437338;2026-07-24;2026-07-25;2026-07-25;EARLY;=C5_PM1;EPA7;planned
413224477;47567559676;2026-07-24;2026-07-25;2026-07-25;EARLY;=C5_PM1;EPA7;planned
413224477;47568586102;2026-07-24;2026-07-25;2026-07-25;EARLY;=C5_PM1;EPA7;planned
413224477;47569057714;2026-07-26;2026-07-27;2026-07-27;EARLY;=C5_PM1;EPA7;planned
413224477;47570703196;2026-07-24;2026-07-25;2026-07-25;EARLY;=C5_PM1;EPA7;planned
413224477;47570974962;2026-07-25;2026-07-26;2026-07-26;EARLY;=C5_PM1;EPA7;planned
413224477;47571233400;2026-07-24;2026-07-25;2026-07-25;EARLY;=C5_PM1;EPA7;planned
413224477;47571766148;2026-07-26;2026-07-28;2026-07-28;EARLY;=C5_PM1;EPA7;planned
413224477;47572053390;2026-07-25;2026-07-27;2026-07-27;EARLY;=C5_PM1;EPA7;planned
413224477;47572069000;2026-07-25;2026-07-27;2026-07-27;EARLY;=C5_PM1;EPA7;planned
413224477;47572286975;2026-07-25;;2026-07-25;EARLY;=C5_PM1;EPA7;planned
413224477;47572579793;2026-07-25;2026-07-27;2026-07-27;EARLY;=C5_PM1;EPA7;planned
413224477;47572925531;2026-07-24;2026-07-26;2026-07-26;EARLY;=C5_PM1;EPA7;planned
413224477;47573300614;2026-07-25;;2026-07-25;EARLY;=C5_PM1;EPA7;planned
413224477;47574243818;2026-07-25;2026-07-27;2026-07-27;EARLY;=C5_PM1;EPA7;planned
413224477;47574281505;2026-07-25;;2026-07-25;EARLY;=C5_PM1;EPA7;planned
413224477;47574556043;2026-07-25;;2026-07-25;EARLY;=C5_PM1;EPA7;planned
413224477;47574556069;2026-07-25;;2026-07-25;EARLY;=C5_PM1;EPA7;planned
413224477;47574634945;2026-07-25;;2026-07-25;EARLY;=C5_PM1;EPA7;planned
413224477;47574934850;2026-07-25;;2026-07-25;EARLY;=C5_PM1;EPA7;planned
413224477;47575142197;2026-07-25;2026-07-29;2026-07-29;EARLY;=C5_PM1;EPA7;planned
413224477;47575678952;2026-07-25;;2026-07-25;EARLY;=C5_PM1;EPA7;planned
413224477;47575679024;2026-07-25;;2026-07-25;EARLY;=C5_PM1;EPA7;planned
413224477;47576405915;2026-07-25;;2026-07-25;EARLY;=C5_PM1;EPA7;planned
413224477;47576579240;2026-07-25;2026-07-29;2026-07-29;EARLY;=C5_PM1;EPA7;planned
413224477;47576928809;2026-07-25;;2026-07-25;EARLY;=C5_PM1;EPA7;planned
413224477;47578728029;2026-07-25;;2026-07-25;EARLY;=C5_PM1;EPA7;planned
413224477;47578929726;2026-07-25;;2026-07-25;EARLY;=C5_PM1;EPA7;planned
413224477;47578996974;2026-07-25;;2026-07-25;EARLY;=C5_PM1;EPA7;planned
413224477;47579097531;2026-07-25;;2026-07-25;EARLY;=C5_PM1;EPA7;planned
413224477;47579225358;2026-07-25;;2026-07-25;EARLY;=C5_PM1;EPA7;planned
413224477;47579889746;2026-07-25;;2026-07-25;EARLY;=C5_PM1;EPA7;planned
413224477;47580119811;2026-07-25;;2026-07-25;EARLY;=C5_PM1;EPA7;planned
413224722;47469377359;2026-07-23;2026-07-27;2026-07-27;EARLY;=C12_PM1;EPA7;planned
413224722;47489256747;2026-07-20;2026-07-26;2026-07-26;EARLY;=C12_PM1;EPA7;planned
413224722;47505110529;2026-07-21;2026-07-27;2026-07-27;EARLY;=C12_PM1;EPA7;planned
413224722;47512496325;2026-07-24;2026-07-28;2026-07-28;EARLY;=C12_PM1;EPA7;planned
413224722;47512762294;2026-07-23;2026-07-27;2026-07-27;EARLY;=C12_PM1;EPA7;planned
413224722;47513214376;2026-07-23;2026-07-27;2026-07-27;EARLY;=C12_PM1;EPA7;planned
413224722;47515716324;2026-07-23;2026-07-27;2026-07-27;EARLY;=C12_PM1;EPA7;planned
413224722;47516189600;2026-07-23;2026-07-27;2026-07-27;EARLY;=C12_PM1;EPA7;planned
413224722;47517823820;2026-07-23;2026-07-27;2026-07-27;EARLY;=C12_PM1;EPA7;planned
413224722;47520039545;2026-07-23;2026-07-27;2026-07-27;EARLY;=C12_PM1;EPA7;planned
413224722;47526763933;2026-07-25;2026-07-29;2026-07-29;EARLY;=C12_PM1;EPA7;planned
413224722;47527182169;2026-07-23;2026-07-27;2026-07-27;EARLY;=C12_PM1;EPA7;planned
413224722;47531197133;2026-07-23;2026-07-27;2026-07-27;EARLY;=C12_PM1;EPA7;planned
413224722;47532362166;2026-07-21;2026-07-27;2026-07-27;EARLY;=C12_PM1;EPA7;planned
413224722;47536181276;2026-07-22;2026-07-28;2026-07-28;EARLY;=C12_PM1;EPA7;planned
413224722;47545121083;2026-07-23;2026-07-27;2026-07-27;EARLY;=C12_PM1;EPA7;planned
413224722;47545556531;2026-07-24;2026-07-26;2026-07-26;EARLY;=C12_PM1;EPA7;planned
413224722;47546049926;2026-07-23;2026-07-27;2026-07-27;EARLY;=C12_PM1;EPA7;planned
413224722;47546355699;2026-07-24;2026-07-27;2026-07-27;EARLY;=C12_PM1;EPA7;planned
413224722;47546992077;2026-07-23;2026-07-27;2026-07-27;EARLY;=C12_PM1;EPA7;planned
413224722;47548631175;2026-07-23;2026-07-27;2026-07-27;EARLY;=C12_PM1;EPA7;planned
413224722;47553341917;2026-07-25;;2026-07-25;EARLY;=C12_PM1;EPA7;planned
413224722;47553342089;2026-07-25;;2026-07-25;EARLY;=C12_PM1;EPA7;planned
413224722;47553342149;2026-07-25;;2026-07-25;EARLY;=C12_PM1;EPA7;planned
413224722;47554657695;2026-07-25;2026-07-27;2026-07-27;EARLY;=C12_PM1;EPA7;planned
413224722;47554973662;2026-07-24;2026-07-26;2026-07-26;EARLY;=C12_PM1;EPA7;planned
413224722;47555062119;2026-07-25;;2026-07-25;EARLY;=C12_PM1;EPA7;planned
413224722;47555138727;2026-07-23;2026-07-27;2026-07-27;EARLY;=C12_PM1;EPA7;planned
413224722;47555139015;2026-07-26;2026-07-30;2026-07-30;EARLY;=C12_PM1;EPA7;planned
413224722;47556344794;2026-07-24;2026-07-27;2026-07-27;EARLY;=C12_PM1;EPA7;planned
413224722;47556658723;2026-07-23;2026-07-27;2026-07-27;EARLY;=C12_PM1;EPA7;planned
413224722;47558853062;2026-07-25;;2026-07-25;EARLY;=C12_PM1;EPA7;planned
413224722;47559318652;2026-07-24;2026-07-25;2026-07-25;EARLY;=C12_PM1;EPA7;planned
413224722;47562106023;2026-07-24;2026-07-26;2026-07-26;EARLY;=C12_PM1;EPA7;planned
413224722;47562200226;2026-07-23;2026-07-25;2026-07-25;EARLY;=C12_PM1;EPA7;planned
413224722;47564498434;2026-07-27;2026-07-28;2026-07-28;EARLY;=C12_PM1;EPA7;planned
413224722;47565346828;2026-07-26;2026-07-28;2026-07-28;EARLY;=C12_PM1;EPA7;planned
413224722;47565775347;2026-07-24;2026-07-25;2026-07-25;EARLY;=C12_PM1;EPA7;planned
413224722;47566609400;2026-07-24;2026-07-25;2026-07-25;EARLY;=C12_PM1;EPA7;planned
413224722;47567906685;2026-07-24;2026-07-25;2026-07-25;EARLY;=C12_PM1;EPA7;planned
413224722;47568047104;2026-07-24;2026-07-25;2026-07-25;EARLY;=C12_PM1;EPA7;planned
413224722;47570008337;2026-07-24;2026-07-25;2026-07-25;EARLY;=C12_PM1;EPA7;planned
413224722;47570249083;2026-07-25;;2026-07-25;EARLY;=C12_PM1;EPA7;planned
413224722;47570311173;2026-07-25;;2026-07-25;EARLY;=C12_PM1;EPA7;planned
413224722;47570732317;2026-07-24;2026-07-25;2026-07-25;EARLY;=C12_PM1;EPA7;planned
413224722;47570881935;2026-07-25;;2026-07-25;EARLY;=C12_PM1;EPA7;planned
413224722;47572950980;2026-07-24;2026-07-26;2026-07-26;EARLY;=C12_PM1;EPA7;planned
413224722;47572974754;2026-07-25;;2026-07-25;EARLY;=C12_PM1;EPA7;planned
413224722;47573201988;2026-07-24;2026-07-26;2026-07-26;EARLY;=C12_PM1;EPA7;planned
413224722;47573619692;2026-07-25;;2026-07-25;EARLY;=C12_PM1;EPA7;planned
413224722;47575030950;2026-07-25;;2026-07-25;EARLY;=C12_PM1;EPA7;planned
413224722;47576266085;2026-07-25;;2026-07-25;EARLY;=C12_PM1;EPA7;planned
413224722;47578848097;2026-07-25;;2026-07-25;EARLY;=C12_PM1;EPA7;planned
413224722;47579547009;2026-07-25;;2026-07-25;EARLY;=C12_PM1;EPA7;planned
413224904;47486177475;2026-07-21;2026-07-27;2026-07-27;EARLY;=C22_PM1;EPA7;planned
413224904;47493049904;2026-07-21;2026-07-27;2026-07-27;EARLY;=C22_PM1;EPA7;planned
413224904;47504830545;2026-07-20;2026-07-22;2026-07-22;VENCIDO;=C22_PM1;EPA7;planned
413224904;47508014271;2026-07-23;2026-07-27;2026-07-27;EARLY;=C22_PM1;EPA7;planned
413224904;47511069162;2026-07-23;2026-07-27;2026-07-27;EARLY;=C22_PM1;EPA7;planned
413224904;47512843154;2026-07-23;2026-07-27;2026-07-27;EARLY;=C22_PM1;EPA7;planned
413224904;47519776187;2026-07-22;2026-07-25;2026-07-25;EARLY;=C22_PM1;EPA7;planned
413224904;47521785527;2026-07-23;2026-07-27;2026-07-27;EARLY;=C22_PM1;EPA7;planned
413224904;47526111314;2026-07-23;2026-07-27;2026-07-27;EARLY;=C22_PM1;EPA7;planned
413224904;47526959451;2026-07-23;2026-07-27;2026-07-27;EARLY;=C22_PM1;EPA7;planned
413224904;47527203020;2026-07-23;2026-07-27;2026-07-27;EARLY;=C22_PM1;EPA7;planned
413224904;47534400210;2026-07-23;2026-07-27;2026-07-27;EARLY;=C22_PM1;EPA7;planned
413224904;47534826494;2026-07-23;2026-07-27;2026-07-27;EARLY;=C22_PM1;EPA7;planned
413224904;47534826826;2026-07-23;2026-07-27;2026-07-27;EARLY;=C22_PM1;EPA7;planned
413224904;47539652702;2026-07-23;2026-07-27;2026-07-27;EARLY;=C22_PM1;EPA7;planned
413224904;47539803843;2026-07-23;2026-07-27;2026-07-27;EARLY;=C22_PM1;EPA7;planned
413224904;47541172129;2026-07-23;2026-07-27;2026-07-27;EARLY;=C22_PM1;EPA7;planned
413224904;47541827604;2026-07-23;2026-07-27;2026-07-27;EARLY;=C22_PM1;EPA7;planned
413224904;47541936074;2026-07-23;2026-07-27;2026-07-27;EARLY;=C22_PM1;EPA7;planned
413224904;47545333878;2026-07-23;2026-07-27;2026-07-27;EARLY;=C22_PM1;EPA7;planned
413224904;47545649066;2026-07-23;2026-07-27;2026-07-27;EARLY;=C22_PM1;EPA7;planned
413224904;47545649997;2026-07-23;2026-07-27;2026-07-27;EARLY;=C22_PM1;EPA7;planned
413224904;47548061330;2026-07-25;2026-07-26;2026-07-26;EARLY;=C22_PM1;EPA7;planned
413224904;47548367133;2026-07-25;2026-07-26;2026-07-26;EARLY;=C22_PM1;EPA7;planned
413224904;47549266003;2026-07-24;2026-07-25;2026-07-25;EARLY;=C22_PM1;EPA7;planned
413224904;47550908409;2026-07-25;2026-07-27;2026-07-27;EARLY;=C22_PM1;EPA7;planned
413224904;47551803170;2026-07-24;2026-07-26;2026-07-26;EARLY;=C22_PM1;EPA7;planned
413224904;47552377937;2026-07-24;2026-07-27;2026-07-27;EARLY;=C22_PM1;EPA7;planned
413224904;47552535070;2026-07-24;2026-07-27;2026-07-27;EARLY;=C22_PM1;EPA7;planned
413224904;47552976449;2026-07-24;2026-07-26;2026-07-26;EARLY;=C22_PM1;EPA7;planned
413224904;47553229332;2026-07-24;2026-07-26;2026-07-26;EARLY;=C22_PM1;EPA7;planned
413224904;47553755945;2026-07-23;2026-07-27;2026-07-27;EARLY;=C22_PM1;EPA7;planned
413224904;47553971533;2026-07-23;2026-07-27;2026-07-27;EARLY;=C22_PM1;EPA7;planned
413224904;47554053647;2026-07-25;2026-07-27;2026-07-27;EARLY;=C22_PM1;EPA7;planned
413224904;47554114841;2026-07-24;2026-07-26;2026-07-26;EARLY;=C22_PM1;EPA7;planned
413224904;47554457732;2026-07-24;2026-07-26;2026-07-26;EARLY;=C22_PM1;EPA7;planned
413224904;47554577509;2026-07-26;2026-07-28;2026-07-28;EARLY;=C22_PM1;EPA7;planned
413224904;47554602440;2026-07-23;2026-07-27;2026-07-27;EARLY;=C22_PM1;EPA7;planned
413224904;47555063572;2026-07-24;2026-07-27;2026-07-27;EARLY;=C22_PM1;EPA7;planned
413224904;47555287221;2026-07-23;2026-07-27;2026-07-27;EARLY;=C22_PM1;EPA7;planned
413224904;47555629785;2026-07-24;2026-07-27;2026-07-27;EARLY;=C22_PM1;EPA7;planned
413224904;47555677534;2026-07-23;2026-07-27;2026-07-27;EARLY;=C22_PM1;EPA7;planned
413224904;47555879246;2026-07-25;;2026-07-25;EARLY;=C22_PM1;EPA7;planned
413224904;47555924805;2026-07-24;2026-07-27;2026-07-27;EARLY;=C22_PM1;EPA7;planned
413224904;47556027799;2026-07-24;2026-07-27;2026-07-27;EARLY;=C22_PM1;EPA7;planned
413224904;47556238344;2026-07-24;2026-07-27;2026-07-27;EARLY;=C22_PM1;EPA7;planned
413224904;47556251986;2026-07-25;;2026-07-25;EARLY;=C22_PM1;EPA7;planned
413224904;47556566763;2026-07-24;2026-07-26;2026-07-26;EARLY;=C22_PM1;EPA7;planned
413224904;47556728937;2026-07-23;2026-07-27;2026-07-27;EARLY;=C22_PM1;EPA7;planned
413224904;47556745640;2026-07-25;;2026-07-25;EARLY;=C22_PM1;EPA7;planned
413224904;47556895159;2026-07-24;2026-07-26;2026-07-26;EARLY;=C22_PM1;EPA7;planned
413224904;47557113438;2026-07-23;2026-07-27;2026-07-27;EARLY;=C22_PM1;EPA7;planned
413224904;47557113652;2026-07-24;2026-07-26;2026-07-26;EARLY;=C22_PM1;EPA7;planned
413224904;47557198118;2026-07-24;2026-07-26;2026-07-26;EARLY;=C22_PM1;EPA7;planned
413224904;47557330761;2026-07-23;2026-07-27;2026-07-27;EARLY;=C22_PM1;EPA7;planned
413224904;47557399283;2026-07-23;2026-07-27;2026-07-27;EARLY;=C22_PM1;EPA7;planned
413224904;47557408343;2026-07-23;2026-07-27;2026-07-27;EARLY;=C22_PM1;EPA7;planned
413224904;47557978617;2026-07-24;2026-07-26;2026-07-26;EARLY;=C22_PM1;EPA7;planned
413224904;47558787121;2026-07-25;;2026-07-25;EARLY;=C22_PM1;EPA7;planned
413224904;47559125211;2026-07-24;2026-07-25;2026-07-25;EARLY;=C22_PM1;EPA7;planned
413224904;47559657260;2026-07-24;2026-07-26;2026-07-26;EARLY;=C22_PM1;EPA7;planned
413224904;47559680215;2026-07-25;2026-07-27;2026-07-27;EARLY;=C22_PM1;EPA7;planned
413224904;47560020321;2026-07-24;2026-07-26;2026-07-26;EARLY;=C22_PM1;EPA7;planned
413224904;47560434782;2026-07-24;2026-07-26;2026-07-26;EARLY;=C22_PM1;EPA7;planned
413224904;47560618471;2026-07-25;;2026-07-25;EARLY;=C22_PM1;EPA7;planned
413224904;47561167413;2026-07-25;2026-07-26;2026-07-26;EARLY;=C22_PM1;EPA7;planned
413224904;47562141939;2026-07-24;2026-07-25;2026-07-25;EARLY;=C22_PM1;EPA7;planned
413224904;47562313273;2026-07-24;2026-07-26;2026-07-26;EARLY;=C22_PM1;EPA7;planned
413224904;47562596805;2026-07-24;2026-07-26;2026-07-26;EARLY;=C22_PM1;EPA7;planned
413224904;47563779777;2026-07-25;;2026-07-25;EARLY;=C22_PM1;EPA7;planned
413224904;47564668800;2026-07-23;2026-07-24;2026-07-24;ON TIME;=C22_PM1;EPA7;planned
413224904;47564898076;2026-07-25;;2026-07-25;EARLY;=C22_PM1;EPA7;planned
413224904;47565274355;2026-07-25;;2026-07-25;EARLY;=C22_PM1;EPA7;planned
413224904;47567993349;2026-07-25;;2026-07-25;EARLY;=C22_PM1;EPA7;planned
413224904;47569112363;2026-07-24;2026-07-25;2026-07-25;EARLY;=C22_PM1;EPA7;planned
413224904;47572010973;2026-07-25;;2026-07-25;EARLY;=C22_PM1;EPA7;planned
413224904;47572319371;2026-07-25;2026-07-27;2026-07-27;EARLY;=C22_PM1;EPA7;planned
413224904;47572445417;2026-07-25;;2026-07-25;EARLY;=C22_PM1;EPA7;planned
413224904;47572687658;2026-07-25;;2026-07-25;EARLY;=C22_PM1;EPA7;planned
413224904;47573023003;2026-07-24;2026-07-26;2026-07-26;EARLY;=C22_PM1;EPA7;planned
413224904;47573133884;2026-07-25;;2026-07-25;EARLY;=C22_PM1;EPA7;planned
413224904;47573695119;2026-07-25;;2026-07-25;EARLY;=C22_PM1;EPA7;planned
413224904;47573695149;2026-07-25;;2026-07-25;EARLY;=C22_PM1;EPA7;planned
413224904;47573944598;2026-07-24;2026-07-26;2026-07-26;EARLY;=C22_PM1;EPA7;planned
413224904;47573945634;2026-07-24;2026-07-26;2026-07-26;EARLY;=C22_PM1;EPA7;planned
413224904;47575015988;;;;;=C22_PM1;EPA7;planned
413224904;47575016120;;;;;=C22_PM1;EPA7;planned
413224904;47575325315;2026-07-25;;2026-07-25;EARLY;=C22_PM1;EPA7;planned
413224904;47575328814;2026-07-25;2026-07-29;2026-07-29;EARLY;=C22_PM1;EPA7;planned
413224904;47575581902;2026-07-25;;2026-07-25;EARLY;=C22_PM1;EPA7;planned
413224904;47576095136;2026-07-25;;2026-07-25;EARLY;=C22_PM1;EPA7;planned
413224904;47576563450;2026-07-25;;2026-07-25;EARLY;=C22_PM1;EPA7;planned
413224904;47576679219;2026-07-25;;2026-07-25;EARLY;=C22_PM1;EPA7;planned
413224904;47576782123;2026-07-25;;2026-07-25;EARLY;=C22_PM1;EPA7;planned
413224904;47576782253;2026-07-25;;2026-07-25;EARLY;=C22_PM1;EPA7;planned
413224904;47578109440;2026-07-25;;2026-07-25;EARLY;=C22_PM1;EPA7;planned
413224904;47578321997;2026-07-25;;2026-07-25;EARLY;=C22_PM1;EPA7;planned
413224904;47578480164;2026-07-25;;2026-07-25;EARLY;=C22_PM1;EPA7;planned
413224904;47580114295;2026-07-25;;2026-07-25;EARLY;=C22_PM1;EPA7;planned
413225121;47474944573;2026-07-21;2026-07-27;2026-07-27;EARLY;=C10_PM1;EPA7;planned
413225121;47478520777;2026-07-21;2026-07-25;2026-07-25;EARLY;=C10_PM1;EPA7;planned
413225121;47500082086;2026-07-19;2026-07-25;2026-07-25;EARLY;=C10_PM1;EPA7;planned
413225121;47515295340;2026-07-23;2026-07-27;2026-07-27;EARLY;=C10_PM1;EPA7;planned
413225121;47521576407;2026-07-22;2026-07-28;2026-07-28;EARLY;=C10_PM1;EPA7;planned
413225121;47525116300;2026-07-26;2026-07-28;2026-07-28;EARLY;=C10_PM1;EPA7;planned
413225121;47529185755;2026-07-23;2026-07-27;2026-07-27;EARLY;=C10_PM1;EPA7;planned
413225121;47530098253;2026-07-23;2026-07-27;2026-07-27;EARLY;=C10_PM1;EPA7;planned
413225121;47530357042;2026-07-23;2026-07-27;2026-07-27;EARLY;=C10_PM1;EPA7;planned
413225121;47531558732;2026-07-21;2026-07-27;2026-07-27;EARLY;=C10_PM1;EPA7;planned
413225121;47531611799;2026-07-23;2026-07-27;2026-07-27;EARLY;=C10_PM1;EPA7;planned
413225121;47532005517;2026-07-23;2026-07-27;2026-07-27;EARLY;=C10_PM1;EPA7;planned
413225121;47532182686;2026-07-21;2026-07-27;2026-07-27;EARLY;=C10_PM1;EPA7;planned
413225121;47532182870;2026-07-22;2026-07-28;2026-07-28;EARLY;=C10_PM1;EPA7;planned
413225121;47533306219;2026-07-23;2026-07-27;2026-07-27;EARLY;=C10_PM1;EPA7;planned
413225121;47537185290;2026-07-22;2026-07-26;2026-07-26;EARLY;=C10_PM1;EPA7;planned
413225121;47539825666;2026-07-23;2026-07-27;2026-07-27;EARLY;=C10_PM1;EPA7;planned
413225121;47542301913;2026-07-23;2026-07-27;2026-07-27;EARLY;=C10_PM1;EPA7;planned
413225121;47544857027;2026-07-23;2026-07-27;2026-07-27;EARLY;=C10_PM1;EPA7;planned
413225121;47544913865;2026-07-24;2026-07-25;2026-07-25;EARLY;=C10_PM1;EPA7;planned
413225121;47545052599;2026-07-23;2026-07-27;2026-07-27;EARLY;=C10_PM1;EPA7;planned
413225121;47545282397;2026-07-27;2026-07-29;2026-07-29;EARLY;=C10_PM1;EPA7;planned
413225121;47545310619;2026-07-23;2026-07-27;2026-07-27;EARLY;=C10_PM1;EPA7;planned
413225121;47545843660;2026-07-23;2026-07-27;2026-07-27;EARLY;=C10_PM1;EPA7;planned
413225121;47546622895;2026-07-25;;2026-07-25;EARLY;=C10_PM1;EPA7;planned
413225121;47548246854;2026-07-24;2026-07-27;2026-07-27;EARLY;=C10_PM1;EPA7;planned
413225121;47548376085;2026-07-24;2026-07-26;2026-07-26;EARLY;=C10_PM1;EPA7;planned
413225121;47548714733;2026-07-23;2026-07-24;2026-07-24;ON TIME;=C10_PM1;EPA7;planned
413225121;47549328185;2026-07-22;2026-07-26;2026-07-26;EARLY;=C10_PM1;EPA7;planned
413225121;47549436575;2026-07-21;2026-07-23;2026-07-23;VENCIDO;=C10_PM1;EPA7;planned
413225121;47549917785;2026-07-25;2026-07-26;2026-07-26;EARLY;=C10_PM1;EPA7;planned
413225121;47552130873;2026-07-24;2026-07-27;2026-07-27;EARLY;=C10_PM1;EPA7;planned
413225121;47552466310;2026-07-24;;2026-07-24;ON TIME;=C10_PM1;EPA7;planned
413225121;47552661909;2026-07-25;;2026-07-25;EARLY;=C10_PM1;EPA7;planned
413225121;47552661999;2026-07-25;;2026-07-25;EARLY;=C10_PM1;EPA7;planned
413225121;47553399989;2026-07-24;2026-07-26;2026-07-26;EARLY;=C10_PM1;EPA7;planned
413225121;47553680622;2026-07-23;2026-07-25;2026-07-25;EARLY;=C10_PM1;EPA7;planned
413225121;47554202033;2026-07-24;2026-07-26;2026-07-26;EARLY;=C10_PM1;EPA7;planned
413225121;47554967629;2026-07-25;;2026-07-25;EARLY;=C10_PM1;EPA7;planned
413225121;47554967675;2026-07-25;;2026-07-25;EARLY;=C10_PM1;EPA7;planned
413225121;47554968053;2026-07-25;;2026-07-25;EARLY;=C10_PM1;EPA7;planned
413225121;47555153349;2026-07-23;2026-07-27;2026-07-27;EARLY;=C10_PM1;EPA7;planned
413225121;47555293958;2026-07-24;2026-07-27;2026-07-27;EARLY;=C10_PM1;EPA7;planned
413225121;47555590891;2026-07-25;;2026-07-25;EARLY;=C10_PM1;EPA7;planned
413225121;47555710636;2026-07-26;2026-07-30;2026-07-30;EARLY;=C10_PM1;EPA7;planned
413225121;47557140902;2026-07-23;2026-07-26;2026-07-26;EARLY;=C10_PM1;EPA7;planned
413225121;47557151371;2026-07-26;2026-07-30;2026-07-30;EARLY;=C10_PM1;EPA7;planned
413225121;47558438364;2026-07-25;2026-07-26;2026-07-26;EARLY;=C10_PM1;EPA7;planned
413225121;47559098332;2026-07-25;;2026-07-25;EARLY;=C10_PM1;EPA7;planned
413225121;47560388567;2026-07-25;2026-07-27;2026-07-27;EARLY;=C10_PM1;EPA7;planned
413225121;47560846834;2026-07-22;2026-07-26;2026-07-26;EARLY;=C10_PM1;EPA7;planned
413225121;47560914859;2026-07-25;;2026-07-25;EARLY;=C10_PM1;EPA7;planned
413225121;47561620975;2026-07-25;2026-07-26;2026-07-26;EARLY;=C10_PM1;EPA7;planned
413225121;47562572670;2026-07-25;;2026-07-25;EARLY;=C10_PM1;EPA7;planned
413225121;47563309116;2026-07-25;;2026-07-25;EARLY;=C10_PM1;EPA7;planned
413225121;47563309248;2026-07-25;;2026-07-25;EARLY;=C10_PM1;EPA7;planned
413225121;47564423315;2026-07-25;2026-07-27;2026-07-27;EARLY;=C10_PM1;EPA7;planned
413225121;47564498006;2026-07-25;;2026-07-25;EARLY;=C10_PM1;EPA7;planned
413225121;47565892379;2026-07-24;2026-07-25;2026-07-25;EARLY;=C10_PM1;EPA7;planned
413225121;47566078162;2026-07-24;2026-07-25;2026-07-25;EARLY;=C10_PM1;EPA7;planned
413225121;47566164482;2026-07-24;;2026-07-24;ON TIME;=C10_PM1;EPA7;planned
413225121;47566199886;2026-07-24;2026-07-25;2026-07-25;EARLY;=C10_PM1;EPA7;planned
413225121;47566276832;2026-07-26;2026-07-27;2026-07-27;EARLY;=C10_PM1;EPA7;planned
413225121;47567020272;2026-07-25;;2026-07-25;EARLY;=C10_PM1;EPA7;planned
413225121;47567619797;2026-07-25;;2026-07-25;EARLY;=C10_PM1;EPA7;planned
413225121;47569877401;2026-07-24;2026-07-26;2026-07-26;EARLY;=C10_PM1;EPA7;planned
413225121;47570751685;2026-07-24;2026-07-25;2026-07-25;EARLY;=C10_PM1;EPA7;planned
413225121;47571178684;2026-07-26;;2026-07-26;EARLY;=C10_PM1;EPA7;planned
413225121;47571716953;2026-07-25;;2026-07-25;EARLY;=C10_PM1;EPA7;planned
413225121;47571717001;2026-07-25;;2026-07-25;EARLY;=C10_PM1;EPA7;planned
413225121;47572297605;2026-07-25;;2026-07-25;EARLY;=C10_PM1;EPA7;planned
413225121;47572297631;2026-07-25;;2026-07-25;EARLY;=C10_PM1;EPA7;planned
413225121;47572298013;2026-07-25;;2026-07-25;EARLY;=C10_PM1;EPA7;planned
413225121;47572298035;2026-07-25;;2026-07-25;EARLY;=C10_PM1;EPA7;planned
413225121;47572546968;2026-07-24;2026-07-26;2026-07-26;EARLY;=C10_PM1;EPA7;planned
413225121;47572547366;2026-07-24;2026-07-26;2026-07-26;EARLY;=C10_PM1;EPA7;planned
413225121;47573093038;2026-07-24;2026-07-26;2026-07-26;EARLY;=C10_PM1;EPA7;planned
413225121;47573390668;2026-07-25;;2026-07-25;EARLY;=C10_PM1;EPA7;planned
413225121;47573678355;2026-07-25;;2026-07-25;EARLY;=C10_PM1;EPA7;planned
413225121;47573842003;2026-07-25;;2026-07-25;EARLY;=C10_PM1;EPA7;planned
413225121;47574435684;2026-07-24;2026-07-26;2026-07-26;EARLY;=C10_PM1;EPA7;planned
413225121;47574784653;2026-07-25;;2026-07-25;EARLY;=C10_PM1;EPA7;planned
413225121;47574814191;2026-07-25;;2026-07-25;EARLY;=C10_PM1;EPA7;planned
413225121;47574896862;2026-07-25;2026-07-29;2026-07-29;EARLY;=C10_PM1;EPA7;planned
413225121;47575026205;2026-07-25;;2026-07-25;EARLY;=C10_PM1;EPA7;planned
413225121;47575064050;2026-07-25;;2026-07-25;EARLY;=C10_PM1;EPA7;planned
413225121;47575275812;2026-07-25;;2026-07-25;EARLY;=C10_PM1;EPA7;planned
413225121;47575276032;2026-07-25;;2026-07-25;EARLY;=C10_PM1;EPA7;planned
413225121;47575524487;2026-07-25;;2026-07-25;EARLY;=C10_PM1;EPA7;planned
413225121;47575598861;2026-07-25;;2026-07-25;EARLY;=C10_PM1;EPA7;planned
413225121;47575774150;2026-07-25;;2026-07-25;EARLY;=C10_PM1;EPA7;planned
413225121;47575847518;2026-07-25;2026-07-27;2026-07-27;EARLY;=C10_PM1;EPA7;planned
413225121;47575967338;2026-07-25;;2026-07-25;EARLY;=C10_PM1;EPA7;planned
413225121;47576105159;;;;;=C10_PM1;EPA7;planned
413225121;47576353288;;;;;=C10_PM1;EPA7;planned
413225121;47576439123;2026-07-25;;2026-07-25;EARLY;=C10_PM1;EPA7;planned
413225121;47576940987;2026-07-25;;2026-07-25;EARLY;=C10_PM1;EPA7;planned
413225121;47578399531;2026-07-25;;2026-07-25;EARLY;=C10_PM1;EPA7;planned
413225121;47578507766;2026-07-25;;2026-07-25;EARLY;=C10_PM1;EPA7;planned
413225121;47580669013;2026-07-25;;2026-07-25;EARLY;=C10_PM1;EPA7;planned
413225506;47450979673;2026-07-23;2026-07-27;2026-07-27;EARLY;=C11_PM1;EPA7;planned
413225506;47491699929;2026-07-20;2026-07-26;2026-07-26;EARLY;=C11_PM1;EPA7;planned
413225506;47504972406;2026-07-20;2026-07-26;2026-07-26;EARLY;=C11_PM1;EPA7;planned
413225506;47506853545;2026-07-23;2026-07-27;2026-07-27;EARLY;=C11_PM1;EPA7;planned
413225506;47511151458;2026-07-23;2026-07-27;2026-07-27;EARLY;=C11_PM1;EPA7;planned
413225506;47514189752;2026-07-23;2026-07-27;2026-07-27;EARLY;=C11_PM1;EPA7;planned
413225506;47515507751;2026-07-23;2026-07-27;2026-07-27;EARLY;=C11_PM1;EPA7;planned
413225506;47520195400;2026-07-23;2026-07-27;2026-07-27;EARLY;=C11_PM1;EPA7;planned
413225506;47521428614;2026-07-23;2026-07-27;2026-07-27;EARLY;=C11_PM1;EPA7;planned
413225506;47522792127;2026-07-23;2026-07-27;2026-07-27;EARLY;=C11_PM1;EPA7;planned
413225506;47523092685;2026-07-23;2026-07-27;2026-07-27;EARLY;=C11_PM1;EPA7;planned
413225506;47523334718;2026-07-19;2026-07-25;2026-07-25;EARLY;=C11_PM1;EPA7;planned
413225506;47523354100;2026-07-23;2026-07-27;2026-07-27;EARLY;=C11_PM1;EPA7;planned
413225506;47524109068;2026-07-21;2026-07-26;2026-07-26;EARLY;=C11_PM1;EPA7;planned
413225506;47526519575;2026-07-23;2026-07-27;2026-07-27;EARLY;=C11_PM1;EPA7;planned
413225506;47526780280;2026-07-23;2026-07-27;2026-07-27;EARLY;=C11_PM1;EPA7;planned
413225506;47528190246;2026-07-23;2026-07-27;2026-07-27;EARLY;=C11_PM1;EPA7;planned
413225506;47531302372;2026-07-24;2026-07-29;2026-07-29;EARLY;=C11_PM1;EPA7;planned
413225506;47531372867;2026-07-23;2026-07-27;2026-07-27;EARLY;=C11_PM1;EPA7;planned
413225506;47533679586;2026-07-22;2026-07-26;2026-07-26;EARLY;=C11_PM1;EPA7;planned
413225506;47533679768;2026-07-23;2026-07-27;2026-07-27;EARLY;=C11_PM1;EPA7;planned
413225506;47534297458;2026-07-23;2026-07-27;2026-07-27;EARLY;=C11_PM1;EPA7;planned
413225506;47535387076;2026-07-22;2026-07-26;2026-07-26;EARLY;=C11_PM1;EPA7;planned
413225506;47535509083;2026-07-23;2026-07-27;2026-07-27;EARLY;=C11_PM1;EPA7;planned
413225506;47535925364;2026-07-22;2026-07-28;2026-07-28;EARLY;=C11_PM1;EPA7;planned
413225506;47537039155;2026-07-22;2026-07-26;2026-07-26;EARLY;=C11_PM1;EPA7;planned
413225506;47537080948;2026-07-22;2026-07-26;2026-07-26;EARLY;=C11_PM1;EPA7;planned
413225506;47538339105;2026-07-23;2026-07-24;2026-07-24;ON TIME;=C11_PM1;EPA7;planned
413225506;47539840378;2026-07-23;2026-07-27;2026-07-27;EARLY;=C11_PM1;EPA7;planned
413225506;47540135032;2026-07-23;2026-07-27;2026-07-27;EARLY;=C11_PM1;EPA7;planned
413225506;47543238251;2026-07-23;2026-07-27;2026-07-27;EARLY;=C11_PM1;EPA7;planned
413225506;47543517122;2026-07-25;2026-07-28;2026-07-28;EARLY;=C11_PM1;EPA7;planned
413225506;47543694651;2026-07-23;2026-07-27;2026-07-27;EARLY;=C11_PM1;EPA7;planned
413225506;47546926835;2026-07-25;2026-07-29;2026-07-29;EARLY;=C11_PM1;EPA7;planned
413225506;47546986972;2026-07-25;2026-07-29;2026-07-29;EARLY;=C11_PM1;EPA7;planned
413225506;47547199797;2026-07-24;2026-07-27;2026-07-27;EARLY;=C11_PM1;EPA7;planned
413225506;47547205032;2026-07-23;2026-07-27;2026-07-27;EARLY;=C11_PM1;EPA7;planned
413225506;47547255917;2026-07-23;2026-07-27;2026-07-27;EARLY;=C11_PM1;EPA7;planned
413225506;47547288338;2026-07-23;2026-07-29;2026-07-29;EARLY;=C11_PM1;EPA7;planned
413225506;47548221719;2026-07-25;2026-07-29;2026-07-29;EARLY;=C11_PM1;EPA7;planned
413225506;47548319476;2026-07-23;2026-07-24;2026-07-24;ON TIME;=C11_PM1;EPA7;planned
413225506;47548490747;2026-07-26;2026-07-28;2026-07-28;EARLY;=C11_PM1;EPA7;planned
413225506;47549002590;2026-07-24;2026-07-26;2026-07-26;EARLY;=C11_PM1;EPA7;planned
413225506;47549795676;2026-07-23;2026-07-26;2026-07-26;EARLY;=C11_PM1;EPA7;planned
413225506;47550610347;2026-07-25;;2026-07-25;EARLY;=C11_PM1;EPA7;planned
413225506;47551080781;2026-07-24;2026-07-26;2026-07-26;EARLY;=C11_PM1;EPA7;planned
413225506;47551228399;2026-07-24;2026-07-26;2026-07-26;EARLY;=C11_PM1;EPA7;planned
413225506;47552367324;2026-07-24;2026-07-26;2026-07-26;EARLY;=C11_PM1;EPA7;planned
413225506;47552388245;2026-07-23;2026-07-27;2026-07-27;EARLY;=C11_PM1;EPA7;planned
413225506;47553194829;2026-07-27;2026-07-29;2026-07-29;EARLY;=C11_PM1;EPA7;planned
413225506;47553820603;2026-07-25;;2026-07-25;EARLY;=C11_PM1;EPA7;planned
413225506;47553898499;2026-07-24;2026-07-27;2026-07-27;EARLY;=C11_PM1;EPA7;planned
413225506;47554030996;2026-07-24;2026-07-27;2026-07-27;EARLY;=C11_PM1;EPA7;planned
413225506;47554675495;2026-07-25;2026-07-27;2026-07-27;EARLY;=C11_PM1;EPA7;planned
413225506;47554914788;2026-07-25;;2026-07-25;EARLY;=C11_PM1;EPA7;planned
413225506;47554928610;2026-07-24;2026-07-26;2026-07-26;EARLY;=C11_PM1;EPA7;planned
413225506;47555993578;2026-07-24;2026-07-27;2026-07-27;EARLY;=C11_PM1;EPA7;planned
413225506;47557295646;2026-07-23;2026-07-27;2026-07-27;EARLY;=C11_PM1;EPA7;planned
413225506;47558250260;2026-07-23;2026-07-27;2026-07-27;EARLY;=C11_PM1;EPA7;planned
413225506;47559033609;2026-07-25;;2026-07-25;EARLY;=C11_PM1;EPA7;planned
413225506;47559189310;2026-07-25;2026-07-27;2026-07-27;EARLY;=C11_PM1;EPA7;planned
413225506;47560876765;2026-07-24;2026-07-26;2026-07-26;EARLY;=C11_PM1;EPA7;planned
413225506;47560883271;2026-07-25;;2026-07-25;EARLY;=C11_PM1;EPA7;planned
413225506;47562408338;2026-07-24;2026-07-25;2026-07-25;EARLY;=C11_PM1;EPA7;planned
413225506;47562637751;2026-07-25;2026-07-26;2026-07-26;EARLY;=C11_PM1;EPA7;planned
413225506;47564127923;2026-07-25;2026-07-27;2026-07-27;EARLY;=C11_PM1;EPA7;planned
413225506;47564225901;2026-07-25;;2026-07-25;EARLY;=C11_PM1;EPA7;planned
413225506;47567095171;2026-07-25;;2026-07-25;EARLY;=C11_PM1;EPA7;planned
413225506;47567237517;2026-07-24;2026-07-25;2026-07-25;EARLY;=C11_PM1;EPA7;planned
413225506;47567303396;2026-07-24;2026-07-25;2026-07-25;EARLY;=C11_PM1;EPA7;planned
413225506;47567355505;2026-07-24;2026-07-25;2026-07-25;EARLY;=C11_PM1;EPA7;planned
413225506;47568479613;2026-07-25;;2026-07-25;EARLY;=C11_PM1;EPA7;planned
413225506;47569872880;2026-07-24;2026-07-26;2026-07-26;EARLY;=C11_PM1;EPA7;planned
413225506;47570199630;2026-07-24;2026-07-26;2026-07-26;EARLY;=C11_PM1;EPA7;planned
413225506;47570215104;2026-07-24;2026-07-25;2026-07-25;EARLY;=C11_PM1;EPA7;planned
413225506;47570335668;2026-07-25;;2026-07-25;EARLY;=C11_PM1;EPA7;planned
413225506;47570729757;2026-07-25;;2026-07-25;EARLY;=C11_PM1;EPA7;planned
413225506;47570729871;2026-07-25;;2026-07-25;EARLY;=C11_PM1;EPA7;planned
413225506;47570979776;2026-07-24;2026-07-25;2026-07-25;EARLY;=C11_PM1;EPA7;planned
413225506;47573686851;2026-07-24;2026-07-26;2026-07-26;EARLY;=C11_PM1;EPA7;planned
413225506;47574212938;2026-07-25;;2026-07-25;EARLY;=C11_PM1;EPA7;planned
413225506;47574260503;2026-07-25;;2026-07-25;EARLY;=C11_PM1;EPA7;planned
413225506;47574496252;2026-07-25;;2026-07-25;EARLY;=C11_PM1;EPA7;planned
413225506;47574799256;2026-07-25;;2026-07-25;EARLY;=C11_PM1;EPA7;planned
413225506;47574863761;2026-07-25;2026-07-26;2026-07-26;EARLY;=C11_PM1;EPA7;planned
413225506;47575649769;2026-07-24;2026-07-26;2026-07-26;EARLY;=C11_PM1;EPA7;planned
413225506;47576946319;2026-07-25;;2026-07-25;EARLY;=C11_PM1;EPA7;planned
413225506;47577456794;2026-07-25;2026-07-29;2026-07-29;EARLY;=C11_PM1;EPA7;planned
413225506;47577616862;2026-07-25;;2026-07-25;EARLY;=C11_PM1;EPA7;planned
413225506;47577831445;2026-07-25;;2026-07-25;EARLY;=C11_PM1;EPA7;planned
413225506;47577876129;2026-07-25;;2026-07-25;EARLY;=C11_PM1;EPA7;planned
413225506;47578329758;2026-07-25;;2026-07-25;EARLY;=C11_PM1;EPA7;planned
413225506;47578819228;2026-07-25;;2026-07-25;EARLY;=C11_PM1;EPA7;planned
413225506;47579097563;2026-07-25;;2026-07-25;EARLY;=C11_PM1;EPA7;planned
413230728;47479195811;2026-07-21;2026-07-25;2026-07-25;EARLY;=C8_PM1;EPA7;planned
413230728;47506300908;2026-07-21;2026-07-27;2026-07-27;EARLY;=C8_PM1;EPA7;planned
413230728;47513618402;2026-07-23;2026-07-27;2026-07-27;EARLY;=C8_PM1;EPA7;planned
413230728;47516103643;2026-07-23;2026-07-27;2026-07-27;EARLY;=C8_PM1;EPA7;planned
413230728;47520441010;2026-07-20;2026-07-25;2026-07-25;EARLY;=C8_PM1;EPA7;planned
413230728;47520494075;2026-07-23;2026-07-27;2026-07-27;EARLY;=C8_PM1;EPA7;planned
413230728;47524136454;2026-07-23;2026-07-25;2026-07-25;EARLY;=C8_PM1;EPA7;planned
413230728;47526444385;2026-07-24;2026-07-26;2026-07-26;EARLY;=C8_PM1;EPA7;planned
413230728;47529729014;2026-07-23;2026-07-27;2026-07-27;EARLY;=C8_PM1;EPA7;planned
413230728;47531972533;2026-07-21;2026-07-27;2026-07-27;EARLY;=C8_PM1;EPA7;planned
413230728;47532017463;2026-07-23;2026-07-27;2026-07-27;EARLY;=C8_PM1;EPA7;planned
413230728;47533033817;2026-07-22;2026-07-28;2026-07-28;EARLY;=C8_PM1;EPA7;planned
413230728;47534690624;2026-07-23;2026-07-27;2026-07-27;EARLY;=C8_PM1;EPA7;planned
413230728;47534965839;2026-07-21;2026-07-26;2026-07-26;EARLY;=C8_PM1;EPA7;planned
413230728;47537159279;2026-07-23;2026-07-27;2026-07-27;EARLY;=C8_PM1;EPA7;planned
413230728;47537651220;2026-07-25;2026-07-26;2026-07-26;EARLY;=C8_PM1;EPA7;planned
413230728;47537977660;2026-07-23;2026-07-27;2026-07-27;EARLY;=C8_PM1;EPA7;planned
413230728;47537977892;2026-07-23;2026-07-27;2026-07-27;EARLY;=C8_PM1;EPA7;planned
413230728;47538377674;2026-07-24;2026-07-26;2026-07-26;EARLY;=C8_PM1;EPA7;planned
413230728;47538564963;2026-07-22;2026-07-28;2026-07-28;EARLY;=C8_PM1;EPA7;planned
413230728;47539837345;2026-07-23;2026-07-27;2026-07-27;EARLY;=C8_PM1;EPA7;planned
413230728;47542688310;2026-07-23;2026-07-27;2026-07-27;EARLY;=C8_PM1;EPA7;planned
413230728;47543948322;2026-07-23;2026-07-27;2026-07-27;EARLY;=C8_PM1;EPA7;planned
413230728;47544888297;2026-07-23;2026-07-27;2026-07-27;EARLY;=C8_PM1;EPA7;planned
413230728;47545135674;2026-07-23;2026-07-27;2026-07-27;EARLY;=C8_PM1;EPA7;planned
413230728;47545433430;2026-07-24;2026-07-26;2026-07-26;EARLY;=C8_PM1;EPA7;planned
413230728;47545980509;2026-07-23;2026-07-27;2026-07-27;EARLY;=C8_PM1;EPA7;planned
413230728;47546055755;2026-07-23;2026-07-27;2026-07-27;EARLY;=C8_PM1;EPA7;planned
413230728;47546201724;2026-07-24;2026-07-25;2026-07-25;EARLY;=C8_PM1;EPA7;planned
413230728;47546688131;2026-07-24;;2026-07-24;ON TIME;=C8_PM1;EPA7;planned
413230728;47546945506;2026-07-23;2026-07-24;2026-07-24;ON TIME;=C8_PM1;EPA7;planned
413230728;47547368329;2026-07-23;2026-07-27;2026-07-27;EARLY;=C8_PM1;EPA7;planned
413230728;47548595893;2026-07-24;2026-07-27;2026-07-27;EARLY;=C8_PM1;EPA7;planned
413230728;47549302931;2026-07-22;2026-07-26;2026-07-26;EARLY;=C8_PM1;EPA7;planned
413230728;47549354259;2026-07-22;2026-07-26;2026-07-26;EARLY;=C8_PM1;EPA7;planned
413230728;47549778180;2026-07-23;2026-07-25;2026-07-25;EARLY;=C8_PM1;EPA7;planned
413230728;47550602677;2026-07-24;2026-07-25;2026-07-25;EARLY;=C8_PM1;EPA7;planned
413230728;47550855488;2026-07-23;2026-07-24;2026-07-24;ON TIME;=C8_PM1;EPA7;planned
413230728;47552306319;2026-07-24;2026-07-26;2026-07-26;EARLY;=C8_PM1;EPA7;planned
413230728;47552785960;2026-07-24;2026-07-26;2026-07-26;EARLY;=C8_PM1;EPA7;planned
413230728;47552959663;2026-07-24;2026-07-26;2026-07-26;EARLY;=C8_PM1;EPA7;planned
413230728;47553000261;2026-07-24;2026-07-26;2026-07-26;EARLY;=C8_PM1;EPA7;planned
413230728;47553409994;2026-07-26;2026-07-28;2026-07-28;EARLY;=C8_PM1;EPA7;planned
413230728;47554266810;2026-07-25;;2026-07-25;EARLY;=C8_PM1;EPA7;planned
413230728;47554631942;2026-07-23;2026-07-25;2026-07-25;EARLY;=C8_PM1;EPA7;planned
413230728;47554929688;2026-07-24;2026-07-27;2026-07-27;EARLY;=C8_PM1;EPA7;planned
413230728;47555189792;2026-07-23;2026-07-27;2026-07-27;EARLY;=C8_PM1;EPA7;planned
413230728;47555326198;2026-07-24;2026-07-26;2026-07-26;EARLY;=C8_PM1;EPA7;planned
413230728;47555336852;2026-07-23;2026-07-27;2026-07-27;EARLY;=C8_PM1;EPA7;planned
413230728;47556023429;2026-07-24;2026-07-27;2026-07-27;EARLY;=C8_PM1;EPA7;planned
413230728;47556365951;2026-07-26;2026-07-30;2026-07-30;EARLY;=C8_PM1;EPA7;planned
413230728;47556453826;2026-07-25;;2026-07-25;EARLY;=C8_PM1;EPA7;planned
413230728;47556560307;2026-07-25;;2026-07-25;EARLY;=C8_PM1;EPA7;planned
413230728;47556618619;2026-07-25;;2026-07-25;EARLY;=C8_PM1;EPA7;planned
413230728;47556771662;2026-07-24;2026-07-27;2026-07-27;EARLY;=C8_PM1;EPA7;planned
413230728;47556827936;2026-07-25;;2026-07-25;EARLY;=C8_PM1;EPA7;planned
413230728;47556925224;2026-07-25;;2026-07-25;EARLY;=C8_PM1;EPA7;planned
413230728;47556932616;2026-07-25;;2026-07-25;EARLY;=C8_PM1;EPA7;planned
413230728;47557006172;2026-07-25;;2026-07-25;EARLY;=C8_PM1;EPA7;planned
413230728;47557317577;2026-07-24;2026-07-27;2026-07-27;EARLY;=C8_PM1;EPA7;planned
413230728;47557570100;2026-07-24;2026-07-26;2026-07-26;EARLY;=C8_PM1;EPA7;planned
413230728;47557570412;2026-07-24;2026-07-26;2026-07-26;EARLY;=C8_PM1;EPA7;planned
413230728;47557814404;2026-07-25;;2026-07-25;EARLY;=C8_PM1;EPA7;planned
413230728;47558489307;2026-07-25;2026-07-26;2026-07-26;EARLY;=C8_PM1;EPA7;planned
413230728;47558741544;2026-07-25;2026-07-26;2026-07-26;EARLY;=C8_PM1;EPA7;planned
413230728;47559014847;2026-07-25;;2026-07-25;EARLY;=C8_PM1;EPA7;planned
413230728;47559015591;2026-07-25;2026-07-26;2026-07-26;EARLY;=C8_PM1;EPA7;planned
413230728;47559995558;2026-07-25;;2026-07-25;EARLY;=C8_PM1;EPA7;planned
413230728;47560758716;2026-07-24;2026-07-26;2026-07-26;EARLY;=C8_PM1;EPA7;planned
413230728;47561318697;2026-07-25;2026-07-26;2026-07-26;EARLY;=C8_PM1;EPA7;planned
413230728;47561324482;2026-07-25;2026-07-27;2026-07-27;EARLY;=C8_PM1;EPA7;planned
413230728;47561561712;2026-07-25;2026-07-26;2026-07-26;EARLY;=C8_PM1;EPA7;planned
413230728;47562611390;2026-07-24;;2026-07-24;ON TIME;=C8_PM1;EPA7;planned
413230728;47564063722;2026-07-25;2026-07-27;2026-07-27;EARLY;=C8_PM1;EPA7;planned
413230728;47565693838;2026-07-25;;2026-07-25;EARLY;=C8_PM1;EPA7;planned
413230728;47567663931;2026-07-24;2026-07-27;2026-07-27;EARLY;=C8_PM1;EPA7;planned
413230728;47568165869;2026-07-24;2026-07-25;2026-07-25;EARLY;=C8_PM1;EPA7;planned
413230728;47568165903;2026-07-24;2026-07-26;2026-07-26;EARLY;=C8_PM1;EPA7;planned
413230728;47568773339;2026-07-25;;2026-07-25;EARLY;=C8_PM1;EPA7;planned
413230728;47569384188;2026-07-25;;2026-07-25;EARLY;=C8_PM1;EPA7;planned
413230728;47570656616;2026-07-25;;2026-07-25;EARLY;=C8_PM1;EPA7;planned
413230728;47571190231;2026-07-25;;2026-07-25;EARLY;=C8_PM1;EPA7;planned
413230728;47571190857;2026-07-25;;2026-07-25;EARLY;=C8_PM1;EPA7;planned
413230728;47571356217;;;;;=C8_PM1;EPA7;planned
413230728;47571598356;2026-07-25;2026-07-27;2026-07-27;EARLY;=C8_PM1;EPA7;planned
413230728;47572976706;2026-07-24;2026-07-26;2026-07-26;EARLY;=C8_PM1;EPA7;planned
413230728;47573283635;2026-07-25;;2026-07-25;EARLY;=C8_PM1;EPA7;planned
413230728;47573473629;2026-07-24;2026-07-26;2026-07-26;EARLY;=C8_PM1;EPA7;planned
413230728;47573722557;2026-07-25;;2026-07-25;EARLY;=C8_PM1;EPA7;planned
413230728;47574071130;2026-07-24;2026-07-26;2026-07-26;EARLY;=C8_PM1;EPA7;planned
413230728;47575063356;2026-07-25;;2026-07-25;EARLY;=C8_PM1;EPA7;planned
413230728;47576402581;2026-07-25;;2026-07-25;EARLY;=C8_PM1;EPA7;planned
413230728;47576446507;2026-07-25;;2026-07-25;EARLY;=C8_PM1;EPA7;planned
413230728;47577906638;2026-07-25;;2026-07-25;EARLY;=C8_PM1;EPA7;planned
413230728;47578897522;2026-07-25;;2026-07-25;EARLY;=C8_PM1;EPA7;planned
413230728;47579493217;2026-07-25;;2026-07-25;EARLY;=C8_PM1;EPA7;planned
413230728;47579592200;2026-07-25;;2026-07-25;EARLY;=C8_PM1;EPA7;planned
413230728;47579701666;2026-07-25;2026-07-29;2026-07-29;EARLY;=C8_PM1;EPA7;planned
413230728;47579788162;2026-07-25;;2026-07-25;EARLY;=C8_PM1;EPA7;planned
413230728;47580636259;2026-07-25;;2026-07-25;EARLY;=C8_PM1;EPA7;planned
413685189;47446503821;2026-07-31;2026-08-02;2026-08-02;EARLY;G5_PM1;EPA2;planned
413685189;47471624829;2026-07-15;2026-07-21;2026-07-21;VENCIDO;G5_PM1;EPA2;planned
413685189;47482291980;2026-07-22;2026-07-26;2026-07-26;EARLY;G5_PM1;EPA2;planned
413685189;47504071724;2026-07-22;2026-07-28;2026-07-28;EARLY;G5_PM1;EPA2;planned
413685189;47508427505;2026-07-21;2026-07-27;2026-07-27;EARLY;G5_PM1;EPA2;planned
413685189;47510982237;2026-07-21;2026-07-27;2026-07-27;EARLY;G5_PM1;EPA2;planned
413685189;47521360549;2026-07-21;2026-07-25;2026-07-25;EARLY;G5_PM1;EPA2;planned
413685189;47522542902;2026-07-18;2026-07-20;2026-07-20;VENCIDO;G5_PM1;EPA2;planned
413685189;47522878709;2026-07-23;2026-07-27;2026-07-27;EARLY;G5_PM1;EPA2;planned
413685189;47525253885;2026-07-23;2026-07-27;2026-07-27;EARLY;G5_PM1;EPA2;planned
413685189;47526890480;2026-07-21;2026-07-27;2026-07-27;EARLY;G5_PM1;EPA2;planned
413685189;47528246337;2026-07-20;2026-07-25;2026-07-25;EARLY;G5_PM1;EPA2;planned
413685189;47528764575;2026-07-23;2026-07-27;2026-07-27;EARLY;G5_PM1;EPA2;planned
413685189;47532044808;2026-07-21;2026-07-27;2026-07-27;EARLY;G5_PM1;EPA2;planned
413685189;47532535121;2026-07-21;2026-07-27;2026-07-27;EARLY;G5_PM1;EPA2;planned
413685189;47532840362;2026-07-22;2026-07-26;2026-07-26;EARLY;G5_PM1;EPA2;planned
413685189;47532908560;2026-07-21;2026-07-27;2026-07-27;EARLY;G5_PM1;EPA2;planned
413685189;47534077973;2026-07-21;2026-07-27;2026-07-27;EARLY;G5_PM1;EPA2;planned
413685189;47535577253;2026-07-23;2026-07-27;2026-07-27;EARLY;G5_PM1;EPA2;planned
413685189;47535713571;2026-07-23;2026-07-27;2026-07-27;EARLY;G5_PM1;EPA2;planned
413685189;47537048566;2026-07-21;2026-07-27;2026-07-27;EARLY;G5_PM1;EPA2;planned
413685189;47537090139;2026-07-21;2026-07-27;2026-07-27;EARLY;G5_PM1;EPA2;planned
413685189;47539099608;2026-07-21;2026-07-27;2026-07-27;EARLY;G5_PM1;EPA2;planned
413685189;47539444003;2026-07-21;2026-07-27;2026-07-27;EARLY;G5_PM1;EPA2;planned
413685189;47539825889;2026-07-21;2026-07-27;2026-07-27;EARLY;G5_PM1;EPA2;planned
413685189;47539846883;2026-07-21;2026-07-25;2026-07-25;EARLY;G5_PM1;EPA2;planned
413685189;47540059457;2026-07-21;2026-07-25;2026-07-25;EARLY;G5_PM1;EPA2;planned
413685189;47541435939;2026-07-22;2026-07-28;2026-07-28;EARLY;G5_PM1;EPA2;planned
413685189;47541756785;2026-07-21;2026-07-27;2026-07-27;EARLY;G5_PM1;EPA2;planned
413685189;47542034658;2026-07-27;2026-07-31;2026-07-31;EARLY;G5_PM1;EPA2;planned
413685189;47542578420;2026-07-21;2026-07-27;2026-07-27;EARLY;G5_PM1;EPA2;planned
413685189;47544054655;2026-07-23;2026-07-26;2026-07-26;EARLY;G5_PM1;EPA2;planned
413685189;47544316182;2026-07-23;2026-07-26;2026-07-26;EARLY;G5_PM1;EPA2;planned
413685189;47545418650;2026-07-22;2026-07-27;2026-07-27;EARLY;G5_PM1;EPA2;planned
413685189;47545709479;2026-07-24;2026-07-26;2026-07-26;EARLY;G5_PM1;EPA2;planned
413685189;47545770523;2026-07-24;2026-07-26;2026-07-26;EARLY;G5_PM1;EPA2;planned
413685189;47546085823;2026-07-24;2026-07-26;2026-07-26;EARLY;G5_PM1;EPA2;planned
413685189;47546988277;2026-07-24;2026-07-26;2026-07-26;EARLY;G5_PM1;EPA2;planned
413685189;47547316745;2026-07-22;2026-07-27;2026-07-27;EARLY;G5_PM1;EPA2;planned
413685189;47547570458;2026-07-22;2026-07-28;2026-07-28;EARLY;G5_PM1;EPA2;planned
413685189;47547970395;2026-07-22;2026-07-27;2026-07-27;EARLY;G5_PM1;EPA2;planned
413685189;47548497754;2026-07-24;2026-07-28;2026-07-28;EARLY;G5_PM1;EPA2;planned
413685189;47549086166;2026-07-22;2026-07-28;2026-07-28;EARLY;G5_PM1;EPA2;planned
413685189;47549510596;2026-07-22;2026-07-27;2026-07-27;EARLY;G5_PM1;EPA2;planned
413685189;47549558162;2026-07-24;2026-07-26;2026-07-26;EARLY;G5_PM1;EPA2;planned
413685189;47550696696;2026-07-21;2026-07-27;2026-07-27;EARLY;G5_PM1;EPA2;planned
413685189;47550750586;2026-07-21;2026-07-27;2026-07-27;EARLY;G5_PM1;EPA2;planned
413685189;47551248508;2026-07-24;2026-07-26;2026-07-26;EARLY;G5_PM1;EPA2;planned
413685189;47551353616;2026-07-24;2026-07-26;2026-07-26;EARLY;G5_PM1;EPA2;planned
413685189;47552811036;2026-07-22;2026-07-28;2026-07-28;EARLY;G5_PM1;EPA2;planned
413685189;47553243545;2026-07-24;2026-07-26;2026-07-26;EARLY;G5_PM1;EPA2;planned
413685189;47555004821;2026-07-24;2026-07-26;2026-07-26;EARLY;G5_PM1;EPA2;planned
413685189;47555273979;2026-07-24;2026-07-26;2026-07-26;EARLY;G5_PM1;EPA2;planned
413685189;47555806227;2026-07-24;2026-07-26;2026-07-26;EARLY;G5_PM1;EPA2;planned
413685189;47556144737;2026-07-24;2026-07-30;2026-07-30;EARLY;G5_PM1;EPA2;planned
413685189;47556320852;2026-07-24;2026-07-28;2026-07-28;EARLY;G5_PM1;EPA2;planned
413685189;47556628410;2026-07-26;2026-07-27;2026-07-27;EARLY;G5_PM1;EPA2;planned
413685189;47556824627;2026-07-24;2026-07-26;2026-07-26;EARLY;G5_PM1;EPA2;planned
413685189;47556838362;2026-07-25;2026-07-26;2026-07-26;EARLY;G5_PM1;EPA2;planned
413685189;47558102622;2026-07-22;2026-07-26;2026-07-26;EARLY;G5_PM1;EPA2;planned
413685189;47558316148;2026-07-22;2026-07-28;2026-07-28;EARLY;G5_PM1;EPA2;planned
413685189;47558403174;2026-07-24;2026-07-26;2026-07-26;EARLY;G5_PM1;EPA2;planned
413685189;47558974649;2026-07-25;2026-07-26;2026-07-26;EARLY;G5_PM1;EPA2;planned
413685189;47559178245;2026-07-25;2026-07-27;2026-07-27;EARLY;G5_PM1;EPA2;planned
413685189;47559583435;2026-07-24;2026-07-26;2026-07-26;EARLY;G5_PM1;EPA2;planned
413685189;47559661997;2026-07-24;2026-07-26;2026-07-26;EARLY;G5_PM1;EPA2;planned
413685189;47560184085;2026-07-24;2026-07-26;2026-07-26;EARLY;G5_PM1;EPA2;planned
413685189;47560466923;2026-07-27;2026-07-29;2026-07-29;EARLY;G5_PM1;EPA2;planned
413685189;47561836863;2026-07-24;2026-07-26;2026-07-26;EARLY;G5_PM1;EPA2;planned
413685189;47562294235;2026-07-24;2026-07-25;2026-07-25;EARLY;G5_PM1;EPA2;planned
413685189;47563789177;;;;;G5_PM1;EPA2;planned
413685189;47563789185;;;;;G5_PM1;EPA2;planned
413685189;47564040360;;;;;G5_PM1;EPA2;planned
413685189;47564040368;;;;;G5_PM1;EPA2;planned
413685189;47564567744;2026-07-24;2026-07-26;2026-07-26;EARLY;G5_PM1;EPA2;planned
413685189;47564670442;2026-07-25;2026-07-26;2026-07-26;EARLY;G5_PM1;EPA2;planned
413685189;47565169187;2026-07-24;2026-07-25;2026-07-25;EARLY;G5_PM1;EPA2;planned
413685189;47565261210;2026-07-24;2026-07-26;2026-07-26;EARLY;G5_PM1;EPA2;planned
413685189;47565989576;2026-07-23;2026-07-29;2026-07-29;EARLY;G5_PM1;EPA2;planned
413685189;47566638689;2026-07-25;2026-07-26;2026-07-26;EARLY;G5_PM1;EPA2;planned
413685189;47567167606;2026-07-25;;2026-07-25;EARLY;G5_PM1;EPA2;planned
413685189;47568521544;2026-07-24;2026-07-28;2026-07-28;EARLY;G5_PM1;EPA2;planned
413685189;47568939574;2026-07-25;2026-07-26;2026-07-26;EARLY;G5_PM1;EPA2;planned
413685189;47572355426;2026-07-25;;2026-07-25;EARLY;G5_PM1;EPA2;planned
413685189;47573322799;2026-07-25;2026-07-26;2026-07-26;EARLY;G5_PM1;EPA2;planned
413685189;47574420526;2026-07-25;2026-07-26;2026-07-26;EARLY;G5_PM1;EPA2;planned
413685189;47574484158;2026-07-26;2026-07-28;2026-07-28;EARLY;G5_PM1;EPA2;planned
413685189;47574658708;2026-07-26;2026-07-28;2026-07-28;EARLY;G5_PM1;EPA2;planned
413685189;47574836438;2026-07-24;2026-07-26;2026-07-26;EARLY;G5_PM1;EPA2;planned
413685189;47576161475;2026-07-24;2026-07-26;2026-07-26;EARLY;G5_PM1;EPA2;planned
413685189;47577322401;2026-07-26;2026-07-30;2026-07-30;EARLY;G5_PM1;EPA2;planned
413685189;47577938266;2026-07-24;2026-07-26;2026-07-26;EARLY;G5_PM1;EPA2;planned
413685189;47578108820;2026-07-24;2026-07-30;2026-07-30;EARLY;G5_PM1;EPA2;planned
413685189;47578192674;2026-07-25;;2026-07-25;EARLY;G5_PM1;EPA2;planned
413685189;47578413751;2026-07-24;2026-07-26;2026-07-26;EARLY;G5_PM1;EPA2;planned
413685189;47578646037;2026-07-24;2026-07-26;2026-07-26;EARLY;G5_PM1;EPA2;planned
413685189;47579227655;2026-07-25;2026-07-26;2026-07-26;EARLY;G5_PM1;EPA2;planned
413685189;47579418569;2026-07-25;;2026-07-25;EARLY;G5_PM1;EPA2;planned
413685189;47579666974;2026-07-25;2026-07-26;2026-07-26;EARLY;G5_PM1;EPA2;planned
413685189;47579666992;2026-07-25;;2026-07-25;EARLY;G5_PM1;EPA2;planned
413685189;47580940885;2026-07-25;;2026-07-25;EARLY;G5_PM1;EPA2;planned
413685189;47581491428;2026-07-25;2026-07-26;2026-07-26;EARLY;G5_PM1;EPA2;planned
413685189;47581496054;2026-07-25;2026-07-26;2026-07-26;EARLY;G5_PM1;EPA2;planned
413685189;47581650247;2026-07-25;;2026-07-25;EARLY;G5_PM1;EPA2;planned
413685189;47581650273;2026-07-25;;2026-07-25;EARLY;G5_PM1;EPA2;planned
413685189;47582553182;2026-07-25;2026-07-26;2026-07-26;EARLY;G5_PM1;EPA2;planned
413685189;47582554545;2026-07-25;;2026-07-25;EARLY;G5_PM1;EPA2;planned
413685189;47583165747;2026-07-25;;2026-07-25;EARLY;G5_PM1;EPA2;planned
413685189;47583416720;2026-07-25;;2026-07-25;EARLY;G5_PM1;EPA2;planned
413685189;47583416766;2026-07-25;;2026-07-25;EARLY;G5_PM1;EPA2;planned
413685189;47585590771;2026-07-25;;2026-07-25;EARLY;G5_PM1;EPA2;planned
413685189;47586283754;2026-07-25;;2026-07-25;EARLY;G5_PM1;EPA2;planned
413685322;47369039525;2026-07-24;2026-07-26;2026-07-26;EARLY;G10_PM1;EPA2;planned
413685322;47376453169;2026-07-25;2026-07-27;2026-07-27;EARLY;G10_PM1;EPA2;planned
413685322;47387405588;2026-07-24;2026-07-26;2026-07-26;EARLY;G10_PM1;EPA2;planned
413685322;47389654439;2026-07-24;2026-07-26;2026-07-26;EARLY;G10_PM1;EPA2;planned
413685322;47392743739;2026-07-25;2026-07-27;2026-07-27;EARLY;G10_PM1;EPA2;planned
413685322;47393394230;2026-07-24;2026-07-26;2026-07-26;EARLY;G10_PM1;EPA2;planned
413685322;47393599050;2026-07-24;2026-07-26;2026-07-26;EARLY;G10_PM1;EPA2;planned
413685322;47394445144;2026-07-24;2026-07-26;2026-07-26;EARLY;G10_PM1;EPA2;planned
413685322;47402770745;2026-07-24;2026-07-26;2026-07-26;EARLY;G10_PM1;EPA2;planned
413685322;47405692004;2026-07-24;2026-07-26;2026-07-26;EARLY;G10_PM1;EPA2;planned
413685322;47427344068;2026-07-24;2026-07-26;2026-07-26;EARLY;G10_PM1;EPA2;planned
413685322;47433253389;2026-07-17;2026-07-23;2026-07-23;VENCIDO;G10_PM1;EPA2;planned
413685322;47455130080;2026-07-12;2026-07-14;2026-07-14;VENCIDO;G10_PM1;EPA2;planned
413685322;47477962705;2026-07-23;2026-07-27;2026-07-27;EARLY;G10_PM1;EPA2;planned
413685322;47502695247;2026-07-23;2026-07-27;2026-07-27;EARLY;G10_PM1;EPA2;planned
413685322;47503207039;2026-07-23;2026-07-27;2026-07-27;EARLY;G10_PM1;EPA2;planned
413685322;47505060532;2026-07-23;2026-07-27;2026-07-27;EARLY;G10_PM1;EPA2;planned
413685322;47505829135;2026-07-23;2026-07-27;2026-07-27;EARLY;G10_PM1;EPA2;planned
413685322;47507549842;2026-07-23;2026-07-27;2026-07-27;EARLY;G10_PM1;EPA2;planned
413685322;47508341489;2026-07-22;2026-07-26;2026-07-26;EARLY;G10_PM1;EPA2;planned
413685322;47509232273;2026-07-25;2026-07-29;2026-07-29;EARLY;G10_PM1;EPA2;planned
413685322;47511409923;2026-07-23;2026-07-27;2026-07-27;EARLY;G10_PM1;EPA2;planned
413685322;47513866620;2026-07-23;2026-07-27;2026-07-27;EARLY;G10_PM1;EPA2;planned
413685322;47515969758;2026-07-23;2026-07-27;2026-07-27;EARLY;G10_PM1;EPA2;planned
413685322;47522366144;2026-07-17;2026-07-23;2026-07-23;VENCIDO;G10_PM1;EPA2;planned
413685322;47522830000;2026-07-25;2026-07-27;2026-07-27;EARLY;G10_PM1;EPA2;planned
413685322;47528916973;2026-07-24;2026-07-28;2026-07-28;EARLY;G10_PM1;EPA2;planned
413685322;47529118044;2026-07-22;2026-07-24;2026-07-24;ON TIME;G10_PM1;EPA2;planned
413685322;47529767271;2026-07-20;2026-07-24;2026-07-24;ON TIME;G10_PM1;EPA2;planned
413685322;47531060968;2026-07-24;2026-07-25;2026-07-25;EARLY;G10_PM1;EPA2;planned
413685322;47534480925;2026-07-23;2026-07-27;2026-07-27;EARLY;G10_PM1;EPA2;planned
413685322;47534727744;2026-07-21;2026-07-27;2026-07-27;EARLY;G10_PM1;EPA2;planned
413685322;47535964484;2026-07-22;2026-07-24;2026-07-24;ON TIME;G10_PM1;EPA2;planned
413685322;47540580927;2026-07-26;2026-07-28;2026-07-28;EARLY;G10_PM1;EPA2;planned
413685322;47542510073;2026-07-25;2026-07-27;2026-07-27;EARLY;G10_PM1;EPA2;planned
413685322;47542893492;2026-07-24;2026-07-26;2026-07-26;EARLY;G10_PM1;EPA2;planned
413685322;47545424462;2026-07-23;2026-07-28;2026-07-28;EARLY;G10_PM1;EPA2;planned
413685322;47545884215;2026-07-23;2026-07-27;2026-07-27;EARLY;G10_PM1;EPA2;planned
413685322;47545981165;2026-07-24;2026-07-26;2026-07-26;EARLY;G10_PM1;EPA2;planned
413685322;47546550424;2026-07-24;2026-07-26;2026-07-26;EARLY;G10_PM1;EPA2;planned
413685322;47546946602;2026-07-22;2026-07-28;2026-07-28;EARLY;G10_PM1;EPA2;planned
413685322;47547219312;2026-07-24;2026-07-26;2026-07-26;EARLY;G10_PM1;EPA2;planned
413685322;47547622878;2026-07-24;2026-07-27;2026-07-27;EARLY;G10_PM1;EPA2;planned
413685322;47548883230;2026-07-24;2026-07-26;2026-07-26;EARLY;G10_PM1;EPA2;planned
413685322;47549049402;2026-07-25;2026-07-26;2026-07-26;EARLY;G10_PM1;EPA2;planned
413685322;47549785486;2026-07-21;2026-07-27;2026-07-27;EARLY;G10_PM1;EPA2;planned
413685322;47549906425;2026-07-22;2026-07-28;2026-07-28;EARLY;G10_PM1;EPA2;planned
413685322;47550026346;2026-07-24;2026-07-26;2026-07-26;EARLY;G10_PM1;EPA2;planned
413685322;47552743030;2026-07-24;2026-07-26;2026-07-26;EARLY;G10_PM1;EPA2;planned
413685322;47553649443;2026-07-25;2026-07-26;2026-07-26;EARLY;G10_PM1;EPA2;planned
413685322;47554078867;2026-07-24;2026-07-26;2026-07-26;EARLY;G10_PM1;EPA2;planned
413685322;47555419974;2026-07-26;2026-07-27;2026-07-27;EARLY;G10_PM1;EPA2;planned
413685322;47556291794;2026-07-24;2026-07-26;2026-07-26;EARLY;G10_PM1;EPA2;planned
413685322;47556357281;2026-07-25;2026-07-26;2026-07-26;EARLY;G10_PM1;EPA2;planned
413685322;47556494405;2026-07-25;2026-07-28;2026-07-28;EARLY;G10_PM1;EPA2;planned
413685322;47556581262;2026-07-25;2026-07-26;2026-07-26;EARLY;G10_PM1;EPA2;planned
413685322;47556581290;2026-07-25;2026-07-26;2026-07-26;EARLY;G10_PM1;EPA2;planned
413685322;47556949960;2026-07-25;2026-07-27;2026-07-27;EARLY;G10_PM1;EPA2;planned
413685322;47558032865;2026-07-24;2026-07-26;2026-07-26;EARLY;G10_PM1;EPA2;planned
413685322;47558586724;2026-07-24;2026-07-26;2026-07-26;EARLY;G10_PM1;EPA2;planned
413685322;47558687968;2026-07-25;2026-07-26;2026-07-26;EARLY;G10_PM1;EPA2;planned
413685322;47558856188;2026-07-25;2026-07-26;2026-07-26;EARLY;G10_PM1;EPA2;planned
413685322;47558856540;2026-07-25;2026-07-26;2026-07-26;EARLY;G10_PM1;EPA2;planned
413685322;47559315171;2026-07-25;2026-07-26;2026-07-26;EARLY;G10_PM1;EPA2;planned
413685322;47560120849;2026-07-25;2026-07-26;2026-07-26;EARLY;G10_PM1;EPA2;planned
413685322;47560234380;2026-07-25;2026-07-26;2026-07-26;EARLY;G10_PM1;EPA2;planned
413685322;47561255778;2026-07-25;2026-07-26;2026-07-26;EARLY;G10_PM1;EPA2;planned
413685322;47561665711;2026-07-25;2026-07-26;2026-07-26;EARLY;G10_PM1;EPA2;planned
413685322;47562280182;2026-07-25;2026-07-26;2026-07-26;EARLY;G10_PM1;EPA2;planned
413685322;47563634573;2026-07-24;2026-07-26;2026-07-26;EARLY;G10_PM1;EPA2;planned
413685322;47566251945;2026-07-25;2026-07-26;2026-07-26;EARLY;G10_PM1;EPA2;planned
413685322;47570884407;2026-07-26;2026-07-27;2026-07-27;EARLY;G10_PM1;EPA2;planned
413685322;47574328311;2026-07-25;2026-07-26;2026-07-26;EARLY;G10_PM1;EPA2;planned
413685322;47578003882;2026-07-24;2026-07-26;2026-07-26;EARLY;G10_PM1;EPA2;planned
413685322;47581544931;2026-07-25;;2026-07-25;EARLY;G10_PM1;EPA2;planned
413685322;47581569097;2026-07-25;;2026-07-25;EARLY;G10_PM1;EPA2;planned
413685322;47586780957;2026-07-25;;2026-07-25;EARLY;G10_PM1;EPA2;planned
413685420;47455342273;2026-07-23;2026-07-27;2026-07-27;EARLY;G7_PM1;EPA2;planned
413685420;47475848512;2026-07-23;2026-07-27;2026-07-27;EARLY;G7_PM1;EPA2;planned
413685420;47489038339;2026-07-18;2026-07-24;2026-07-24;ON TIME;G7_PM1;EPA2;planned
413685420;47506357155;2026-07-21;2026-07-27;2026-07-27;EARLY;G7_PM1;EPA2;planned
413685420;47506848113;2026-07-21;2026-07-27;2026-07-27;EARLY;G7_PM1;EPA2;planned
413685420;47514012330;2026-07-17;2026-07-23;2026-07-23;VENCIDO;G7_PM1;EPA2;planned
413685420;47514862501;2026-07-18;2026-07-24;2026-07-24;ON TIME;G7_PM1;EPA2;planned
413685420;47532286542;2026-07-21;2026-07-27;2026-07-27;EARLY;G7_PM1;EPA2;planned
413685420;47532916191;2026-07-21;2026-07-27;2026-07-27;EARLY;G7_PM1;EPA2;planned
413685420;47534368325;2026-07-23;2026-07-27;2026-07-27;EARLY;G7_PM1;EPA2;planned
413685420;47534870741;2026-07-21;2026-07-27;2026-07-27;EARLY;G7_PM1;EPA2;planned
413685420;47535238668;2026-07-21;2026-07-27;2026-07-27;EARLY;G7_PM1;EPA2;planned
413685420;47535408399;2026-07-21;2026-07-27;2026-07-27;EARLY;G7_PM1;EPA2;planned
413685420;47535666012;2026-07-21;2026-07-27;2026-07-27;EARLY;G7_PM1;EPA2;planned
413685420;47537533310;2026-07-21;2026-07-25;2026-07-25;EARLY;G7_PM1;EPA2;planned
413685420;47538153675;2026-07-21;2026-07-27;2026-07-27;EARLY;G7_PM1;EPA2;planned
413685420;47538603749;2026-07-22;2026-07-27;2026-07-27;EARLY;G7_PM1;EPA2;planned
413685420;47538654605;2026-07-22;2026-07-27;2026-07-27;EARLY;G7_PM1;EPA2;planned
413685420;47538983823;2026-07-22;2026-07-28;2026-07-28;EARLY;G7_PM1;EPA2;planned
413685420;47539946117;2026-07-22;2026-07-27;2026-07-27;EARLY;G7_PM1;EPA2;planned
413685420;47540302366;2026-07-22;2026-07-28;2026-07-28;EARLY;G7_PM1;EPA2;planned
413685420;47541486397;2026-07-22;2026-07-28;2026-07-28;EARLY;G7_PM1;EPA2;planned
413685420;47543167554;2026-07-21;2026-07-27;2026-07-27;EARLY;G7_PM1;EPA2;planned
413685420;47544649181;2026-07-22;2026-07-26;2026-07-26;EARLY;G7_PM1;EPA2;planned
413685420;47544695688;2026-07-24;2026-07-26;2026-07-26;EARLY;G7_PM1;EPA2;planned
413685420;47545227706;2026-07-25;2026-07-27;2026-07-27;EARLY;G7_PM1;EPA2;planned
413685420;47545417015;2026-07-24;2026-07-26;2026-07-26;EARLY;G7_PM1;EPA2;planned
413685420;47545456811;2026-07-24;2026-07-26;2026-07-26;EARLY;G7_PM1;EPA2;planned
413685420;47546501239;2026-07-24;2026-07-26;2026-07-26;EARLY;G7_PM1;EPA2;planned
413685420;47547095222;2026-07-24;2026-07-26;2026-07-26;EARLY;G7_PM1;EPA2;planned
413685420;47547641668;2026-07-23;2026-07-26;2026-07-26;EARLY;G7_PM1;EPA2;planned
413685420;47547879149;2026-07-22;2026-07-27;2026-07-27;EARLY;G7_PM1;EPA2;planned
413685420;47549063784;2026-07-22;2026-07-27;2026-07-27;EARLY;G7_PM1;EPA2;planned
413685420;47550003929;2026-07-23;2026-07-27;2026-07-27;EARLY;G7_PM1;EPA2;planned
413685420;47550278206;2026-07-22;2026-07-24;2026-07-24;ON TIME;G7_PM1;EPA2;planned
413685420;47551435084;2026-07-24;2026-07-28;2026-07-28;EARLY;G7_PM1;EPA2;planned
413685420;47551564474;2026-07-24;2026-07-28;2026-07-28;EARLY;G7_PM1;EPA2;planned
413685420;47552393316;2026-07-22;2026-07-28;2026-07-28;EARLY;G7_PM1;EPA2;planned
413685420;47552466572;2026-07-24;2026-07-26;2026-07-26;EARLY;G7_PM1;EPA2;planned
413685420;47553196340;2026-07-24;2026-07-26;2026-07-26;EARLY;G7_PM1;EPA2;planned
413685420;47553202966;2026-07-25;2026-07-27;2026-07-27;EARLY;G7_PM1;EPA2;planned
413685420;47553440199;2026-07-24;2026-07-26;2026-07-26;EARLY;G7_PM1;EPA2;planned
413685420;47553493395;2026-07-24;2026-07-26;2026-07-26;EARLY;G7_PM1;EPA2;planned
413685420;47553500534;2026-07-25;2026-07-27;2026-07-27;EARLY;G7_PM1;EPA2;planned
413685420;47554274474;2026-07-25;2026-07-27;2026-07-27;EARLY;G7_PM1;EPA2;planned
413685420;47554541501;2026-07-24;2026-07-26;2026-07-26;EARLY;G7_PM1;EPA2;planned
413685420;47555141546;2026-07-25;2026-07-27;2026-07-27;EARLY;G7_PM1;EPA2;planned
413685420;47555150769;2026-07-24;2026-07-26;2026-07-26;EARLY;G7_PM1;EPA2;planned
413685420;47555366735;2026-07-25;;2026-07-25;EARLY;G7_PM1;EPA2;planned
413685420;47555581330;2026-07-23;2026-07-26;2026-07-26;EARLY;G7_PM1;EPA2;planned
413685420;47556535900;2026-07-24;2026-07-26;2026-07-26;EARLY;G7_PM1;EPA2;planned
413685420;47556594584;2026-07-24;2026-07-28;2026-07-28;EARLY;G7_PM1;EPA2;planned
413685420;47556597886;2026-07-24;2026-07-28;2026-07-28;EARLY;G7_PM1;EPA2;planned
413685420;47556816234;2026-07-24;2026-07-28;2026-07-28;EARLY;G7_PM1;EPA2;planned
413685420;47556923627;2026-07-24;2026-07-26;2026-07-26;EARLY;G7_PM1;EPA2;planned
413685420;47557350650;2026-07-24;2026-07-26;2026-07-26;EARLY;G7_PM1;EPA2;planned
413685420;47558151087;2026-07-23;2026-07-29;2026-07-29;EARLY;G7_PM1;EPA2;planned
413685420;47558151213;2026-07-24;2026-07-26;2026-07-26;EARLY;G7_PM1;EPA2;planned
413685420;47558427250;2026-07-24;2026-07-26;2026-07-26;EARLY;G7_PM1;EPA2;planned
413685420;47558693626;2026-07-24;2026-07-26;2026-07-26;EARLY;G7_PM1;EPA2;planned
413685420;47558920487;2026-07-23;2026-07-29;2026-07-29;EARLY;G7_PM1;EPA2;planned
413685420;47559973767;2026-07-24;2026-07-30;2026-07-30;EARLY;G7_PM1;EPA2;planned
413685420;47560294809;2026-07-25;2026-07-26;2026-07-26;EARLY;G7_PM1;EPA2;planned
413685420;47560471956;2026-07-24;2026-07-26;2026-07-26;EARLY;G7_PM1;EPA2;planned
413685420;47561014919;2026-07-24;2026-07-26;2026-07-26;EARLY;G7_PM1;EPA2;planned
413685420;47561106372;2026-07-24;2026-07-26;2026-07-26;EARLY;G7_PM1;EPA2;planned
413685420;47562204803;2026-07-24;2026-07-26;2026-07-26;EARLY;G7_PM1;EPA2;planned
413685420;47563039106;2026-07-24;2026-07-26;2026-07-26;EARLY;G7_PM1;EPA2;planned
413685420;47563353777;2026-07-24;2026-07-30;2026-07-30;EARLY;G7_PM1;EPA2;planned
413685420;47565804404;2026-07-24;2026-07-28;2026-07-28;EARLY;G7_PM1;EPA2;planned
413685420;47567838459;2026-07-24;2026-07-26;2026-07-26;EARLY;G7_PM1;EPA2;planned
413685420;47569072384;2026-07-24;2026-07-28;2026-07-28;EARLY;G7_PM1;EPA2;planned
413685420;47569374342;2026-07-26;2026-07-27;2026-07-27;EARLY;G7_PM1;EPA2;planned
413685420;47569720362;2026-07-24;2026-07-25;2026-07-25;EARLY;G7_PM1;EPA2;planned
413685420;47571009698;2026-07-24;2026-07-26;2026-07-26;EARLY;G7_PM1;EPA2;planned
413685420;47571506849;2026-07-24;2026-07-30;2026-07-30;EARLY;G7_PM1;EPA2;planned
413685420;47572065493;2026-07-26;2026-07-27;2026-07-27;EARLY;G7_PM1;EPA2;planned
413685420;47572358942;2026-07-24;2026-07-30;2026-07-30;EARLY;G7_PM1;EPA2;planned
413685420;47573097734;2026-07-25;2026-07-26;2026-07-26;EARLY;G7_PM1;EPA2;planned
413685420;47574048272;2026-07-24;2026-07-26;2026-07-26;EARLY;G7_PM1;EPA2;planned
413685420;47574404350;2026-07-26;2026-07-28;2026-07-28;EARLY;G7_PM1;EPA2;planned
413685420;47574647959;2026-07-24;2026-07-26;2026-07-26;EARLY;G7_PM1;EPA2;planned
413685420;47574805207;2026-07-25;2026-07-26;2026-07-26;EARLY;G7_PM1;EPA2;planned
413685420;47575054118;2026-07-24;2026-07-26;2026-07-26;EARLY;G7_PM1;EPA2;planned
413685420;47575054244;2026-07-25;;2026-07-25;EARLY;G7_PM1;EPA2;planned
413685420;47575355557;2026-07-26;2026-07-30;2026-07-30;EARLY;G7_PM1;EPA2;planned
413685420;47575397687;2026-07-28;2026-07-30;2026-07-30;EARLY;G7_PM1;EPA2;planned
413685420;47576611578;2026-07-24;2026-07-30;2026-07-30;EARLY;G7_PM1;EPA2;planned
413685420;47577864178;2026-07-25;2026-07-27;2026-07-27;EARLY;G7_PM1;EPA2;planned
413685420;47579255114;2026-07-24;2026-07-26;2026-07-26;EARLY;G7_PM1;EPA2;planned
413685420;47579579735;2026-07-24;2026-07-26;2026-07-26;EARLY;G7_PM1;EPA2;planned
413685420;47579579757;2026-07-24;2026-07-26;2026-07-26;EARLY;G7_PM1;EPA2;planned
413685420;47580017301;2026-07-26;2026-07-28;2026-07-28;EARLY;G7_PM1;EPA2;planned
413685420;47581060616;2026-07-25;;2026-07-25;EARLY;G7_PM1;EPA2;planned
413685420;47581762476;2026-07-25;;2026-07-25;EARLY;G7_PM1;EPA2;planned
413685420;47581804656;2026-07-25;;2026-07-25;EARLY;G7_PM1;EPA2;planned
413685420;47581947319;2026-07-29;2026-08-01;2026-08-01;EARLY;G7_PM1;EPA2;planned
413685420;47582038854;2026-07-25;;2026-07-25;EARLY;G7_PM1;EPA2;planned
413685420;47582837619;2026-07-25;;2026-07-25;EARLY;G7_PM1;EPA2;planned
413685420;47583015530;2026-07-25;;2026-07-25;EARLY;G7_PM1;EPA2;planned
413685420;47583726550;2026-07-25;;2026-07-25;EARLY;G7_PM1;EPA2;planned
413685420;47583997496;2026-07-25;;2026-07-25;EARLY;G7_PM1;EPA2;planned
413685420;47584542528;2026-07-25;;2026-07-25;EARLY;G7_PM1;EPA2;planned
413685567;47479274279;2026-07-23;2026-07-27;2026-07-27;EARLY;G9_PM1;EPA2;planned
413685567;47502912683;2026-07-21;2026-07-27;2026-07-27;EARLY;G9_PM1;EPA2;planned
413685567;47505272243;2026-07-17;2026-07-23;2026-07-23;VENCIDO;G9_PM1;EPA2;planned
413685567;47506884339;2026-07-21;2026-07-27;2026-07-27;EARLY;G9_PM1;EPA2;planned
413685567;47515754162;2026-07-20;2026-07-23;2026-07-23;VENCIDO;G9_PM1;EPA2;planned
413685567;47521830475;2026-07-23;2026-07-27;2026-07-27;EARLY;G9_PM1;EPA2;planned
413685567;47523903326;2026-07-20;2026-07-26;2026-07-26;EARLY;G9_PM1;EPA2;planned
413685567;47524438616;2026-07-23;2026-07-27;2026-07-27;EARLY;G9_PM1;EPA2;planned
413685567;47524895028;2026-07-21;2026-07-27;2026-07-27;EARLY;G9_PM1;EPA2;planned
413685567;47531838068;2026-07-23;2026-07-28;2026-07-28;EARLY;G9_PM1;EPA2;planned
413685567;47534997034;2026-07-21;2026-07-27;2026-07-27;EARLY;G9_PM1;EPA2;planned
413685567;47535043076;2026-07-23;2026-07-29;2026-07-29;EARLY;G9_PM1;EPA2;planned
413685567;47535223430;2026-07-21;2026-07-27;2026-07-27;EARLY;G9_PM1;EPA2;planned
413685567;47535363765;2026-07-23;2026-07-27;2026-07-27;EARLY;G9_PM1;EPA2;planned
413685567;47537872835;2026-07-23;2026-07-27;2026-07-27;EARLY;G9_PM1;EPA2;planned
413685567;47538153315;2026-07-21;2026-07-27;2026-07-27;EARLY;G9_PM1;EPA2;planned
413685567;47538488231;2026-07-21;2026-07-27;2026-07-27;EARLY;G9_PM1;EPA2;planned
413685567;47538873584;2026-07-24;2026-07-28;2026-07-28;EARLY;G9_PM1;EPA2;planned
413685567;47539184494;2026-07-20;2026-07-24;2026-07-24;ON TIME;G9_PM1;EPA2;planned
413685567;47539605540;2026-07-24;2026-07-28;2026-07-28;EARLY;G9_PM1;EPA2;planned
413685567;47539767431;2026-07-21;2026-07-27;2026-07-27;EARLY;G9_PM1;EPA2;planned
413685567;47539918793;2026-07-21;2026-07-27;2026-07-27;EARLY;G9_PM1;EPA2;planned
413685567;47540492972;2026-07-21;2026-07-27;2026-07-27;EARLY;G9_PM1;EPA2;planned
413685567;47540570908;2026-07-21;2026-07-27;2026-07-27;EARLY;G9_PM1;EPA2;planned
413685567;47542037265;2026-07-22;2026-07-28;2026-07-28;EARLY;G9_PM1;EPA2;planned
413685567;47542374504;2026-07-20;2026-07-24;2026-07-24;ON TIME;G9_PM1;EPA2;planned
413685567;47543678570;2026-07-21;2026-07-27;2026-07-27;EARLY;G9_PM1;EPA2;planned
413685567;47544242296;2026-07-23;2026-07-26;2026-07-26;EARLY;G9_PM1;EPA2;planned
413685567;47544347821;2026-07-23;2026-07-26;2026-07-26;EARLY;G9_PM1;EPA2;planned
413685567;47544474451;2026-07-24;2026-07-26;2026-07-26;EARLY;G9_PM1;EPA2;planned
413685567;47544540841;2026-07-24;2026-07-26;2026-07-26;EARLY;G9_PM1;EPA2;planned
413685567;47544592370;2026-07-23;2026-07-26;2026-07-26;EARLY;G9_PM1;EPA2;planned
413685567;47544690665;;;;;G9_PM1;EPA2;planned
413685567;47544705625;2026-07-24;2026-07-26;2026-07-26;EARLY;G9_PM1;EPA2;planned
413685567;47544720784;2026-07-24;2026-07-26;2026-07-26;EARLY;G9_PM1;EPA2;planned
413685567;47544743168;2026-07-24;2026-07-26;2026-07-26;EARLY;G9_PM1;EPA2;planned
413685567;47544874792;2026-07-24;2026-07-26;2026-07-26;EARLY;G9_PM1;EPA2;planned
413685567;47545195649;2026-07-21;2026-07-27;2026-07-27;EARLY;G9_PM1;EPA2;planned
413685567;47545213547;2026-07-24;2026-07-26;2026-07-26;EARLY;G9_PM1;EPA2;planned
413685567;47545698936;2026-07-24;2026-07-26;2026-07-26;EARLY;G9_PM1;EPA2;planned
413685567;47545720532;2026-07-24;2026-07-26;2026-07-26;EARLY;G9_PM1;EPA2;planned
413685567;47546149313;2026-07-24;2026-07-26;2026-07-26;EARLY;G9_PM1;EPA2;planned
413685567;47546417452;2026-07-24;2026-07-26;2026-07-26;EARLY;G9_PM1;EPA2;planned
413685567;47547290307;2026-07-21;2026-07-27;2026-07-27;EARLY;G9_PM1;EPA2;planned
413685567;47547459565;2026-07-23;2026-07-27;2026-07-27;EARLY;G9_PM1;EPA2;planned
413685567;47547508195;2026-07-23;2026-07-27;2026-07-27;EARLY;G9_PM1;EPA2;planned
413685567;47547702758;2026-07-24;2026-07-26;2026-07-26;EARLY;G9_PM1;EPA2;planned
413685567;47547711488;2026-07-22;2026-07-28;2026-07-28;EARLY;G9_PM1;EPA2;planned
413685567;47547854211;2026-07-23;2026-07-27;2026-07-27;EARLY;G9_PM1;EPA2;planned
413685567;47548179547;2026-07-22;2026-07-27;2026-07-27;EARLY;G9_PM1;EPA2;planned
413685567;47548286736;2026-07-24;2026-07-28;2026-07-28;EARLY;G9_PM1;EPA2;planned
413685567;47548538334;2026-07-23;2026-07-27;2026-07-27;EARLY;G9_PM1;EPA2;planned
413685567;47548767154;2026-07-22;2026-07-28;2026-07-28;EARLY;G9_PM1;EPA2;planned
413685567;47549041964;2026-07-22;2026-07-27;2026-07-27;EARLY;G9_PM1;EPA2;planned
413685567;47551067983;2026-07-24;2026-07-26;2026-07-26;EARLY;G9_PM1;EPA2;planned
413685567;47552434525;2026-07-27;2026-07-30;2026-07-30;EARLY;G9_PM1;EPA2;planned
413685567;47552750240;2026-07-24;2026-07-26;2026-07-26;EARLY;G9_PM1;EPA2;planned
413685567;47552852986;2026-07-25;2026-07-26;2026-07-26;EARLY;G9_PM1;EPA2;planned
413685567;47554212740;2026-07-24;2026-07-26;2026-07-26;EARLY;G9_PM1;EPA2;planned
413685567;47554618930;2026-07-23;2026-07-25;2026-07-25;EARLY;G9_PM1;EPA2;planned
413685567;47555047597;2026-07-23;2026-07-24;2026-07-24;ON TIME;G9_PM1;EPA2;planned
413685567;47555695496;2026-07-24;2026-07-25;2026-07-25;EARLY;G9_PM1;EPA2;planned
413685567;47556890091;2026-07-24;2026-07-26;2026-07-26;EARLY;G9_PM1;EPA2;planned
413685567;47557318576;2026-07-24;2026-07-26;2026-07-26;EARLY;G9_PM1;EPA2;planned
413685567;47559469019;2026-07-24;2026-07-26;2026-07-26;EARLY;G9_PM1;EPA2;planned
413685567;47562975828;2026-07-23;2026-07-29;2026-07-29;EARLY;G9_PM1;EPA2;planned
413685567;47564350883;2026-07-25;2026-07-26;2026-07-26;EARLY;G9_PM1;EPA2;planned
413685567;47564403582;2026-07-24;2026-07-26;2026-07-26;EARLY;G9_PM1;EPA2;planned
413685567;47565214180;2026-07-25;2026-07-26;2026-07-26;EARLY;G9_PM1;EPA2;planned
413685567;47566994645;2026-07-23;2026-07-29;2026-07-29;EARLY;G9_PM1;EPA2;planned
413685567;47568340280;2026-07-24;2026-07-28;2026-07-28;EARLY;G9_PM1;EPA2;planned
413685567;47568385608;2026-07-24;2026-07-28;2026-07-28;EARLY;G9_PM1;EPA2;planned
413685567;47568463161;2026-07-26;2026-07-29;2026-07-29;EARLY;G9_PM1;EPA2;planned
413685567;47569028138;2026-07-24;2026-07-28;2026-07-28;EARLY;G9_PM1;EPA2;planned
413685567;47569187615;2026-07-25;2026-07-26;2026-07-26;EARLY;G9_PM1;EPA2;planned
413685567;47570238261;2026-07-26;2026-07-27;2026-07-27;EARLY;G9_PM1;EPA2;planned
413685567;47570410353;2026-07-25;2026-07-26;2026-07-26;EARLY;G9_PM1;EPA2;planned
413685567;47571478204;2026-07-26;2026-07-27;2026-07-27;EARLY;G9_PM1;EPA2;planned
413685567;47572339787;2026-07-26;2026-07-27;2026-07-27;EARLY;G9_PM1;EPA2;planned
413685567;47572392234;2026-07-25;;2026-07-25;EARLY;G9_PM1;EPA2;planned
413685567;47572503207;2026-07-25;2026-07-26;2026-07-26;EARLY;G9_PM1;EPA2;planned
413685567;47573287740;2026-07-26;2026-07-28;2026-07-28;EARLY;G9_PM1;EPA2;planned
413685567;47574253233;2026-07-25;2026-07-30;2026-07-30;EARLY;G9_PM1;EPA2;planned
413685567;47575335193;2026-07-24;2026-07-28;2026-07-28;EARLY;G9_PM1;EPA2;planned
413685567;47578378593;2026-07-24;2026-07-26;2026-07-26;EARLY;G9_PM1;EPA2;planned
413685567;47578721166;2026-07-24;2026-07-26;2026-07-26;EARLY;G9_PM1;EPA2;planned
413685567;47579210415;2026-07-24;2026-07-26;2026-07-26;EARLY;G9_PM1;EPA2;planned
413685567;47580468727;2026-07-26;2026-07-30;2026-07-30;EARLY;G9_PM1;EPA2;planned
413685567;47581061600;2026-07-25;;2026-07-25;EARLY;G9_PM1;EPA2;planned
413685567;47581231229;2026-07-26;2026-07-28;2026-07-28;EARLY;G9_PM1;EPA2;planned
413685567;47581420284;2026-07-25;;2026-07-25;EARLY;G9_PM1;EPA2;planned
413685567;47582118929;2026-07-25;;2026-07-25;EARLY;G9_PM1;EPA2;planned
413685567;47582471036;2026-07-25;;2026-07-25;EARLY;G9_PM1;EPA2;planned
413685567;47584365365;2026-07-25;;2026-07-25;EARLY;G9_PM1;EPA2;planned
413685567;47584616366;2026-07-25;;2026-07-25;EARLY;G9_PM1;EPA2;planned
413685567;47586467099;2026-07-25;;2026-07-25;EARLY;G9_PM1;EPA2;planned
413685567;47587406283;2026-07-25;;2026-07-25;EARLY;G9_PM1;EPA2;planned
413685665;47420376446;2026-07-23;2026-07-29;2026-07-29;EARLY;G1_PM1;EPA2;planned
413685665;47446740970;2026-07-22;2026-07-28;2026-07-28;EARLY;G1_PM1;EPA2;planned
413685665;47461612577;2026-07-17;2026-07-23;2026-07-23;VENCIDO;G1_PM1;EPA2;planned
413685665;47495356062;2026-07-22;2026-07-27;2026-07-27;EARLY;G1_PM1;EPA2;planned
413685665;47496141366;2026-07-22;2026-07-28;2026-07-28;EARLY;G1_PM1;EPA2;planned
413685665;47507745492;2026-07-24;2026-07-28;2026-07-28;EARLY;G1_PM1;EPA2;planned
413685665;47520150073;2026-07-21;2026-07-27;2026-07-27;EARLY;G1_PM1;EPA2;planned
413685665;47523790242;2026-07-21;2026-07-27;2026-07-27;EARLY;G1_PM1;EPA2;planned
413685665;47530145156;2026-07-22;2026-07-27;2026-07-27;EARLY;G1_PM1;EPA2;planned
413685665;47531771494;2026-07-23;2026-07-27;2026-07-27;EARLY;G1_PM1;EPA2;planned
413685665;47532217967;2026-07-23;2026-07-27;2026-07-27;EARLY;G1_PM1;EPA2;planned
413685665;47534740634;2026-07-21;2026-07-27;2026-07-27;EARLY;G1_PM1;EPA2;planned
413685665;47537415256;2026-07-23;2026-07-27;2026-07-27;EARLY;G1_PM1;EPA2;planned
413685665;47537567012;2026-07-20;2026-07-24;2026-07-24;ON TIME;G1_PM1;EPA2;planned
413685665;47537686961;2026-07-22;2026-07-27;2026-07-27;EARLY;G1_PM1;EPA2;planned
413685665;47538086223;2026-07-22;2026-07-27;2026-07-27;EARLY;G1_PM1;EPA2;planned
413685665;47538269399;2026-07-21;2026-07-27;2026-07-27;EARLY;G1_PM1;EPA2;planned
413685665;47538730918;2026-07-22;2026-07-27;2026-07-27;EARLY;G1_PM1;EPA2;planned
413685665;47539007405;2026-07-21;2026-07-27;2026-07-27;EARLY;G1_PM1;EPA2;planned
413685665;47539905536;2026-07-21;2026-07-27;2026-07-27;EARLY;G1_PM1;EPA2;planned
413685665;47540229887;2026-07-21;2026-07-25;2026-07-25;EARLY;G1_PM1;EPA2;planned
413685665;47540674449;2026-07-22;2026-07-28;2026-07-28;EARLY;G1_PM1;EPA2;planned
413685665;47540893784;2026-07-21;2026-07-27;2026-07-27;EARLY;G1_PM1;EPA2;planned
413685665;47542674018;2026-07-22;2026-07-28;2026-07-28;EARLY;G1_PM1;EPA2;planned
413685665;47543105453;2026-07-24;2026-07-30;2026-07-30;EARLY;G1_PM1;EPA2;planned
413685665;47543792173;2026-07-23;2026-07-26;2026-07-26;EARLY;G1_PM1;EPA2;planned
413685665;47543852615;2026-07-22;2026-07-28;2026-07-28;EARLY;G1_PM1;EPA2;planned
413685665;47544187048;2026-07-23;2026-07-26;2026-07-26;EARLY;G1_PM1;EPA2;planned
413685665;47544240334;2026-07-23;2026-07-26;2026-07-26;EARLY;G1_PM1;EPA2;planned
413685665;47544641428;2026-07-23;2026-07-26;2026-07-26;EARLY;G1_PM1;EPA2;planned
413685665;47544884990;2026-07-24;2026-07-26;2026-07-26;EARLY;G1_PM1;EPA2;planned
413685665;47545151399;2026-07-24;2026-07-26;2026-07-26;EARLY;G1_PM1;EPA2;planned
413685665;47545615434;2026-07-21;2026-07-27;2026-07-27;EARLY;G1_PM1;EPA2;planned
413685665;47546373038;2026-07-25;2026-07-30;2026-07-30;EARLY;G1_PM1;EPA2;planned
413685665;47546455418;2026-07-22;2026-07-27;2026-07-27;EARLY;G1_PM1;EPA2;planned
413685665;47546630453;2026-07-24;2026-07-26;2026-07-26;EARLY;G1_PM1;EPA2;planned
413685665;47546987936;2026-07-22;2026-07-28;2026-07-28;EARLY;G1_PM1;EPA2;planned
413685665;47547322479;2026-07-22;2026-07-24;2026-07-24;ON TIME;G1_PM1;EPA2;planned
413685665;47547366460;2026-07-24;2026-07-26;2026-07-26;EARLY;G1_PM1;EPA2;planned
413685665;47547444814;2026-07-24;2026-07-26;2026-07-26;EARLY;G1_PM1;EPA2;planned
413685665;47548125785;2026-07-22;2026-07-28;2026-07-28;EARLY;G1_PM1;EPA2;planned
413685665;47548594227;2026-07-22;2026-07-23;2026-07-23;VENCIDO;G1_PM1;EPA2;planned
413685665;47548786613;2026-07-22;2026-07-23;2026-07-23;VENCIDO;G1_PM1;EPA2;planned
413685665;47548868624;2026-07-22;2026-07-23;2026-07-23;VENCIDO;G1_PM1;EPA2;planned
413685665;47549016383;2026-07-22;2026-07-23;2026-07-23;VENCIDO;G1_PM1;EPA2;planned
413685665;47549068456;2026-07-22;2026-07-23;2026-07-23;VENCIDO;G1_PM1;EPA2;planned
413685665;47549133805;2026-07-22;2026-07-23;2026-07-23;VENCIDO;G1_PM1;EPA2;planned
413685665;47549256480;2026-07-22;2026-07-23;2026-07-23;VENCIDO;G1_PM1;EPA2;planned
413685665;47549373819;2026-07-22;2026-07-23;2026-07-23;VENCIDO;G1_PM1;EPA2;planned
413685665;47549600463;2026-07-22;2026-07-23;2026-07-23;VENCIDO;G1_PM1;EPA2;planned
413685665;47549627502;2026-07-22;2026-07-23;2026-07-23;VENCIDO;G1_PM1;EPA2;planned
413685665;47549817540;2026-07-22;2026-07-23;2026-07-23;VENCIDO;G1_PM1;EPA2;planned
413685665;47549842954;2026-07-22;2026-07-23;2026-07-23;VENCIDO;G1_PM1;EPA2;planned
413685665;47549846254;2026-07-22;2026-07-28;2026-07-28;EARLY;G1_PM1;EPA2;planned
413685665;47550796071;2026-07-24;2026-07-28;2026-07-28;EARLY;G1_PM1;EPA2;planned
413685665;47552021297;2026-07-22;2026-07-28;2026-07-28;EARLY;G1_PM1;EPA2;planned
413685665;47552060922;2026-07-21;2026-07-25;2026-07-25;EARLY;G1_PM1;EPA2;planned
413685665;47553481038;2026-07-24;2026-07-26;2026-07-26;EARLY;G1_PM1;EPA2;planned
413685665;47553589878;2026-07-22;2026-07-28;2026-07-28;EARLY;G1_PM1;EPA2;planned
413685665;47554667427;2026-07-24;2026-07-25;2026-07-25;EARLY;G1_PM1;EPA2;planned
413685665;47554774917;2026-07-22;2026-07-24;2026-07-24;ON TIME;G1_PM1;EPA2;planned
413685665;47554791375;2026-07-24;2026-07-26;2026-07-26;EARLY;G1_PM1;EPA2;planned
413685665;47554823441;2026-07-24;2026-07-26;2026-07-26;EARLY;G1_PM1;EPA2;planned
413685665;47555531672;2026-07-24;2026-07-26;2026-07-26;EARLY;G1_PM1;EPA2;planned
413685665;47555728938;2026-07-24;2026-07-26;2026-07-26;EARLY;G1_PM1;EPA2;planned
413685665;47556451330;2026-07-24;2026-07-26;2026-07-26;EARLY;G1_PM1;EPA2;planned
413685665;47557107021;2026-07-25;2026-07-27;2026-07-27;EARLY;G1_PM1;EPA2;planned
413685665;47557386679;2026-07-25;2026-07-27;2026-07-27;EARLY;G1_PM1;EPA2;planned
413685665;47558424371;2026-07-24;2026-07-26;2026-07-26;EARLY;G1_PM1;EPA2;planned
413685665;47559564374;2026-07-24;2026-07-28;2026-07-28;EARLY;G1_PM1;EPA2;planned
413685665;47559579136;2026-07-24;2026-07-26;2026-07-26;EARLY;G1_PM1;EPA2;planned
413685665;47559833741;2026-07-23;2026-07-29;2026-07-29;EARLY;G1_PM1;EPA2;planned
413685665;47559833769;2026-07-25;2026-07-27;2026-07-27;EARLY;G1_PM1;EPA2;planned
413685665;47560162192;2026-07-25;2026-07-26;2026-07-26;EARLY;G1_PM1;EPA2;planned
413685665;47560162350;2026-07-25;2026-07-26;2026-07-26;EARLY;G1_PM1;EPA2;planned
413685665;47561089536;2026-07-24;2026-07-26;2026-07-26;EARLY;G1_PM1;EPA2;planned
413685665;47561272211;2026-07-24;2026-07-26;2026-07-26;EARLY;G1_PM1;EPA2;planned
413685665;47561933230;2026-07-24;2026-07-25;2026-07-25;EARLY;G1_PM1;EPA2;planned
413685665;47561994841;2026-07-25;2026-07-26;2026-07-26;EARLY;G1_PM1;EPA2;planned
413685665;47562785802;2026-07-25;2026-07-27;2026-07-27;EARLY;G1_PM1;EPA2;planned
413685665;47562811922;2026-07-24;2026-07-26;2026-07-26;EARLY;G1_PM1;EPA2;planned
413685665;47563364724;2026-07-25;2026-07-26;2026-07-26;EARLY;G1_PM1;EPA2;planned
413685665;47563709926;2026-07-24;2026-07-26;2026-07-26;EARLY;G1_PM1;EPA2;planned
413685665;47563973851;2026-07-24;2026-07-26;2026-07-26;EARLY;G1_PM1;EPA2;planned
413685665;47563994479;2026-07-24;2026-07-25;2026-07-25;EARLY;G1_PM1;EPA2;planned
413685665;47564110744;2026-07-25;2026-07-26;2026-07-26;EARLY;G1_PM1;EPA2;planned
413685665;47564210524;2026-07-24;2026-07-26;2026-07-26;EARLY;G1_PM1;EPA2;planned
413685665;47565738184;2026-07-25;2026-07-28;2026-07-28;EARLY;G1_PM1;EPA2;planned
413685665;47566907937;2026-07-24;2026-07-26;2026-07-26;EARLY;G1_PM1;EPA2;planned
413685665;47566934235;2026-07-26;2026-07-27;2026-07-27;EARLY;G1_PM1;EPA2;planned
413685665;47567259487;2026-07-25;2026-07-26;2026-07-26;EARLY;G1_PM1;EPA2;planned
413685665;47567259569;2026-07-25;2026-07-26;2026-07-26;EARLY;G1_PM1;EPA2;planned
413685665;47567260247;2026-07-25;2026-07-26;2026-07-26;EARLY;G1_PM1;EPA2;planned
413685665;47567281011;2026-07-25;2026-07-26;2026-07-26;EARLY;G1_PM1;EPA2;planned
413685665;47567281219;2026-07-25;2026-07-26;2026-07-26;EARLY;G1_PM1;EPA2;planned
413685665;47567297543;2026-07-25;2026-07-26;2026-07-26;EARLY;G1_PM1;EPA2;planned
413685665;47567310537;2026-07-25;2026-07-26;2026-07-26;EARLY;G1_PM1;EPA2;planned
413685665;47567310913;2026-07-25;2026-07-26;2026-07-26;EARLY;G1_PM1;EPA2;planned
413685665;47567321979;2026-07-25;2026-07-26;2026-07-26;EARLY;G1_PM1;EPA2;planned
413685665;47567322169;2026-07-25;2026-07-26;2026-07-26;EARLY;G1_PM1;EPA2;planned
413685665;47567334349;2026-07-25;2026-07-26;2026-07-26;EARLY;G1_PM1;EPA2;planned
413685665;47567334485;2026-07-25;2026-07-26;2026-07-26;EARLY;G1_PM1;EPA2;planned
413685665;47567348029;2026-07-25;2026-07-26;2026-07-26;EARLY;G1_PM1;EPA2;planned
413685665;47567348267;2026-07-25;2026-07-26;2026-07-26;EARLY;G1_PM1;EPA2;planned
413685665;47567407299;2026-07-25;2026-07-26;2026-07-26;EARLY;G1_PM1;EPA2;planned
413685665;47567407377;2026-07-25;2026-07-26;2026-07-26;EARLY;G1_PM1;EPA2;planned
413685665;47567426363;2026-07-25;2026-07-26;2026-07-26;EARLY;G1_PM1;EPA2;planned
413685665;47567426611;2026-07-25;2026-07-26;2026-07-26;EARLY;G1_PM1;EPA2;planned
413685665;47567438607;2026-07-25;2026-07-26;2026-07-26;EARLY;G1_PM1;EPA2;planned
413685665;47567438647;2026-07-25;2026-07-26;2026-07-26;EARLY;G1_PM1;EPA2;planned
413685665;47567438683;2026-07-25;2026-07-26;2026-07-26;EARLY;G1_PM1;EPA2;planned
413685665;47567473961;2026-07-25;2026-07-26;2026-07-26;EARLY;G1_PM1;EPA2;planned
413685665;47567474211;2026-07-25;2026-07-26;2026-07-26;EARLY;G1_PM1;EPA2;planned
413685665;47567510720;2026-07-25;2026-07-26;2026-07-26;EARLY;G1_PM1;EPA2;planned
413685665;47567510854;2026-07-25;2026-07-26;2026-07-26;EARLY;G1_PM1;EPA2;planned
413685665;47567510980;2026-07-25;2026-07-26;2026-07-26;EARLY;G1_PM1;EPA2;planned
413685665;47567531522;2026-07-25;2026-07-26;2026-07-26;EARLY;G1_PM1;EPA2;planned
413685665;47567531768;2026-07-25;2026-07-26;2026-07-26;EARLY;G1_PM1;EPA2;planned
413685665;47567532096;2026-07-25;2026-07-26;2026-07-26;EARLY;G1_PM1;EPA2;planned
413685665;47567548662;2026-07-25;2026-07-26;2026-07-26;EARLY;G1_PM1;EPA2;planned
413685665;47567548706;2026-07-25;2026-07-26;2026-07-26;EARLY;G1_PM1;EPA2;planned
413685665;47567549226;2026-07-25;2026-07-26;2026-07-26;EARLY;G1_PM1;EPA2;planned
413685665;47567549286;2026-07-25;2026-07-26;2026-07-26;EARLY;G1_PM1;EPA2;planned
413685665;47567549660;2026-07-25;2026-07-26;2026-07-26;EARLY;G1_PM1;EPA2;planned
413685665;47567562180;2026-07-25;2026-07-26;2026-07-26;EARLY;G1_PM1;EPA2;planned
413685665;47567562286;2026-07-25;2026-07-26;2026-07-26;EARLY;G1_PM1;EPA2;planned
413685665;47567562314;2026-07-25;2026-07-26;2026-07-26;EARLY;G1_PM1;EPA2;planned
413685665;47567573208;2026-07-25;2026-07-26;2026-07-26;EARLY;G1_PM1;EPA2;planned
413685665;47567573406;2026-07-25;2026-07-26;2026-07-26;EARLY;G1_PM1;EPA2;planned
413685665;47567573428;2026-07-25;2026-07-26;2026-07-26;EARLY;G1_PM1;EPA2;planned
413685665;47567586040;2026-07-25;2026-07-26;2026-07-26;EARLY;G1_PM1;EPA2;planned
413685665;47567586074;2026-07-25;2026-07-26;2026-07-26;EARLY;G1_PM1;EPA2;planned
413685665;47567586096;2026-07-25;2026-07-26;2026-07-26;EARLY;G1_PM1;EPA2;planned
413685665;47567598570;2026-07-25;2026-07-26;2026-07-26;EARLY;G1_PM1;EPA2;planned
413685665;47567599012;2026-07-25;2026-07-26;2026-07-26;EARLY;G1_PM1;EPA2;planned
413685665;47567599096;2026-07-25;2026-07-26;2026-07-26;EARLY;G1_PM1;EPA2;planned
413685665;47567658350;2026-07-25;2026-07-26;2026-07-26;EARLY;G1_PM1;EPA2;planned
413685665;47567659206;2026-07-25;2026-07-26;2026-07-26;EARLY;G1_PM1;EPA2;planned
413685665;47567659230;2026-07-25;2026-07-26;2026-07-26;EARLY;G1_PM1;EPA2;planned
413685665;47567669464;2026-07-26;2026-07-28;2026-07-28;EARLY;G1_PM1;EPA2;planned
413685665;47567677610;2026-07-25;2026-07-26;2026-07-26;EARLY;G1_PM1;EPA2;planned
413685665;47567677724;2026-07-25;2026-07-26;2026-07-26;EARLY;G1_PM1;EPA2;planned
413685665;47567677834;2026-07-25;2026-07-26;2026-07-26;EARLY;G1_PM1;EPA2;planned
413685665;47567689178;2026-07-25;2026-07-26;2026-07-26;EARLY;G1_PM1;EPA2;planned
413685665;47567689826;2026-07-25;2026-07-26;2026-07-26;EARLY;G1_PM1;EPA2;planned
413685665;47567724910;2026-07-25;2026-07-26;2026-07-26;EARLY;G1_PM1;EPA2;planned
413685665;47567725020;2026-07-25;2026-07-26;2026-07-26;EARLY;G1_PM1;EPA2;planned
413685665;47567725056;2026-07-25;2026-07-26;2026-07-26;EARLY;G1_PM1;EPA2;planned
413685665;47567988838;2026-07-25;2026-07-29;2026-07-29;EARLY;G1_PM1;EPA2;planned
413685665;47568121489;2026-07-26;2026-07-27;2026-07-27;EARLY;G1_PM1;EPA2;planned
413685665;47568468811;2026-07-24;2026-07-28;2026-07-28;EARLY;G1_PM1;EPA2;planned
413685665;47569684885;2026-07-25;2026-07-26;2026-07-26;EARLY;G1_PM1;EPA2;planned
413685665;47569685069;2026-07-25;2026-07-26;2026-07-26;EARLY;G1_PM1;EPA2;planned
413685665;47569935164;2026-07-25;2026-07-26;2026-07-26;EARLY;G1_PM1;EPA2;planned
413685665;47569935454;2026-07-25;2026-07-26;2026-07-26;EARLY;G1_PM1;EPA2;planned
413685665;47569935486;2026-07-25;2026-07-26;2026-07-26;EARLY;G1_PM1;EPA2;planned
413685665;47570173917;2026-07-25;2026-07-28;2026-07-28;EARLY;G1_PM1;EPA2;planned
413685665;47570274569;2026-07-25;2026-07-26;2026-07-26;EARLY;G1_PM1;EPA2;planned
413685665;47570486682;2026-07-25;2026-07-26;2026-07-26;EARLY;G1_PM1;EPA2;planned
413685665;47570486812;2026-07-25;2026-07-26;2026-07-26;EARLY;G1_PM1;EPA2;planned
413685665;47570525376;2026-07-25;2026-07-26;2026-07-26;EARLY;G1_PM1;EPA2;planned
413685665;47570525416;2026-07-25;2026-07-26;2026-07-26;EARLY;G1_PM1;EPA2;planned
413685665;47570525454;2026-07-25;2026-07-26;2026-07-26;EARLY;G1_PM1;EPA2;planned
413685665;47571184084;2026-07-25;;2026-07-25;EARLY;G1_PM1;EPA2;planned
413685665;47571467703;2026-07-25;2026-07-26;2026-07-26;EARLY;G1_PM1;EPA2;planned
413685665;47571467731;2026-07-25;2026-07-26;2026-07-26;EARLY;G1_PM1;EPA2;planned
413685665;47571717556;2026-07-25;2026-07-26;2026-07-26;EARLY;G1_PM1;EPA2;planned
413685665;47571717620;2026-07-25;2026-07-26;2026-07-26;EARLY;G1_PM1;EPA2;planned
413685665;47572844107;2026-07-24;2026-07-25;2026-07-25;EARLY;G1_PM1;EPA2;planned
413685665;47573459197;2026-07-24;2026-07-26;2026-07-26;EARLY;G1_PM1;EPA2;planned
413685665;47573510284;2026-07-25;2026-07-26;2026-07-26;EARLY;G1_PM1;EPA2;planned
413685665;47575715511;2026-07-24;2026-07-26;2026-07-26;EARLY;G1_PM1;EPA2;planned
413685665;47577121873;2026-07-26;2026-07-30;2026-07-30;EARLY;G1_PM1;EPA2;planned
413685665;47579710100;2026-07-25;;2026-07-25;EARLY;G1_PM1;EPA2;planned
413685665;47579722782;2026-07-24;2026-07-26;2026-07-26;EARLY;G1_PM1;EPA2;planned
413685665;47579823558;2026-07-25;;2026-07-25;EARLY;G1_PM1;EPA2;planned
413685665;47580760817;2026-07-25;;2026-07-25;EARLY;G1_PM1;EPA2;planned
413685665;47581012024;2026-07-25;;2026-07-25;EARLY;G1_PM1;EPA2;planned
413685665;47581012030;2026-07-25;;2026-07-25;EARLY;G1_PM1;EPA2;planned
413685665;47581012046;2026-07-25;;2026-07-25;EARLY;G1_PM1;EPA2;planned
413685665;47581182913;2026-07-25;;2026-07-25;EARLY;G1_PM1;EPA2;planned
413685665;47581748744;2026-07-25;;2026-07-25;EARLY;G1_PM1;EPA2;planned
413685665;47581840630;2026-07-25;;2026-07-25;EARLY;G1_PM1;EPA2;planned
413685665;47582130520;2026-07-25;;2026-07-25;EARLY;G1_PM1;EPA2;planned
413685665;47582358481;2026-07-25;;2026-07-25;EARLY;G1_PM1;EPA2;planned
413685665;47583929117;2026-07-25;;2026-07-25;EARLY;G1_PM1;EPA2;planned
413685763;47411888492;2026-07-22;2026-07-26;2026-07-26;EARLY;G6_PM1;EPA2;planned
413685763;47412321128;2026-07-23;2026-07-29;2026-07-29;EARLY;G6_PM1;EPA2;planned
413685763;47457063051;2026-07-23;2026-07-29;2026-07-29;EARLY;G6_PM1;EPA2;planned
413685763;47476628631;2026-07-23;2026-07-27;2026-07-27;EARLY;G6_PM1;EPA2;planned
413685763;47487293914;2026-07-22;2026-07-28;2026-07-28;EARLY;G6_PM1;EPA2;planned
413685763;47506205571;2026-07-22;2026-07-28;2026-07-28;EARLY;G6_PM1;EPA2;planned
413685763;47513991041;2026-07-17;2026-07-23;2026-07-23;VENCIDO;G6_PM1;EPA2;planned
413685763;47520158888;2026-07-23;2026-07-26;2026-07-26;EARLY;G6_PM1;EPA2;planned
413685763;47523281821;2026-07-21;2026-07-27;2026-07-27;EARLY;G6_PM1;EPA2;planned
413685763;47523657400;2026-07-21;2026-07-27;2026-07-27;EARLY;G6_PM1;EPA2;planned
413685763;47531871095;2026-07-23;2026-07-27;2026-07-27;EARLY;G6_PM1;EPA2;planned
413685763;47535143013;2026-07-22;2026-07-28;2026-07-28;EARLY;G6_PM1;EPA2;planned
413685763;47537048338;2026-07-20;2026-07-24;2026-07-24;ON TIME;G6_PM1;EPA2;planned
413685763;47537068334;2026-07-22;2026-07-27;2026-07-27;EARLY;G6_PM1;EPA2;planned
413685763;47537651603;2026-07-23;2026-07-27;2026-07-27;EARLY;G6_PM1;EPA2;planned
413685763;47537662857;2026-07-20;2026-07-26;2026-07-26;EARLY;G6_PM1;EPA2;planned
413685763;47537906878;2026-07-24;2026-07-28;2026-07-28;EARLY;G6_PM1;EPA2;planned
413685763;47537939491;2026-07-21;2026-07-27;2026-07-27;EARLY;G6_PM1;EPA2;planned
413685763;47538318115;2026-07-22;2026-07-28;2026-07-28;EARLY;G6_PM1;EPA2;planned
413685763;47538837670;2026-07-23;2026-07-27;2026-07-27;EARLY;G6_PM1;EPA2;planned
413685763;47539269540;2026-07-20;2026-07-25;2026-07-25;EARLY;G6_PM1;EPA2;planned
413685763;47539309162;2026-07-21;2026-07-27;2026-07-27;EARLY;G6_PM1;EPA2;planned
413685763;47540935166;2026-07-22;2026-07-27;2026-07-27;EARLY;G6_PM1;EPA2;planned
413685763;47541166003;2026-07-21;2026-07-27;2026-07-27;EARLY;G6_PM1;EPA2;planned
413685763;47541628791;2026-07-24;2026-07-28;2026-07-28;EARLY;G6_PM1;EPA2;planned
413685763;47541628883;2026-07-23;2026-07-27;2026-07-27;EARLY;G6_PM1;EPA2;planned
413685763;47543405191;2026-07-21;2026-07-27;2026-07-27;EARLY;G6_PM1;EPA2;planned
413685763;47543405521;2026-07-21;2026-07-27;2026-07-27;EARLY;G6_PM1;EPA2;planned
413685763;47543405837;2026-07-21;2026-07-27;2026-07-27;EARLY;G6_PM1;EPA2;planned
413685763;47543658856;2026-07-21;2026-07-27;2026-07-27;EARLY;G6_PM1;EPA2;planned
413685763;47543812320;2026-07-21;2026-07-27;2026-07-27;EARLY;G6_PM1;EPA2;planned
413685763;47543952858;2026-07-23;2026-07-27;2026-07-27;EARLY;G6_PM1;EPA2;planned
413685763;47544212879;2026-07-23;2026-07-26;2026-07-26;EARLY;G6_PM1;EPA2;planned
413685763;47544289199;2026-07-22;2026-07-25;2026-07-25;EARLY;G6_PM1;EPA2;planned
413685763;47545238040;2026-07-24;2026-07-26;2026-07-26;EARLY;G6_PM1;EPA2;planned
413685763;47545576973;2026-07-21;2026-07-26;2026-07-26;EARLY;G6_PM1;EPA2;planned
413685763;47546046081;2026-07-24;2026-07-26;2026-07-26;EARLY;G6_PM1;EPA2;planned
413685763;47546704945;2026-07-24;2026-07-26;2026-07-26;EARLY;G6_PM1;EPA2;planned
413685763;47547079535;2026-07-25;2026-07-29;2026-07-29;EARLY;G6_PM1;EPA2;planned
413685763;47547109002;2026-07-21;2026-07-27;2026-07-27;EARLY;G6_PM1;EPA2;planned
413685763;47547546995;2026-07-23;2026-07-27;2026-07-27;EARLY;G6_PM1;EPA2;planned
413685763;47548481055;2026-07-24;2026-07-26;2026-07-26;EARLY;G6_PM1;EPA2;planned
413685763;47549443875;2026-07-23;2026-07-24;2026-07-24;ON TIME;G6_PM1;EPA2;planned
413685763;47549871059;2026-07-26;2026-07-28;2026-07-28;EARLY;G6_PM1;EPA2;planned
413685763;47550917073;2026-07-24;2026-07-26;2026-07-26;EARLY;G6_PM1;EPA2;planned
413685763;47550992898;2026-07-23;2026-07-29;2026-07-29;EARLY;G6_PM1;EPA2;planned
413685763;47555719853;2026-07-22;2026-07-24;2026-07-24;ON TIME;G6_PM1;EPA2;planned
413685763;47555790910;2026-07-24;2026-07-26;2026-07-26;EARLY;G6_PM1;EPA2;planned
413685763;47557600693;2026-07-25;2026-07-26;2026-07-26;EARLY;G6_PM1;EPA2;planned
413685763;47557600717;2026-07-25;2026-07-26;2026-07-26;EARLY;G6_PM1;EPA2;planned
413685763;47558145819;2026-07-24;2026-07-26;2026-07-26;EARLY;G6_PM1;EPA2;planned
413685763;47558497964;2026-07-24;2026-07-25;2026-07-25;EARLY;G6_PM1;EPA2;planned
413685763;47559057969;2026-07-25;2026-07-27;2026-07-27;EARLY;G6_PM1;EPA2;planned
413685763;47559334848;2026-07-24;2026-07-26;2026-07-26;EARLY;G6_PM1;EPA2;planned
413685763;47559674298;2026-07-24;2026-07-26;2026-07-26;EARLY;G6_PM1;EPA2;planned
413685763;47559969119;2026-07-25;2026-07-26;2026-07-26;EARLY;G6_PM1;EPA2;planned
413685763;47560114476;2026-07-25;2026-07-26;2026-07-26;EARLY;G6_PM1;EPA2;planned
413685763;47560406952;2026-07-25;2026-07-26;2026-07-26;EARLY;G6_PM1;EPA2;planned
413685763;47560409754;2026-07-23;2026-07-29;2026-07-29;EARLY;G6_PM1;EPA2;planned
413685763;47561514230;2026-07-24;2026-07-26;2026-07-26;EARLY;G6_PM1;EPA2;planned
413685763;47561864169;2026-07-23;2026-07-29;2026-07-29;EARLY;G6_PM1;EPA2;planned
413685763;47562237054;2026-07-25;2026-07-26;2026-07-26;EARLY;G6_PM1;EPA2;planned
413685763;47562619823;2026-07-24;2026-07-25;2026-07-25;EARLY;G6_PM1;EPA2;planned
413685763;47563071992;2026-07-23;2026-07-29;2026-07-29;EARLY;G6_PM1;EPA2;planned
413685763;47563893963;2026-07-24;2026-07-26;2026-07-26;EARLY;G6_PM1;EPA2;planned
413685763;47563922222;2026-07-24;2026-07-26;2026-07-26;EARLY;G6_PM1;EPA2;planned
413685763;47564225239;2026-07-23;2026-07-25;2026-07-25;EARLY;G6_PM1;EPA2;planned
413685763;47564784371;2026-07-24;2026-07-25;2026-07-25;EARLY;G6_PM1;EPA2;planned
413685763;47565066911;2026-07-24;2026-07-26;2026-07-26;EARLY;G6_PM1;EPA2;planned
413685763;47565849458;2026-07-24;2026-07-26;2026-07-26;EARLY;G6_PM1;EPA2;planned
413685763;47568601675;2026-07-25;2026-07-26;2026-07-26;EARLY;G6_PM1;EPA2;planned
413685763;47568601709;2026-07-25;2026-07-26;2026-07-26;EARLY;G6_PM1;EPA2;planned
413685763;47568601835;2026-07-25;2026-07-26;2026-07-26;EARLY;G6_PM1;EPA2;planned
413685763;47568601961;2026-07-25;2026-07-26;2026-07-26;EARLY;G6_PM1;EPA2;planned
413685763;47568602371;2026-07-25;2026-07-26;2026-07-26;EARLY;G6_PM1;EPA2;planned
413685763;47568852738;2026-07-25;2026-07-26;2026-07-26;EARLY;G6_PM1;EPA2;planned
413685763;47569175235;2026-07-25;2026-07-26;2026-07-26;EARLY;G6_PM1;EPA2;planned
413685763;47570641059;2026-07-24;2026-07-30;2026-07-30;EARLY;G6_PM1;EPA2;planned
413685763;47570952075;2026-07-24;2026-07-25;2026-07-25;EARLY;G6_PM1;EPA2;planned
413685763;47571316913;2026-07-24;2026-07-30;2026-07-30;EARLY;G6_PM1;EPA2;planned
413685763;47572092525;2026-07-24;2026-07-30;2026-07-30;EARLY;G6_PM1;EPA2;planned
413685763;47572132049;2026-07-25;;2026-07-25;EARLY;G6_PM1;EPA2;planned
413685763;47572381782;2026-07-25;;2026-07-25;EARLY;G6_PM1;EPA2;planned
413685763;47572381792;2026-07-25;;2026-07-25;EARLY;G6_PM1;EPA2;planned
413685763;47574051646;2026-07-24;2026-07-26;2026-07-26;EARLY;G6_PM1;EPA2;planned
413685763;47575896915;2026-07-24;2026-07-30;2026-07-30;EARLY;G6_PM1;EPA2;planned
413685763;47576333185;2026-07-24;2026-07-26;2026-07-26;EARLY;G6_PM1;EPA2;planned
413685763;47576336143;2026-07-26;2026-07-30;2026-07-30;EARLY;G6_PM1;EPA2;planned
413685763;47577018621;2026-07-24;2026-07-26;2026-07-26;EARLY;G6_PM1;EPA2;planned
413685763;47577268284;2026-07-24;2026-07-26;2026-07-26;EARLY;G6_PM1;EPA2;planned
413685763;47577741570;2026-07-24;2026-07-30;2026-07-30;EARLY;G6_PM1;EPA2;planned
413685763;47577989147;2026-07-24;2026-07-30;2026-07-30;EARLY;G6_PM1;EPA2;planned
413685763;47578090793;2026-07-24;2026-07-26;2026-07-26;EARLY;G6_PM1;EPA2;planned
413685763;47578318744;2026-07-24;2026-07-26;2026-07-26;EARLY;G6_PM1;EPA2;planned
413685763;47578320737;2026-07-24;2026-07-26;2026-07-26;EARLY;G6_PM1;EPA2;planned
413685763;47578348254;2026-07-24;2026-07-26;2026-07-26;EARLY;G6_PM1;EPA2;planned
413685763;47578350939;2026-07-25;;2026-07-25;EARLY;G6_PM1;EPA2;planned
413685763;47578539500;2026-07-26;2026-07-30;2026-07-30;EARLY;G6_PM1;EPA2;planned
413685763;47578596976;2026-07-24;2026-07-26;2026-07-26;EARLY;G6_PM1;EPA2;planned
413685763;47578659740;2026-07-24;2026-07-26;2026-07-26;EARLY;G6_PM1;EPA2;planned
413685763;47581240340;2026-07-25;;2026-07-25;EARLY;G6_PM1;EPA2;planned
413685763;47581407605;2026-07-25;;2026-07-25;EARLY;G6_PM1;EPA2;planned
413685763;47583353735;2026-07-25;;2026-07-25;EARLY;G6_PM1;EPA2;planned
413685763;47584382649;2026-07-25;;2026-07-25;EARLY;G6_PM1;EPA2;planned
413685763;47585174203;2026-07-25;2026-07-26;2026-07-26;EARLY;G6_PM1;EPA2;planned
413685763;47585424562;2026-07-25;;2026-07-25;EARLY;G6_PM1;EPA2;planned
413685763;47586022831;2026-07-25;;2026-07-25;EARLY;G6_PM1;EPA2;planned
413685763;47586934473;2026-07-25;;2026-07-25;EARLY;G6_PM1;EPA2;planned
413685819;47393032549;2026-07-24;2026-07-26;2026-07-26;EARLY;G12_PM1;EPA2;planned
413685819;47395014255;2026-07-24;2026-07-26;2026-07-26;EARLY;G12_PM1;EPA2;planned
413685819;47407716808;2026-07-24;2026-07-26;2026-07-26;EARLY;G12_PM1;EPA2;planned
413685819;47422163888;2026-07-04;2026-07-08;2026-07-08;VENCIDO;G12_PM1;EPA2;planned
413685819;47489726509;2026-07-24;2026-07-26;2026-07-26;EARLY;G12_PM1;EPA2;planned
413685819;47495211225;2026-07-17;2026-07-18;2026-07-18;VENCIDO;G12_PM1;EPA2;planned
413685819;47511385578;2026-07-20;2026-07-22;2026-07-22;VENCIDO;G12_PM1;EPA2;planned
413685819;47514173640;2026-07-21;2026-07-23;2026-07-23;VENCIDO;G12_PM1;EPA2;planned
413685819;47514707333;2026-07-23;2026-07-27;2026-07-27;EARLY;G12_PM1;EPA2;planned
413685819;47516729115;2026-07-23;2026-07-27;2026-07-27;EARLY;G12_PM1;EPA2;planned
413685819;47519070232;2026-07-21;2026-07-27;2026-07-27;EARLY;G12_PM1;EPA2;planned
413685819;47520641456;2026-07-25;2026-07-29;2026-07-29;EARLY;G12_PM1;EPA2;planned
413685819;47530596568;2026-07-24;2026-07-25;2026-07-25;EARLY;G12_PM1;EPA2;planned
413685819;47533669462;2026-07-20;2026-07-24;2026-07-24;ON TIME;G12_PM1;EPA2;planned
413685819;47535348000;2026-07-21;2026-07-27;2026-07-27;EARLY;G12_PM1;EPA2;planned
413685819;47537378793;2026-07-22;2026-07-27;2026-07-27;EARLY;G12_PM1;EPA2;planned
413685819;47539812616;2026-07-24;2026-07-26;2026-07-26;EARLY;G12_PM1;EPA2;planned
413685819;47541444432;2026-07-25;2026-07-27;2026-07-27;EARLY;G12_PM1;EPA2;planned
413685819;47542670055;2026-07-23;2026-07-27;2026-07-27;EARLY;G12_PM1;EPA2;planned
413685819;47543220656;2026-07-21;2026-07-27;2026-07-27;EARLY;G12_PM1;EPA2;planned
413685819;47544029009;2026-07-21;2026-07-27;2026-07-27;EARLY;G12_PM1;EPA2;planned
413685819;47544864792;2026-07-24;2026-07-26;2026-07-26;EARLY;G12_PM1;EPA2;planned
413685819;47545791570;2026-07-24;2026-07-26;2026-07-26;EARLY;G12_PM1;EPA2;planned
413685819;47545973279;2026-07-22;2026-07-28;2026-07-28;EARLY;G12_PM1;EPA2;planned
413685819;47546371277;2026-07-24;2026-07-26;2026-07-26;EARLY;G12_PM1;EPA2;planned
413685819;47546440592;2026-07-27;2026-07-29;2026-07-29;EARLY;G12_PM1;EPA2;planned
413685819;47547192560;2026-07-24;2026-07-26;2026-07-26;EARLY;G12_PM1;EPA2;planned
413685819;47547325910;2026-07-24;2026-07-26;2026-07-26;EARLY;G12_PM1;EPA2;planned
413685819;47547897916;2026-07-24;2026-07-26;2026-07-26;EARLY;G12_PM1;EPA2;planned
413685819;47548981621;2026-07-25;2026-07-27;2026-07-27;EARLY;G12_PM1;EPA2;planned
413685819;47549435296;2026-07-22;2026-07-27;2026-07-27;EARLY;G12_PM1;EPA2;planned
413685819;47549613203;2026-07-24;2026-07-26;2026-07-26;EARLY;G12_PM1;EPA2;planned
413685819;47550215023;2026-07-24;2026-07-26;2026-07-26;EARLY;G12_PM1;EPA2;planned
413685819;47550358171;2026-07-24;2026-07-26;2026-07-26;EARLY;G12_PM1;EPA2;planned
413685819;47550488583;2026-07-24;2026-07-26;2026-07-26;EARLY;G12_PM1;EPA2;planned
413685819;47550648193;2026-07-22;2026-07-28;2026-07-28;EARLY;G12_PM1;EPA2;planned
413685819;47553154606;2026-07-22;2026-07-28;2026-07-28;EARLY;G12_PM1;EPA2;planned
413685819;47553222194;2026-07-24;2026-07-26;2026-07-26;EARLY;G12_PM1;EPA2;planned
413685819;47553389574;2026-07-23;2026-07-29;2026-07-29;EARLY;G12_PM1;EPA2;planned
413685819;47553562204;2026-07-24;2026-07-26;2026-07-26;EARLY;G12_PM1;EPA2;planned
413685819;47555799735;2026-07-25;2026-07-27;2026-07-27;EARLY;G12_PM1;EPA2;planned
413685819;47555804860;2026-07-24;2026-07-25;2026-07-25;EARLY;G12_PM1;EPA2;planned
413685819;47556705185;2026-07-24;2026-07-28;2026-07-28;EARLY;G12_PM1;EPA2;planned
413685819;47556811565;2026-07-23;2026-07-26;2026-07-26;EARLY;G12_PM1;EPA2;planned
413685819;47557516814;2026-07-23;2026-07-26;2026-07-26;EARLY;G12_PM1;EPA2;planned
413685819;47558316751;2026-07-25;2026-07-26;2026-07-26;EARLY;G12_PM1;EPA2;planned
413685819;47559207554;2026-07-24;2026-07-26;2026-07-26;EARLY;G12_PM1;EPA2;planned
413685819;47559629359;2026-07-25;2026-07-26;2026-07-26;EARLY;G12_PM1;EPA2;planned
413685819;47559803696;2026-07-24;2026-07-26;2026-07-26;EARLY;G12_PM1;EPA2;planned
413685819;47559889548;2026-07-25;2026-07-26;2026-07-26;EARLY;G12_PM1;EPA2;planned
413685819;47559907566;2026-07-24;2026-07-26;2026-07-26;EARLY;G12_PM1;EPA2;planned
413685819;47560177107;2026-07-25;2026-07-26;2026-07-26;EARLY;G12_PM1;EPA2;planned
413685819;47562067826;2026-07-25;2026-07-26;2026-07-26;EARLY;G12_PM1;EPA2;planned
413685819;47563002167;2026-07-25;2026-07-26;2026-07-26;EARLY;G12_PM1;EPA2;planned
413685819;47563112953;2026-07-25;2026-07-26;2026-07-26;EARLY;G12_PM1;EPA2;planned
413685819;47563611363;2026-07-24;2026-07-25;2026-07-25;EARLY;G12_PM1;EPA2;planned
413685819;47563724957;2026-07-25;2026-07-26;2026-07-26;EARLY;G12_PM1;EPA2;planned
413685819;47564114930;2026-07-24;2026-07-25;2026-07-25;EARLY;G12_PM1;EPA2;planned
413685819;47566153474;2026-07-24;2026-07-25;2026-07-25;EARLY;G12_PM1;EPA2;planned
413685819;47567282839;2026-07-25;2026-07-26;2026-07-26;EARLY;G12_PM1;EPA2;planned
413685819;47570109533;2026-07-25;;2026-07-25;EARLY;G12_PM1;EPA2;planned
413685819;47570359744;2026-07-25;2026-07-26;2026-07-26;EARLY;G12_PM1;EPA2;planned
413685819;47572180083;2026-07-24;2026-07-25;2026-07-25;EARLY;G12_PM1;EPA2;planned
413685819;47572263954;2026-07-25;2026-07-26;2026-07-26;EARLY;G12_PM1;EPA2;planned
413685819;47573054809;2026-07-23;2026-07-25;2026-07-25;EARLY;G12_PM1;EPA2;planned
413685819;47573820858;2026-07-24;2026-07-26;2026-07-26;EARLY;G12_PM1;EPA2;planned
413685819;47576480028;2026-07-25;2026-07-26;2026-07-26;EARLY;G12_PM1;EPA2;planned
413685819;47579119453;2026-07-25;2026-07-26;2026-07-26;EARLY;G12_PM1;EPA2;planned
413685819;47580650429;2026-07-26;2026-07-28;2026-07-28;EARLY;G12_PM1;EPA2;planned
413685819;47582456858;2026-07-25;;2026-07-25;EARLY;G12_PM1;EPA2;planned
413685819;47583878331;2026-07-25;2026-07-26;2026-07-26;EARLY;G12_PM1;EPA2;planned
413685819;47586672092;2026-07-25;;2026-07-25;EARLY;G12_PM1;EPA2;planned
413685966;47435506700;2026-07-22;2026-07-26;2026-07-26;EARLY;G8_PM1;EPA2;planned
413685966;47455449622;2026-07-23;2026-07-27;2026-07-27;EARLY;G8_PM1;EPA2;planned
413685966;47464261412;2026-07-18;2026-07-24;2026-07-24;ON TIME;G8_PM1;EPA2;planned
413685966;47481141555;2026-07-15;2026-07-21;2026-07-21;VENCIDO;G8_PM1;EPA2;planned
413685966;47486726467;2026-07-26;2026-07-31;2026-07-31;EARLY;G8_PM1;EPA2;planned
413685966;47501278205;2026-07-22;2026-07-28;2026-07-28;EARLY;G8_PM1;EPA2;planned
413685966;47502320886;2026-07-23;2026-07-29;2026-07-29;EARLY;G8_PM1;EPA2;planned
413685966;47502927037;2026-07-16;2026-07-21;2026-07-21;VENCIDO;G8_PM1;EPA2;planned
413685966;47506769090;2026-07-23;2026-07-27;2026-07-27;EARLY;G8_PM1;EPA2;planned
413685966;47509561539;2026-07-19;2026-07-23;2026-07-23;VENCIDO;G8_PM1;EPA2;planned
413685966;47512151382;2026-07-21;2026-07-27;2026-07-27;EARLY;G8_PM1;EPA2;planned
413685966;47513624014;2026-07-18;2026-07-24;2026-07-24;ON TIME;G8_PM1;EPA2;planned
413685966;47514741415;2026-07-22;2026-07-27;2026-07-27;EARLY;G8_PM1;EPA2;planned
413685966;47523192034;2026-07-21;2026-07-25;2026-07-25;EARLY;G8_PM1;EPA2;planned
413685966;47524766822;2026-07-21;2026-07-27;2026-07-27;EARLY;G8_PM1;EPA2;planned
413685966;47530169462;2026-07-20;2026-07-26;2026-07-26;EARLY;G8_PM1;EPA2;planned
413685966;47531035204;2026-07-23;2026-07-27;2026-07-27;EARLY;G8_PM1;EPA2;planned
413685966;47532652432;2026-07-19;2026-07-25;2026-07-25;EARLY;G8_PM1;EPA2;planned
413685966;47534408611;2026-07-23;2026-07-24;2026-07-24;ON TIME;G8_PM1;EPA2;planned
413685966;47534900388;2026-07-21;2026-07-27;2026-07-27;EARLY;G8_PM1;EPA2;planned
413685966;47535448984;2026-07-23;2026-07-27;2026-07-27;EARLY;G8_PM1;EPA2;planned
413685966;47535597289;2026-07-21;2026-07-27;2026-07-27;EARLY;G8_PM1;EPA2;planned
413685966;47536872368;2026-07-21;2026-07-27;2026-07-27;EARLY;G8_PM1;EPA2;planned
413685966;47537002811;2026-07-21;2026-07-27;2026-07-27;EARLY;G8_PM1;EPA2;planned
413685966;47537168422;2026-07-21;2026-07-27;2026-07-27;EARLY;G8_PM1;EPA2;planned
413685966;47537258588;2026-07-21;2026-07-27;2026-07-27;EARLY;G8_PM1;EPA2;planned
413685966;47537615033;2026-07-26;2026-08-01;2026-08-01;EARLY;G8_PM1;EPA2;planned
413685966;47538061044;2026-07-23;2026-07-27;2026-07-27;EARLY;G8_PM1;EPA2;planned
413685966;47538256500;2026-07-23;2026-07-28;2026-07-28;EARLY;G8_PM1;EPA2;planned
413685966;47538688219;2026-07-22;2026-07-27;2026-07-27;EARLY;G8_PM1;EPA2;planned
413685966;47540314336;2026-07-21;2026-07-27;2026-07-27;EARLY;G8_PM1;EPA2;planned
413685966;47541173315;2026-07-21;2026-07-27;2026-07-27;EARLY;G8_PM1;EPA2;planned
413685966;47543209010;2026-07-21;2026-07-27;2026-07-27;EARLY;G8_PM1;EPA2;planned
413685966;47543478265;2026-07-21;2026-07-27;2026-07-27;EARLY;G8_PM1;EPA2;planned
413685966;47543782281;2026-07-23;2026-07-26;2026-07-26;EARLY;G8_PM1;EPA2;planned
413685966;47543841935;2026-07-23;2026-07-26;2026-07-26;EARLY;G8_PM1;EPA2;planned
413685966;47544360473;2026-07-23;2026-07-26;2026-07-26;EARLY;G8_PM1;EPA2;planned
413685966;47544604251;2026-07-24;2026-07-26;2026-07-26;EARLY;G8_PM1;EPA2;planned
413685966;47545011360;2026-07-24;2026-07-26;2026-07-26;EARLY;G8_PM1;EPA2;planned
413685966;47545014473;2026-07-24;2026-07-28;2026-07-28;EARLY;G8_PM1;EPA2;planned
413685966;47545145303;2026-07-24;2026-07-26;2026-07-26;EARLY;G8_PM1;EPA2;planned
413685966;47545457574;2026-07-22;2026-07-28;2026-07-28;EARLY;G8_PM1;EPA2;planned
413685966;47545483969;2026-07-24;2026-07-26;2026-07-26;EARLY;G8_PM1;EPA2;planned
413685966;47546299568;2026-07-24;2026-07-26;2026-07-26;EARLY;G8_PM1;EPA2;planned
413685966;47546824058;2026-07-24;2026-07-26;2026-07-26;EARLY;G8_PM1;EPA2;planned
413685966;47547402751;2026-07-22;2026-07-24;2026-07-24;ON TIME;G8_PM1;EPA2;planned
413685966;47547565881;2026-07-22;2026-07-26;2026-07-26;EARLY;G8_PM1;EPA2;planned
413685966;47547672502;2026-07-24;2026-07-26;2026-07-26;EARLY;G8_PM1;EPA2;planned
413685966;47547804091;2026-07-22;2026-07-28;2026-07-28;EARLY;G8_PM1;EPA2;planned
413685966;47547944188;2026-07-24;2026-07-26;2026-07-26;EARLY;G8_PM1;EPA2;planned
413685966;47548622799;2026-07-23;2026-07-29;2026-07-29;EARLY;G8_PM1;EPA2;planned
413685966;47549670759;2026-07-24;2026-07-26;2026-07-26;EARLY;G8_PM1;EPA2;planned
413685966;47550000637;2026-07-22;2026-07-28;2026-07-28;EARLY;G8_PM1;EPA2;planned
413685966;47550132705;2026-07-22;2026-07-28;2026-07-28;EARLY;G8_PM1;EPA2;planned
413685966;47550967123;2026-07-22;2026-07-28;2026-07-28;EARLY;G8_PM1;EPA2;planned
413685966;47553599202;2026-07-24;2026-07-26;2026-07-26;EARLY;G8_PM1;EPA2;planned
413685966;47553635658;2026-07-22;2026-07-28;2026-07-28;EARLY;G8_PM1;EPA2;planned
413685966;47554178581;2026-07-24;2026-07-26;2026-07-26;EARLY;G8_PM1;EPA2;planned
413685966;47554261054;2026-07-24;2026-07-26;2026-07-26;EARLY;G8_PM1;EPA2;planned
413685966;47554279158;2026-07-23;2026-07-29;2026-07-29;EARLY;G8_PM1;EPA2;planned
413685966;47555727901;2026-07-24;2026-07-26;2026-07-26;EARLY;G8_PM1;EPA2;planned
413685966;47555901240;2026-07-24;2026-07-26;2026-07-26;EARLY;G8_PM1;EPA2;planned
413685966;47555923304;2026-07-23;2026-07-27;2026-07-27;EARLY;G8_PM1;EPA2;planned
413685966;47556318531;2026-07-24;2026-07-28;2026-07-28;EARLY;G8_PM1;EPA2;planned
413685966;47557672252;2026-07-24;2026-07-26;2026-07-26;EARLY;G8_PM1;EPA2;planned
413685966;47558551987;2026-07-24;2026-07-26;2026-07-26;EARLY;G8_PM1;EPA2;planned
413685966;47560562437;2026-07-24;2026-07-26;2026-07-26;EARLY;G8_PM1;EPA2;planned
413685966;47560924619;2026-07-23;2026-07-29;2026-07-29;EARLY;G8_PM1;EPA2;planned
413685966;47561303185;2026-07-24;2026-07-26;2026-07-26;EARLY;G8_PM1;EPA2;planned
413685966;47561760865;2026-07-25;2026-07-26;2026-07-26;EARLY;G8_PM1;EPA2;planned
413685966;47563509252;2026-07-24;2026-07-26;2026-07-26;EARLY;G8_PM1;EPA2;planned
413685966;47564588507;2026-07-24;2026-07-25;2026-07-25;EARLY;G8_PM1;EPA2;planned
413685966;47564667324;2026-07-25;2026-07-26;2026-07-26;EARLY;G8_PM1;EPA2;planned
413685966;47565300314;2026-07-25;2026-07-27;2026-07-27;EARLY;G8_PM1;EPA2;planned
413685966;47566794790;2026-07-25;2026-07-26;2026-07-26;EARLY;G8_PM1;EPA2;planned
413685966;47567319911;2026-07-25;2026-07-26;2026-07-26;EARLY;G8_PM1;EPA2;planned
413685966;47568816563;2026-07-25;2026-07-26;2026-07-26;EARLY;G8_PM1;EPA2;planned
413685966;47570011996;2026-07-23;2026-07-24;2026-07-24;ON TIME;G8_PM1;EPA2;planned
413685966;47572217709;2026-07-27;2026-08-01;2026-08-01;EARLY;G8_PM1;EPA2;planned
413685966;47574249717;2026-07-24;2026-07-26;2026-07-26;EARLY;G8_PM1;EPA2;planned
413685966;47575099568;2026-07-25;;2026-07-25;EARLY;G8_PM1;EPA2;planned
413685966;47575450658;2026-07-24;2026-07-28;2026-07-28;EARLY;G8_PM1;EPA2;planned
413685966;47576532785;2026-07-24;2026-07-26;2026-07-26;EARLY;G8_PM1;EPA2;planned
413685966;47576878752;2026-07-24;2026-07-30;2026-07-30;EARLY;G8_PM1;EPA2;planned
413685966;47577523609;2026-07-25;;2026-07-25;EARLY;G8_PM1;EPA2;planned
413685966;47577549619;2026-07-24;2026-07-26;2026-07-26;EARLY;G8_PM1;EPA2;planned
413685966;47578094926;2026-07-25;2026-07-26;2026-07-26;EARLY;G8_PM1;EPA2;planned
413685966;47578254694;2026-07-24;2026-07-26;2026-07-26;EARLY;G8_PM1;EPA2;planned
413685966;47578428004;2026-07-24;2026-07-26;2026-07-26;EARLY;G8_PM1;EPA2;planned
413685966;47578525100;2026-07-26;2026-07-30;2026-07-30;EARLY;G8_PM1;EPA2;planned
413685966;47579164911;2026-07-25;2026-07-26;2026-07-26;EARLY;G8_PM1;EPA2;planned
413685966;47579210081;2026-07-24;2026-07-26;2026-07-26;EARLY;G8_PM1;EPA2;planned
413685966;47581375801;2026-07-25;;2026-07-25;EARLY;G8_PM1;EPA2;planned
413685966;47581399354;2026-07-25;;2026-07-25;EARLY;G8_PM1;EPA2;planned
413685966;47581636483;2026-07-25;2026-07-26;2026-07-26;EARLY;G8_PM1;EPA2;planned
413685966;47581798973;2026-07-25;;2026-07-25;EARLY;G8_PM1;EPA2;planned
413685966;47582677127;2026-07-25;;2026-07-25;EARLY;G8_PM1;EPA2;planned
413685966;47583796872;2026-07-25;;2026-07-25;EARLY;G8_PM1;EPA2;planned
413685966;47584177071;2026-07-25;;2026-07-25;EARLY;G8_PM1;EPA2;planned
413685966;47586656087;2026-07-25;;2026-07-25;EARLY;G8_PM1;EPA2;planned
413686064;47471104120;2026-07-22;2026-07-26;2026-07-26;EARLY;G11_PM1;EPA2;planned
413686064;47506492438;2026-07-20;2026-07-22;2026-07-22;VENCIDO;G11_PM1;EPA2;planned
413686064;47512895188;2026-07-22;2026-07-28;2026-07-28;EARLY;G11_PM1;EPA2;planned
413686064;47517629651;2026-07-17;;2026-07-17;VENCIDO;G11_PM1;EPA2;planned
413686064;47518624206;2026-07-20;2026-07-22;2026-07-22;VENCIDO;G11_PM1;EPA2;planned
413686064;47528233869;2026-07-22;2026-07-28;2026-07-28;EARLY;G11_PM1;EPA2;planned
413686064;47529424214;2026-07-22;2026-07-26;2026-07-26;EARLY;G11_PM1;EPA2;planned
413686064;47531640539;2026-07-20;2026-07-26;2026-07-26;EARLY;G11_PM1;EPA2;planned
413686064;47532156910;2026-07-21;2026-07-27;2026-07-27;EARLY;G11_PM1;EPA2;planned
413686064;47532663640;2026-07-20;2026-07-24;2026-07-24;ON TIME;G11_PM1;EPA2;planned
413686064;47534057532;2026-07-22;2026-07-27;2026-07-27;EARLY;G11_PM1;EPA2;planned
413686064;47534533955;2026-07-21;2026-07-25;2026-07-25;EARLY;G11_PM1;EPA2;planned
413686064;47535396260;2026-07-21;2026-07-27;2026-07-27;EARLY;G11_PM1;EPA2;planned
413686064;47537219583;2026-07-18;2026-07-24;2026-07-24;ON TIME;G11_PM1;EPA2;planned
413686064;47537518755;2026-07-22;2026-07-27;2026-07-27;EARLY;G11_PM1;EPA2;planned
413686064;47538009047;2026-07-21;2026-07-27;2026-07-27;EARLY;G11_PM1;EPA2;planned
413686064;47539756300;2026-07-21;2026-07-27;2026-07-27;EARLY;G11_PM1;EPA2;planned
413686064;47540645064;2026-07-26;2026-07-30;2026-07-30;EARLY;G11_PM1;EPA2;planned
413686064;47542849917;2026-07-22;2026-07-28;2026-07-28;EARLY;G11_PM1;EPA2;planned
413686064;47542850431;2026-07-21;2026-07-27;2026-07-27;EARLY;G11_PM1;EPA2;planned
413686064;47544158814;2026-07-22;2026-07-26;2026-07-26;EARLY;G11_PM1;EPA2;planned
413686064;47544985273;2026-07-21;2026-07-25;2026-07-25;EARLY;G11_PM1;EPA2;planned
413686064;47545984440;2026-07-21;2026-07-27;2026-07-27;EARLY;G11_PM1;EPA2;planned
413686064;47546479987;2026-07-22;2026-07-28;2026-07-28;EARLY;G11_PM1;EPA2;planned
413686064;47546685088;2026-07-24;2026-07-26;2026-07-26;EARLY;G11_PM1;EPA2;planned
413686064;47546869428;2026-07-24;2026-07-26;2026-07-26;EARLY;G11_PM1;EPA2;planned
413686064;47547221305;2026-07-22;2026-07-28;2026-07-28;EARLY;G11_PM1;EPA2;planned
413686064;47547492043;2026-07-24;2026-07-26;2026-07-26;EARLY;G11_PM1;EPA2;planned
413686064;47547520916;2026-07-22;2026-07-27;2026-07-27;EARLY;G11_PM1;EPA2;planned
413686064;47547809209;2026-07-22;2026-07-28;2026-07-28;EARLY;G11_PM1;EPA2;planned
413686064;47548226609;2026-07-22;2026-07-27;2026-07-27;EARLY;G11_PM1;EPA2;planned
413686064;47549696349;2026-07-22;2026-07-28;2026-07-28;EARLY;G11_PM1;EPA2;planned
413686064;47550181676;2026-07-23;2026-07-25;2026-07-25;EARLY;G11_PM1;EPA2;planned
413686064;47550354679;2026-07-23;2026-07-27;2026-07-27;EARLY;G11_PM1;EPA2;planned
413686064;47550942589;2026-07-24;2026-07-26;2026-07-26;EARLY;G11_PM1;EPA2;planned
413686064;47552036251;2026-07-22;2026-07-28;2026-07-28;EARLY;G11_PM1;EPA2;planned
413686064;47552059973;2026-07-24;2026-07-26;2026-07-26;EARLY;G11_PM1;EPA2;planned
413686064;47552465940;2026-07-23;2026-07-28;2026-07-28;EARLY;G11_PM1;EPA2;planned
413686064;47552527804;2026-07-25;2026-07-27;2026-07-27;EARLY;G11_PM1;EPA2;planned
413686064;47553026581;2026-07-23;2026-07-28;2026-07-28;EARLY;G11_PM1;EPA2;planned
413686064;47553157986;2026-07-24;2026-07-26;2026-07-26;EARLY;G11_PM1;EPA2;planned
413686064;47553280004;2026-07-27;2026-07-29;2026-07-29;EARLY;G11_PM1;EPA2;planned
413686064;47554623364;2026-07-27;2026-07-29;2026-07-29;EARLY;G11_PM1;EPA2;planned
413686064;47554940744;2026-07-25;2026-07-27;2026-07-27;EARLY;G11_PM1;EPA2;planned
413686064;47556828791;2026-07-25;2026-07-27;2026-07-27;EARLY;G11_PM1;EPA2;planned
413686064;47557016302;2026-07-25;2026-07-27;2026-07-27;EARLY;G11_PM1;EPA2;planned
413686064;47557208999;2026-07-26;2026-07-28;2026-07-28;EARLY;G11_PM1;EPA2;planned
413686064;47558045292;2026-07-22;2026-07-28;2026-07-28;EARLY;G11_PM1;EPA2;planned
413686064;47561961638;2026-07-24;2026-07-26;2026-07-26;EARLY;G11_PM1;EPA2;planned
413686064;47564094803;2026-07-24;2026-07-30;2026-07-30;EARLY;G11_PM1;EPA2;planned
413686064;47565770110;2026-07-25;2026-07-26;2026-07-26;EARLY;G11_PM1;EPA2;planned
413686064;47565770242;2026-07-25;2026-07-26;2026-07-26;EARLY;G11_PM1;EPA2;planned
413686064;47565770372;2026-07-25;2026-07-26;2026-07-26;EARLY;G11_PM1;EPA2;planned
413686064;47565770540;2026-07-25;2026-07-26;2026-07-26;EARLY;G11_PM1;EPA2;planned
413686064;47566597278;2026-07-25;2026-07-26;2026-07-26;EARLY;G11_PM1;EPA2;planned
413686064;47566794094;2026-07-25;;2026-07-25;EARLY;G11_PM1;EPA2;planned
413686064;47569033311;2026-07-25;2026-07-26;2026-07-26;EARLY;G11_PM1;EPA2;planned
413686064;47572307034;2026-07-24;2026-07-26;2026-07-26;EARLY;G11_PM1;EPA2;planned
413686064;47572732180;2026-07-24;2026-07-26;2026-07-26;EARLY;G11_PM1;EPA2;planned
413686064;47573517404;2026-07-25;2026-07-26;2026-07-26;EARLY;G11_PM1;EPA2;planned
413686064;47575080629;2026-07-25;2026-07-26;2026-07-26;EARLY;G11_PM1;EPA2;planned
413686064;47575092111;2026-07-24;2026-07-28;2026-07-28;EARLY;G11_PM1;EPA2;planned
413686064;47575323284;2026-07-24;2026-07-26;2026-07-26;EARLY;G11_PM1;EPA2;planned
413686064;47575929670;2026-07-24;2026-07-26;2026-07-26;EARLY;G11_PM1;EPA2;planned
413686064;47576409307;2026-07-24;;2026-07-24;ON TIME;G11_PM1;EPA2;planned
413686064;47576560581;2026-07-24;2026-07-26;2026-07-26;EARLY;G11_PM1;EPA2;planned
413686064;47576655577;2026-07-24;2026-07-26;2026-07-26;EARLY;G11_PM1;EPA2;planned
413686064;47576689439;2026-07-25;2026-07-27;2026-07-27;EARLY;G11_PM1;EPA2;planned
413686064;47577282178;2026-07-24;2026-07-26;2026-07-26;EARLY;G11_PM1;EPA2;planned
413686064;47578387837;2026-07-26;2026-07-30;2026-07-30;EARLY;G11_PM1;EPA2;planned
413686064;47580836149;2026-07-25;2026-07-26;2026-07-26;EARLY;G11_PM1;EPA2;planned
413686064;47581953846;2026-07-25;2026-07-26;2026-07-26;EARLY;G11_PM1;EPA2;planned
413686064;47582384169;2026-07-25;;2026-07-25;EARLY;G11_PM1;EPA2;planned
413686064;47583062433;2026-07-25;2026-07-27;2026-07-27;EARLY;G11_PM1;EPA2;planned
413686064;47584100565;2026-07-25;;2026-07-25;EARLY;G11_PM1;EPA2;planned
413686064;47584367999;2026-07-25;;2026-07-25;EARLY;G11_PM1;EPA2;planned
413686239;47478656630;2026-07-23;2026-07-27;2026-07-27;EARLY;G4_PM1;EPA2;planned
413686239;47484185680;2026-07-15;2026-07-21;2026-07-21;VENCIDO;G4_PM1;EPA2;planned
413686239;47489054507;2026-07-15;2026-07-17;2026-07-17;VENCIDO;G4_PM1;EPA2;planned
413686239;47527400447;2026-07-21;2026-07-26;2026-07-26;EARLY;G4_PM1;EPA2;planned
413686239;47531271749;2026-07-21;2026-07-26;2026-07-26;EARLY;G4_PM1;EPA2;planned
413686239;47534778289;2026-07-19;2026-07-21;2026-07-21;VENCIDO;G4_PM1;EPA2;planned
413686239;47534912259;2026-07-21;2026-07-27;2026-07-27;EARLY;G4_PM1;EPA2;planned
413686239;47535168946;2026-07-21;2026-07-27;2026-07-27;EARLY;G4_PM1;EPA2;planned
413686239;47535211843;2026-07-23;2026-07-27;2026-07-27;EARLY;G4_PM1;EPA2;planned
413686239;47537426301;2026-07-22;2026-07-27;2026-07-27;EARLY;G4_PM1;EPA2;planned
413686239;47538003889;2026-07-21;2026-07-27;2026-07-27;EARLY;G4_PM1;EPA2;planned
413686239;47538178840;2026-07-21;2026-07-27;2026-07-27;EARLY;G4_PM1;EPA2;planned
413686239;47538259902;2026-07-21;2026-07-27;2026-07-27;EARLY;G4_PM1;EPA2;planned
413686239;47538568699;2026-07-21;2026-07-27;2026-07-27;EARLY;G4_PM1;EPA2;planned
413686239;47538576769;2026-07-21;2026-07-27;2026-07-27;EARLY;G4_PM1;EPA2;planned
413686239;47538816493;2026-07-23;2026-07-27;2026-07-27;EARLY;G4_PM1;EPA2;planned
413686239;47538950415;2026-07-24;2026-07-28;2026-07-28;EARLY;G4_PM1;EPA2;planned
413686239;47539111616;2026-07-21;2026-07-27;2026-07-27;EARLY;G4_PM1;EPA2;planned
413686239;47539413303;2026-07-26;2026-07-30;2026-07-30;EARLY;G4_PM1;EPA2;planned
413686239;47539424972;2026-07-21;2026-07-27;2026-07-27;EARLY;G4_PM1;EPA2;planned
413686239;47540206243;2026-07-21;2026-07-27;2026-07-27;EARLY;G4_PM1;EPA2;planned
413686239;47540276008;2026-07-21;2026-07-27;2026-07-27;EARLY;G4_PM1;EPA2;planned
413686239;47540283218;2026-07-21;2026-07-27;2026-07-27;EARLY;G4_PM1;EPA2;planned
413686239;47540750610;2026-07-23;2026-07-27;2026-07-27;EARLY;G4_PM1;EPA2;planned
413686239;47541670775;2026-07-21;2026-07-27;2026-07-27;EARLY;G4_PM1;EPA2;planned
413686239;47542612291;2026-07-21;2026-07-27;2026-07-27;EARLY;G4_PM1;EPA2;planned
413686239;47542983994;2026-07-21;2026-07-27;2026-07-27;EARLY;G4_PM1;EPA2;planned
413686239;47543521003;2026-07-23;2026-07-27;2026-07-27;EARLY;G4_PM1;EPA2;planned
413686239;47544064840;2026-07-21;2026-07-27;2026-07-27;EARLY;G4_PM1;EPA2;planned
413686239;47544552163;2026-07-24;2026-07-26;2026-07-26;EARLY;G4_PM1;EPA2;planned
413686239;47544606528;2026-07-23;2026-07-26;2026-07-26;EARLY;G4_PM1;EPA2;planned
413686239;47544860552;2026-07-24;2026-07-26;2026-07-26;EARLY;G4_PM1;EPA2;planned
413686239;47544970367;2026-07-24;2026-07-26;2026-07-26;EARLY;G4_PM1;EPA2;planned
413686239;47545045373;2026-07-26;2026-07-30;2026-07-30;EARLY;G4_PM1;EPA2;planned
413686239;47545492145;2026-07-24;2026-07-26;2026-07-26;EARLY;G4_PM1;EPA2;planned
413686239;47545617449;2026-07-24;2026-07-26;2026-07-26;EARLY;G4_PM1;EPA2;planned
413686239;47545739456;2026-07-21;2026-07-27;2026-07-27;EARLY;G4_PM1;EPA2;planned
413686239;47545809117;2026-07-24;2026-07-26;2026-07-26;EARLY;G4_PM1;EPA2;planned
413686239;47545840447;2026-07-24;2026-07-26;2026-07-26;EARLY;G4_PM1;EPA2;planned
413686239;47545910970;2026-07-24;2026-07-26;2026-07-26;EARLY;G4_PM1;EPA2;planned
413686239;47546167605;2026-07-23;2026-07-27;2026-07-27;EARLY;G4_PM1;EPA2;planned
413686239;47546303343;2026-07-24;2026-07-26;2026-07-26;EARLY;G4_PM1;EPA2;planned
413686239;47546565506;2026-07-22;2026-07-27;2026-07-27;EARLY;G4_PM1;EPA2;planned
413686239;47547444273;2026-07-24;2026-07-26;2026-07-26;EARLY;G4_PM1;EPA2;planned
413686239;47547563492;2026-07-22;2026-07-28;2026-07-28;EARLY;G4_PM1;EPA2;planned
413686239;47547793206;2026-07-24;2026-07-26;2026-07-26;EARLY;G4_PM1;EPA2;planned
413686239;47547960824;2026-07-24;2026-07-26;2026-07-26;EARLY;G4_PM1;EPA2;planned
413686239;47548939161;2026-07-21;2026-07-27;2026-07-27;EARLY;G4_PM1;EPA2;planned
413686239;47549093166;2026-07-24;2026-07-28;2026-07-28;EARLY;G4_PM1;EPA2;planned
413686239;47549423087;2026-07-24;2026-07-28;2026-07-28;EARLY;G4_PM1;EPA2;planned
413686239;47549791631;2026-07-24;2026-07-26;2026-07-26;EARLY;G4_PM1;EPA2;planned
413686239;47549909945;2026-07-22;2026-07-28;2026-07-28;EARLY;G4_PM1;EPA2;planned
413686239;47549967644;2026-07-24;2026-07-26;2026-07-26;EARLY;G4_PM1;EPA2;planned
413686239;47551198862;2026-07-22;2026-07-28;2026-07-28;EARLY;G4_PM1;EPA2;planned
413686239;47551278254;2026-07-24;2026-07-26;2026-07-26;EARLY;G4_PM1;EPA2;planned
413686239;47551890800;2026-07-22;2026-07-26;2026-07-26;EARLY;G4_PM1;EPA2;planned
413686239;47552181883;2026-07-24;2026-07-26;2026-07-26;EARLY;G4_PM1;EPA2;planned
413686239;47552662041;2026-07-24;2026-07-26;2026-07-26;EARLY;G4_PM1;EPA2;planned
413686239;47553213744;2026-07-24;2026-07-28;2026-07-28;EARLY;G4_PM1;EPA2;planned
413686239;47553382385;2026-07-27;2026-07-29;2026-07-29;EARLY;G4_PM1;EPA2;planned
413686239;47553547627;2026-07-24;2026-07-26;2026-07-26;EARLY;G4_PM1;EPA2;planned
413686239;47553583732;2026-07-22;2026-07-28;2026-07-28;EARLY;G4_PM1;EPA2;planned
413686239;47554100709;2026-07-24;2026-07-26;2026-07-26;EARLY;G4_PM1;EPA2;planned
413686239;47554599433;2026-07-24;2026-07-26;2026-07-26;EARLY;G4_PM1;EPA2;planned
413686239;47554928656;2026-07-27;2026-07-29;2026-07-29;EARLY;G4_PM1;EPA2;planned
413686239;47555755714;2026-07-25;2026-07-27;2026-07-27;EARLY;G4_PM1;EPA2;planned
413686239;47555994549;2026-07-24;2026-07-26;2026-07-26;EARLY;G4_PM1;EPA2;planned
413686239;47556561802;2026-07-24;2026-07-25;2026-07-25;EARLY;G4_PM1;EPA2;planned
413686239;47556591229;2026-07-24;2026-07-28;2026-07-28;EARLY;G4_PM1;EPA2;planned
413686239;47556959479;2026-07-25;2026-07-31;2026-07-31;EARLY;G4_PM1;EPA2;planned
413686239;47557638211;2026-07-24;2026-07-26;2026-07-26;EARLY;G4_PM1;EPA2;planned
413686239;47558601456;2026-07-24;2026-07-25;2026-07-25;EARLY;G4_PM1;EPA2;planned
413686239;47558904573;2026-07-25;2026-07-28;2026-07-28;EARLY;G4_PM1;EPA2;planned
413686239;47559073261;2026-07-24;2026-07-25;2026-07-25;EARLY;G4_PM1;EPA2;planned
413686239;47560810606;2026-07-24;2026-07-26;2026-07-26;EARLY;G4_PM1;EPA2;planned
413686239;47562322026;2026-07-24;2026-07-29;2026-07-29;EARLY;G4_PM1;EPA2;planned
413686239;47563337838;2026-07-27;2026-07-29;2026-07-29;EARLY;G4_PM1;EPA2;planned
413686239;47563828705;2026-07-24;2026-07-25;2026-07-25;EARLY;G4_PM1;EPA2;planned
413686239;47563889847;2026-07-25;2026-07-26;2026-07-26;EARLY;G4_PM1;EPA2;planned
413686239;47564101104;2026-07-24;2026-07-25;2026-07-25;EARLY;G4_PM1;EPA2;planned
413686239;47564267107;2026-07-25;2026-07-26;2026-07-26;EARLY;G4_PM1;EPA2;planned
413686239;47564590138;2026-07-24;2026-07-26;2026-07-26;EARLY;G4_PM1;EPA2;planned
413686239;47564655907;2026-07-25;;2026-07-25;EARLY;G4_PM1;EPA2;planned
413686239;47565897169;2026-07-25;2026-07-27;2026-07-27;EARLY;G4_PM1;EPA2;planned
413686239;47566378340;2026-07-23;2026-07-28;2026-07-28;EARLY;G4_PM1;EPA2;planned
413686239;47566544314;2026-07-25;;2026-07-25;EARLY;G4_PM1;EPA2;planned
413686239;47567082387;2026-07-25;;2026-07-25;EARLY;G4_PM1;EPA2;planned
413686239;47568129316;2026-07-26;2026-07-27;2026-07-27;EARLY;G4_PM1;EPA2;planned
413686239;47568186140;2026-07-25;2026-07-26;2026-07-26;EARLY;G4_PM1;EPA2;planned
413686239;47568201741;2026-07-24;2026-07-28;2026-07-28;EARLY;G4_PM1;EPA2;planned
413686239;47568249332;2026-07-25;2026-07-29;2026-07-29;EARLY;G4_PM1;EPA2;planned
413686239;47570877761;2026-07-25;2026-07-30;2026-07-30;EARLY;G4_PM1;EPA2;planned
413686239;47571527872;2026-07-24;2026-07-25;2026-07-25;EARLY;G4_PM1;EPA2;planned
413686239;47573073188;2026-07-25;2026-07-27;2026-07-27;EARLY;G4_PM1;EPA2;planned
413686239;47573258299;2026-07-25;2026-07-26;2026-07-26;EARLY;G4_PM1;EPA2;planned
413686239;47573303257;2026-07-25;2026-07-30;2026-07-30;EARLY;G4_PM1;EPA2;planned
413686239;47573376300;2026-07-26;2026-07-28;2026-07-28;EARLY;G4_PM1;EPA2;planned
413686239;47574150488;2026-07-26;2026-07-30;2026-07-30;EARLY;G4_PM1;EPA2;planned
413686239;47574239179;2026-07-24;2026-07-30;2026-07-30;EARLY;G4_PM1;EPA2;planned
413686239;47574464845;2026-07-24;2026-07-30;2026-07-30;EARLY;G4_PM1;EPA2;planned
413686239;47574559679;2026-07-24;2026-07-30;2026-07-30;EARLY;G4_PM1;EPA2;planned
413686239;47575120047;2026-07-27;2026-07-31;2026-07-31;EARLY;G4_PM1;EPA2;planned
413686239;47575161756;2026-07-24;2026-07-30;2026-07-30;EARLY;G4_PM1;EPA2;planned
413686239;47575644124;2026-07-24;2026-07-26;2026-07-26;EARLY;G4_PM1;EPA2;planned
413686239;47576367020;2026-07-24;2026-07-26;2026-07-26;EARLY;G4_PM1;EPA2;planned
413686239;47576378779;2026-07-24;2026-07-26;2026-07-26;EARLY;G4_PM1;EPA2;planned
413686239;47576407935;2026-07-24;2026-07-26;2026-07-26;EARLY;G4_PM1;EPA2;planned
413686239;47577751172;2026-07-24;2026-07-26;2026-07-26;EARLY;G4_PM1;EPA2;planned
413686239;47578333971;2026-07-25;2026-07-26;2026-07-26;EARLY;G4_PM1;EPA2;planned
413686239;47578356256;2026-07-25;;2026-07-25;EARLY;G4_PM1;EPA2;planned
413686239;47579079990;2026-07-25;2026-07-26;2026-07-26;EARLY;G4_PM1;EPA2;planned
413686239;47579080454;2026-07-24;2026-07-25;2026-07-25;EARLY;G4_PM1;EPA2;planned
413686239;47581076046;2026-07-25;;2026-07-25;EARLY;G4_PM1;EPA2;planned
413686239;47581189282;2026-07-25;;2026-07-25;EARLY;G4_PM1;EPA2;planned
413686239;47581295282;2026-07-25;;2026-07-25;EARLY;G4_PM1;EPA2;planned
413686239;47581805140;2026-07-27;2026-07-29;2026-07-29;EARLY;G4_PM1;EPA2;planned
413686239;47581817996;2026-07-25;2026-07-26;2026-07-26;EARLY;G4_PM1;EPA2;planned
413686239;47582834226;2026-07-25;;2026-07-25;EARLY;G4_PM1;EPA2;planned
413686239;47583277714;2026-07-25;;2026-07-25;EARLY;G4_PM1;EPA2;planned
413686239;47585123600;2026-07-25;;2026-07-25;EARLY;G4_PM1;EPA2;planned
413686239;47586490873;2026-07-25;;2026-07-25;EARLY;G4_PM1;EPA2;planned
413686512;47479586236;2026-07-23;2026-07-27;2026-07-27;EARLY;G13_PM1;EPA2;planned
413686512;47515745525;2026-07-24;2026-07-26;2026-07-26;EARLY;G13_PM1;EPA2;planned
413686512;47516921395;2026-07-18;2026-07-23;2026-07-23;VENCIDO;G13_PM1;EPA2;planned
413686512;47518091511;2026-07-24;2026-07-28;2026-07-28;EARLY;G13_PM1;EPA2;planned
413686512;47521086355;2026-07-23;2026-07-27;2026-07-27;EARLY;G13_PM1;EPA2;planned
413686512;47527451682;2026-07-19;2026-07-23;2026-07-23;VENCIDO;G13_PM1;EPA2;planned
413686512;47530860171;2026-07-24;2026-07-26;2026-07-26;EARLY;G13_PM1;EPA2;planned
413686512;47534149625;2026-07-20;2026-07-24;2026-07-24;ON TIME;G13_PM1;EPA2;planned
413686512;47535251063;2026-07-21;2026-07-27;2026-07-27;EARLY;G13_PM1;EPA2;planned
413686512;47536152392;2026-07-21;2026-07-27;2026-07-27;EARLY;G13_PM1;EPA2;planned
413686512;47536982399;2026-07-22;2026-07-27;2026-07-27;EARLY;G13_PM1;EPA2;planned
413686512;47537490296;2026-07-21;2026-07-27;2026-07-27;EARLY;G13_PM1;EPA2;planned
413686512;47538337151;2026-07-22;2026-07-27;2026-07-27;EARLY;G13_PM1;EPA2;planned
413686512;47539667312;2026-07-23;2026-07-29;2026-07-29;EARLY;G13_PM1;EPA2;planned
413686512;47540057787;2026-07-21;2026-07-27;2026-07-27;EARLY;G13_PM1;EPA2;planned
413686512;47542852235;2026-07-21;2026-07-27;2026-07-27;EARLY;G13_PM1;EPA2;planned
413686512;47542874782;2026-07-21;2026-07-27;2026-07-27;EARLY;G13_PM1;EPA2;planned
413686512;47543071410;2026-07-21;2026-07-27;2026-07-27;EARLY;G13_PM1;EPA2;planned
413686512;47543269072;2026-07-23;2026-07-28;2026-07-28;EARLY;G13_PM1;EPA2;planned
413686512;47543870496;2026-07-23;2026-07-27;2026-07-27;EARLY;G13_PM1;EPA2;planned
413686512;47545231064;2026-07-21;2026-07-27;2026-07-27;EARLY;G13_PM1;EPA2;planned
413686512;47547092569;2026-07-24;2026-07-26;2026-07-26;EARLY;G13_PM1;EPA2;planned
413686512;47547346928;2026-07-25;2026-07-27;2026-07-27;EARLY;G13_PM1;EPA2;planned
413686512;47548086233;2026-07-23;2026-07-27;2026-07-27;EARLY;G13_PM1;EPA2;planned
413686512;47549535111;2026-07-21;2026-07-27;2026-07-27;EARLY;G13_PM1;EPA2;planned
413686512;47549914783;2026-07-23;2026-07-28;2026-07-28;EARLY;G13_PM1;EPA2;planned
413686512;47550202586;2026-07-23;2026-07-28;2026-07-28;EARLY;G13_PM1;EPA2;planned
413686512;47551305063;2026-07-24;2026-07-26;2026-07-26;EARLY;G13_PM1;EPA2;planned
413686512;47551305103;2026-07-25;2026-07-27;2026-07-27;EARLY;G13_PM1;EPA2;planned
413686512;47551311096;2026-07-24;2026-07-26;2026-07-26;EARLY;G13_PM1;EPA2;planned
413686512;47554860303;2026-07-24;2026-07-26;2026-07-26;EARLY;G13_PM1;EPA2;planned
413686512;47555018184;2026-07-24;2026-07-25;2026-07-25;EARLY;G13_PM1;EPA2;planned
413686512;47556652305;2026-07-24;2026-07-26;2026-07-26;EARLY;G13_PM1;EPA2;planned
413686512;47557274742;2026-07-25;2026-07-26;2026-07-26;EARLY;G13_PM1;EPA2;planned
413686512;47557490311;2026-07-24;2026-07-26;2026-07-26;EARLY;G13_PM1;EPA2;planned
413686512;47558110431;2026-07-22;2026-07-28;2026-07-28;EARLY;G13_PM1;EPA2;planned
413686512;47558865156;2026-07-27;2026-07-31;2026-07-31;EARLY;G13_PM1;EPA2;planned
413686512;47559056103;2026-07-24;2026-07-28;2026-07-28;EARLY;G13_PM1;EPA2;planned
413686512;47559623162;2026-07-24;2026-07-26;2026-07-26;EARLY;G13_PM1;EPA2;planned
413686512;47560206118;2026-07-25;2026-07-26;2026-07-26;EARLY;G13_PM1;EPA2;planned
413686512;47560861587;2026-07-25;2026-07-26;2026-07-26;EARLY;G13_PM1;EPA2;planned
413686512;47561906335;2026-07-24;2026-07-25;2026-07-25;EARLY;G13_PM1;EPA2;planned
413686512;47562974768;2026-07-22;2026-07-25;2026-07-25;EARLY;G13_PM1;EPA2;planned
413686512;47563800349;2026-07-24;2026-07-25;2026-07-25;EARLY;G13_PM1;EPA2;planned
413686512;47564838824;2026-07-23;2026-07-25;2026-07-25;EARLY;G13_PM1;EPA2;planned
413686512;47564990168;2026-07-25;2026-07-27;2026-07-27;EARLY;G13_PM1;EPA2;planned
413686512;47566622186;2026-07-26;2026-07-27;2026-07-27;EARLY;G13_PM1;EPA2;planned
413686512;47567526059;2026-07-25;2026-07-26;2026-07-26;EARLY;G13_PM1;EPA2;planned
413686512;47568540912;2026-07-24;2026-07-28;2026-07-28;EARLY;G13_PM1;EPA2;planned
413686512;47570393944;2026-07-26;2026-07-27;2026-07-27;EARLY;G13_PM1;EPA2;planned
413686512;47570729115;2026-07-25;2026-07-27;2026-07-27;EARLY;G13_PM1;EPA2;planned
413686512;47572313577;2026-07-26;2026-07-27;2026-07-27;EARLY;G13_PM1;EPA2;planned
413686512;47575280915;2026-07-24;2026-07-28;2026-07-28;EARLY;G13_PM1;EPA2;planned
413686512;47577006917;2026-07-24;2026-07-26;2026-07-26;EARLY;G13_PM1;EPA2;planned
413686512;47577103696;2026-07-26;2026-07-28;2026-07-28;EARLY;G13_PM1;EPA2;planned
413686512;47577641283;2026-07-25;2026-07-27;2026-07-27;EARLY;G13_PM1;EPA2;planned
413686512;47581705376;2026-07-25;;2026-07-25;EARLY;G13_PM1;EPA2;planned
413686512;47581705518;2026-07-25;;2026-07-25;EARLY;G13_PM1;EPA2;planned
413686512;47582312144;2026-07-25;;2026-07-25;EARLY;G13_PM1;EPA2;planned
413686512;47582347400;2026-07-25;;2026-07-25;EARLY;G13_PM1;EPA2;planned
413686512;47582580178;2026-07-25;;2026-07-25;EARLY;G13_PM1;EPA2;planned
413686512;47583750986;2026-07-25;;2026-07-25;EARLY;G13_PM1;EPA2;planned
413686512;47585055884;2026-07-25;;2026-07-25;EARLY;G13_PM1;EPA2;planned
413686512;47585672074;2026-07-25;;2026-07-25;EARLY;G13_PM1;EPA2;planned
413686512;47587519679;2026-07-25;;2026-07-25;EARLY;G13_PM1;EPA2;planned
413686645;47425288324;2026-07-24;2026-07-28;2026-07-28;EARLY;G3_PM1;EPA2;planned
413686645;47434336088;;;;;G3_PM1;EPA2;planned
413686645;47469207145;2026-07-22;2026-07-26;2026-07-26;EARLY;G3_PM1;EPA2;planned
413686645;47472596891;2026-07-15;2026-07-21;2026-07-21;VENCIDO;G3_PM1;EPA2;planned
413686645;47500614033;2026-07-21;2026-07-27;2026-07-27;EARLY;G3_PM1;EPA2;planned
413686645;47508341425;2026-07-22;2026-07-26;2026-07-26;EARLY;G3_PM1;EPA2;planned
413686645;47511944726;2026-07-21;2026-07-27;2026-07-27;EARLY;G3_PM1;EPA2;planned
413686645;47512370586;2026-07-21;2026-07-27;2026-07-27;EARLY;G3_PM1;EPA2;planned
413686645;47514385100;2026-07-18;2026-07-23;2026-07-23;VENCIDO;G3_PM1;EPA2;planned
413686645;47518314197;2026-07-23;2026-07-27;2026-07-27;EARLY;G3_PM1;EPA2;planned
413686645;47519640199;2026-07-26;2026-07-30;2026-07-30;EARLY;G3_PM1;EPA2;planned
413686645;47529223375;2026-07-21;2026-07-27;2026-07-27;EARLY;G3_PM1;EPA2;planned
413686645;47529423205;2026-07-25;2026-07-29;2026-07-29;EARLY;G3_PM1;EPA2;planned
413686645;47530703209;2026-07-19;2026-07-24;2026-07-24;ON TIME;G3_PM1;EPA2;planned
413686645;47531583801;2026-07-21;2026-07-25;2026-07-25;EARLY;G3_PM1;EPA2;planned
413686645;47532638641;2026-07-24;2026-07-25;2026-07-25;EARLY;G3_PM1;EPA2;planned
413686645;47533578530;2026-07-23;2026-07-27;2026-07-27;EARLY;G3_PM1;EPA2;planned
413686645;47534587344;2026-07-21;2026-07-27;2026-07-27;EARLY;G3_PM1;EPA2;planned
413686645;47534932734;2026-07-21;2026-07-27;2026-07-27;EARLY;G3_PM1;EPA2;planned
413686645;47534933100;2026-07-22;2026-07-28;2026-07-28;EARLY;G3_PM1;EPA2;planned
413686645;47535599152;2026-07-22;2026-07-28;2026-07-28;EARLY;G3_PM1;EPA2;planned
413686645;47536806453;2026-07-24;2026-07-29;2026-07-29;EARLY;G3_PM1;EPA2;planned
413686645;47537960303;2026-07-21;2026-07-27;2026-07-27;EARLY;G3_PM1;EPA2;planned
413686645;47538024819;2026-07-23;2026-07-28;2026-07-28;EARLY;G3_PM1;EPA2;planned
413686645;47538147358;2026-07-21;2026-07-27;2026-07-27;EARLY;G3_PM1;EPA2;planned
413686645;47538453809;2026-07-21;2026-07-27;2026-07-27;EARLY;G3_PM1;EPA2;planned
413686645;47538619009;2026-07-22;2026-07-27;2026-07-27;EARLY;G3_PM1;EPA2;planned
413686645;47538682293;2026-07-23;2026-07-27;2026-07-27;EARLY;G3_PM1;EPA2;planned
413686645;47539242643;2026-07-21;2026-07-27;2026-07-27;EARLY;G3_PM1;EPA2;planned
413686645;47539460354;2026-07-22;2026-07-27;2026-07-27;EARLY;G3_PM1;EPA2;planned
413686645;47539528018;2026-07-21;2026-07-27;2026-07-27;EARLY;G3_PM1;EPA2;planned
413686645;47540084493;2026-07-23;2026-07-27;2026-07-27;EARLY;G3_PM1;EPA2;planned
413686645;47540182847;2026-07-21;2026-07-25;2026-07-25;EARLY;G3_PM1;EPA2;planned
413686645;47540305096;2026-07-24;2026-07-28;2026-07-28;EARLY;G3_PM1;EPA2;planned
413686645;47540704988;2026-07-21;2026-07-27;2026-07-27;EARLY;G3_PM1;EPA2;planned
413686645;47541342955;2026-07-21;2026-07-27;2026-07-27;EARLY;G3_PM1;EPA2;planned
413686645;47541860779;2026-07-21;2026-07-23;2026-07-23;VENCIDO;G3_PM1;EPA2;planned
413686645;47541913962;2026-07-21;2026-07-27;2026-07-27;EARLY;G3_PM1;EPA2;planned
413686645;47541927335;2026-07-25;2026-07-29;2026-07-29;EARLY;G3_PM1;EPA2;planned
413686645;47543062836;2026-07-21;2026-07-27;2026-07-27;EARLY;G3_PM1;EPA2;planned
413686645;47543338088;2026-07-23;2026-07-27;2026-07-27;EARLY;G3_PM1;EPA2;planned
413686645;47543800321;2026-07-23;2026-07-26;2026-07-26;EARLY;G3_PM1;EPA2;planned
413686645;47544499199;2026-07-24;2026-07-26;2026-07-26;EARLY;G3_PM1;EPA2;planned
413686645;47545594494;2026-07-24;2026-07-26;2026-07-26;EARLY;G3_PM1;EPA2;planned
413686645;47545663713;2026-07-22;2026-07-27;2026-07-27;EARLY;G3_PM1;EPA2;planned
413686645;47545928661;2026-07-22;2026-07-28;2026-07-28;EARLY;G3_PM1;EPA2;planned
413686645;47545951278;2026-07-23;2026-07-27;2026-07-27;EARLY;G3_PM1;EPA2;planned
413686645;47546470235;2026-07-24;2026-07-26;2026-07-26;EARLY;G3_PM1;EPA2;planned
413686645;47546480985;2026-07-25;2026-07-29;2026-07-29;EARLY;G3_PM1;EPA2;planned
413686645;47546654130;2026-07-24;2026-07-26;2026-07-26;EARLY;G3_PM1;EPA2;planned
413686645;47546669676;2026-07-21;2026-07-27;2026-07-27;EARLY;G3_PM1;EPA2;planned
413686645;47546692585;2026-07-23;2026-07-29;2026-07-29;EARLY;G3_PM1;EPA2;planned
413686645;47546716388;2026-07-24;2026-07-26;2026-07-26;EARLY;G3_PM1;EPA2;planned
413686645;47546810913;2026-07-22;2026-07-27;2026-07-27;EARLY;G3_PM1;EPA2;planned
413686645;47546835978;2026-07-24;2026-07-26;2026-07-26;EARLY;G3_PM1;EPA2;planned
413686645;47546856284;2026-07-20;2026-07-22;2026-07-22;VENCIDO;G3_PM1;EPA2;planned
413686645;47547194408;2026-07-23;2026-07-27;2026-07-27;EARLY;G3_PM1;EPA2;planned
413686645;47547287192;2026-07-24;2026-07-26;2026-07-26;EARLY;G3_PM1;EPA2;planned
413686645;47547426723;2026-07-24;2026-07-28;2026-07-28;EARLY;G3_PM1;EPA2;planned
413686645;47547449710;2026-07-22;2026-07-27;2026-07-27;EARLY;G3_PM1;EPA2;planned
413686645;47547476112;2026-07-24;2026-07-26;2026-07-26;EARLY;G3_PM1;EPA2;planned
413686645;47547494066;2026-07-24;2026-07-26;2026-07-26;EARLY;G3_PM1;EPA2;planned
413686645;47547536056;2026-07-24;2026-07-26;2026-07-26;EARLY;G3_PM1;EPA2;planned
413686645;47548085933;2026-07-24;2026-07-26;2026-07-26;EARLY;G3_PM1;EPA2;planned
413686645;47548449018;2026-07-24;2026-07-26;2026-07-26;EARLY;G3_PM1;EPA2;planned
413686645;47548787992;2026-07-24;2026-07-26;2026-07-26;EARLY;G3_PM1;EPA2;planned
413686645;47549723840;2026-07-24;2026-07-29;2026-07-29;EARLY;G3_PM1;EPA2;planned
413686645;47549897758;2026-07-24;2026-07-28;2026-07-28;EARLY;G3_PM1;EPA2;planned
413686645;47550095859;2026-07-24;2026-07-26;2026-07-26;EARLY;G3_PM1;EPA2;planned
413686645;47553381686;2026-07-23;2026-07-29;2026-07-29;EARLY;G3_PM1;EPA2;planned
413686645;47553542820;2026-07-24;2026-07-26;2026-07-26;EARLY;G3_PM1;EPA2;planned
413686645;47554223896;2026-07-22;2026-07-28;2026-07-28;EARLY;G3_PM1;EPA2;planned
413686645;47554385643;2026-07-24;2026-07-26;2026-07-26;EARLY;G3_PM1;EPA2;planned
413686645;47555993361;2026-07-24;2026-07-26;2026-07-26;EARLY;G3_PM1;EPA2;planned
413686645;47556772051;2026-07-23;2026-07-29;2026-07-29;EARLY;G3_PM1;EPA2;planned
413686645;47558060623;2026-07-24;2026-07-30;2026-07-30;EARLY;G3_PM1;EPA2;planned
413686645;47558793841;2026-07-24;2026-07-25;2026-07-25;EARLY;G3_PM1;EPA2;planned
413686645;47559006279;2026-07-24;2026-07-26;2026-07-26;EARLY;G3_PM1;EPA2;planned
413686645;47560710912;2026-07-24;2026-07-26;2026-07-26;EARLY;G3_PM1;EPA2;planned
413686645;47560841153;2026-07-24;2026-07-26;2026-07-26;EARLY;G3_PM1;EPA2;planned
413686645;47560892329;2026-07-24;2026-07-26;2026-07-26;EARLY;G3_PM1;EPA2;planned
413686645;47560949585;2026-07-24;2026-07-26;2026-07-26;EARLY;G3_PM1;EPA2;planned
413686645;47561010483;2026-07-24;2026-07-26;2026-07-26;EARLY;G3_PM1;EPA2;planned
413686645;47562026629;2026-07-24;2026-07-26;2026-07-26;EARLY;G3_PM1;EPA2;planned
413686645;47562095169;2026-07-24;2026-07-26;2026-07-26;EARLY;G3_PM1;EPA2;planned
413686645;47563411467;2026-07-25;2026-07-26;2026-07-26;EARLY;G3_PM1;EPA2;planned
413686645;47564168442;2026-07-24;2026-07-26;2026-07-26;EARLY;G3_PM1;EPA2;planned
413686645;47564338437;2026-07-25;2026-07-27;2026-07-27;EARLY;G3_PM1;EPA2;planned
413686645;47564688152;2026-07-24;2026-07-26;2026-07-26;EARLY;G3_PM1;EPA2;planned
413686645;47564996869;2026-07-25;2026-07-26;2026-07-26;EARLY;G3_PM1;EPA2;planned
413686645;47567235128;2026-07-25;2026-07-27;2026-07-27;EARLY;G3_PM1;EPA2;planned
413686645;47567926382;2026-07-24;2026-07-25;2026-07-25;EARLY;G3_PM1;EPA2;planned
413686645;47568684862;2026-07-24;2026-07-25;2026-07-25;EARLY;G3_PM1;EPA2;planned
413686645;47570212965;2026-07-24;2026-07-26;2026-07-26;EARLY;G3_PM1;EPA2;planned
413686645;47570406352;2026-07-23;2026-07-24;2026-07-24;ON TIME;G3_PM1;EPA2;planned
413686645;47571337763;2026-07-24;2026-07-26;2026-07-26;EARLY;G3_PM1;EPA2;planned
413686645;47572004869;2026-07-26;2026-07-27;2026-07-27;EARLY;G3_PM1;EPA2;planned
413686645;47572122174;2026-07-24;2026-07-26;2026-07-26;EARLY;G3_PM1;EPA2;planned
413686645;47573457903;2026-07-24;2026-07-25;2026-07-25;EARLY;G3_PM1;EPA2;planned
413686645;47573905952;2026-07-24;2026-07-30;2026-07-30;EARLY;G3_PM1;EPA2;planned
413686645;47575835599;2026-07-24;2026-07-26;2026-07-26;EARLY;G3_PM1;EPA2;planned
413686645;47576289195;2026-07-24;2026-07-25;2026-07-25;EARLY;G3_PM1;EPA2;planned
413686645;47577434258;2026-07-29;2026-08-01;2026-08-01;EARLY;G3_PM1;EPA2;planned
413686645;47577970684;2026-07-24;2026-07-26;2026-07-26;EARLY;G3_PM1;EPA2;planned
413686645;47579662055;2026-07-24;2026-07-26;2026-07-26;EARLY;G3_PM1;EPA2;planned
413686645;47581138943;2026-07-26;2026-07-28;2026-07-28;EARLY;G3_PM1;EPA2;planned
413686645;47581207807;2026-07-26;2026-07-28;2026-07-28;EARLY;G3_PM1;EPA2;planned
413686645;47581639923;2026-07-25;;2026-07-25;EARLY;G3_PM1;EPA2;planned
413686645;47581707917;2026-07-25;;2026-07-25;EARLY;G3_PM1;EPA2;planned
413686645;47581910060;2026-07-26;2026-07-28;2026-07-28;EARLY;G3_PM1;EPA2;planned
413686645;47582149341;2026-07-25;2026-07-26;2026-07-26;EARLY;G3_PM1;EPA2;planned
413686645;47582166871;2026-07-25;;2026-07-25;EARLY;G3_PM1;EPA2;planned
413686645;47582951587;2026-07-25;;2026-07-25;EARLY;G3_PM1;EPA2;planned
413686645;47583026275;2026-07-25;;2026-07-25;EARLY;G3_PM1;EPA2;planned
413686645;47583337181;2026-07-25;;2026-07-25;EARLY;G3_PM1;EPA2;planned
413686645;47583613379;2026-07-25;;2026-07-25;EARLY;G3_PM1;EPA2;planned
413686645;47583699678;2026-07-25;;2026-07-25;EARLY;G3_PM1;EPA2;planned
413686645;47583822846;2026-07-25;;2026-07-25;EARLY;G3_PM1;EPA2;planned
413686645;47584785886;2026-07-25;;2026-07-25;EARLY;G3_PM1;EPA2;planned
413686645;47584871042;2026-07-25;;2026-07-25;EARLY;G3_PM1;EPA2;planned
413686645;47586703982;2026-07-25;;2026-07-25;EARLY;G3_PM1;EPA2;planned
413686645;47587350720;2026-07-25;;2026-07-25;EARLY;G3_PM1;EPA2;planned
413700939;47416240201;2026-07-06;2026-07-10;2026-07-10;VENCIDO;G2_PM1;EPA2;planned
413700939;47430498470;2026-07-22;2026-07-27;2026-07-27;EARLY;G2_PM1;EPA2;planned
413700939;47448120994;2026-07-09;2026-07-15;2026-07-15;VENCIDO;G2_PM1;EPA2;planned
413700939;47476388240;2026-07-23;2026-07-27;2026-07-27;EARLY;G2_PM1;EPA2;planned
413700939;47477385233;2026-07-23;2026-07-27;2026-07-27;EARLY;G2_PM1;EPA2;planned
413700939;47490589062;2026-07-21;2026-07-27;2026-07-27;EARLY;G2_PM1;EPA2;planned
413700939;47496740965;2026-07-22;2026-07-28;2026-07-28;EARLY;G2_PM1;EPA2;planned
413700939;47504937726;2026-07-22;2026-07-28;2026-07-28;EARLY;G2_PM1;EPA2;planned
413700939;47505067112;2026-07-21;2026-07-27;2026-07-27;EARLY;G2_PM1;EPA2;planned
413700939;47505367645;2026-07-19;2026-07-25;2026-07-25;EARLY;G2_PM1;EPA2;planned
413700939;47513054768;2026-07-24;2026-07-28;2026-07-28;EARLY;G2_PM1;EPA2;planned
413700939;47514080020;2026-07-22;2026-07-26;2026-07-26;EARLY;G2_PM1;EPA2;planned
413700939;47514882823;2026-07-17;2026-07-23;2026-07-23;VENCIDO;G2_PM1;EPA2;planned
413700939;47518473854;2026-07-24;2026-07-26;2026-07-26;EARLY;G2_PM1;EPA2;planned
413700939;47520821235;2026-07-23;2026-07-27;2026-07-27;EARLY;G2_PM1;EPA2;planned
413700939;47522164579;2026-07-21;2026-07-27;2026-07-27;EARLY;G2_PM1;EPA2;planned
413700939;47525933150;2026-07-20;2026-07-25;2026-07-25;EARLY;G2_PM1;EPA2;planned
413700939;47528374620;2026-07-23;2026-07-27;2026-07-27;EARLY;G2_PM1;EPA2;planned
413700939;47530602645;2026-07-23;2026-07-27;2026-07-27;EARLY;G2_PM1;EPA2;planned
413700939;47531006045;2026-07-21;2026-07-27;2026-07-27;EARLY;G2_PM1;EPA2;planned
413700939;47531864034;2026-07-19;2026-07-25;2026-07-25;EARLY;G2_PM1;EPA2;planned
413700939;47533748362;2026-07-21;2026-07-27;2026-07-27;EARLY;G2_PM1;EPA2;planned
413700939;47534071626;2026-07-21;2026-07-27;2026-07-27;EARLY;G2_PM1;EPA2;planned
413700939;47534699574;2026-07-21;2026-07-27;2026-07-27;EARLY;G2_PM1;EPA2;planned
413700939;47534760801;2026-07-19;2026-07-25;2026-07-25;EARLY;G2_PM1;EPA2;planned
413700939;47534780411;2026-07-23;2026-07-27;2026-07-27;EARLY;G2_PM1;EPA2;planned
413700939;47534864457;2026-07-23;2026-07-27;2026-07-27;EARLY;G2_PM1;EPA2;planned
413700939;47534908167;2026-07-21;2026-07-27;2026-07-27;EARLY;G2_PM1;EPA2;planned
413700939;47534908291;2026-07-23;2026-07-27;2026-07-27;EARLY;G2_PM1;EPA2;planned
413700939;47535198182;2026-07-18;2026-07-24;2026-07-24;ON TIME;G2_PM1;EPA2;planned
413700939;47536618853;2026-07-22;2026-07-26;2026-07-26;EARLY;G2_PM1;EPA2;planned
413700939;47537291429;2026-07-26;2026-07-30;2026-07-30;EARLY;G2_PM1;EPA2;planned
413700939;47537935096;2026-07-21;2026-07-27;2026-07-27;EARLY;G2_PM1;EPA2;planned
413700939;47537999145;2026-07-21;2026-07-27;2026-07-27;EARLY;G2_PM1;EPA2;planned
413700939;47538103374;2026-07-21;2026-07-27;2026-07-27;EARLY;G2_PM1;EPA2;planned
413700939;47538156413;2026-07-22;2026-07-27;2026-07-27;EARLY;G2_PM1;EPA2;planned
413700939;47538604138;2026-07-22;2026-07-27;2026-07-27;EARLY;G2_PM1;EPA2;planned
413700939;47538734534;2026-07-21;2026-07-27;2026-07-27;EARLY;G2_PM1;EPA2;planned
413700939;47539067068;2026-07-21;2026-07-27;2026-07-27;EARLY;G2_PM1;EPA2;planned
413700939;47539323965;2026-07-19;2026-07-24;2026-07-24;ON TIME;G2_PM1;EPA2;planned
413700939;47542621690;2026-07-21;2026-07-27;2026-07-27;EARLY;G2_PM1;EPA2;planned
413700939;47543385917;2026-07-23;2026-07-27;2026-07-27;EARLY;G2_PM1;EPA2;planned
413700939;47545014325;2026-07-22;2026-07-27;2026-07-27;EARLY;G2_PM1;EPA2;planned
413700939;47545301299;2026-07-21;2026-07-23;2026-07-23;VENCIDO;G2_PM1;EPA2;planned
413700939;47545353731;2026-07-21;2026-07-23;2026-07-23;VENCIDO;G2_PM1;EPA2;planned
413700939;47546459508;2026-07-22;2026-07-27;2026-07-27;EARLY;G2_PM1;EPA2;planned
413700939;47547538240;2026-07-24;2026-07-26;2026-07-26;EARLY;G2_PM1;EPA2;planned
413700939;47547731416;2026-07-21;2026-07-25;2026-07-25;EARLY;G2_PM1;EPA2;planned
413700939;47548024765;2026-07-22;2026-07-27;2026-07-27;EARLY;G2_PM1;EPA2;planned
413700939;47548420563;2026-07-22;2026-07-27;2026-07-27;EARLY;G2_PM1;EPA2;planned
413700939;47548482491;2026-07-24;2026-07-26;2026-07-26;EARLY;G2_PM1;EPA2;planned
413700939;47548527981;2026-07-24;2026-07-26;2026-07-26;EARLY;G2_PM1;EPA2;planned
413700939;47548531128;2026-07-22;2026-07-28;2026-07-28;EARLY;G2_PM1;EPA2;planned
413700939;47548737478;2026-07-22;2026-07-28;2026-07-28;EARLY;G2_PM1;EPA2;planned
413700939;47549096936;2026-07-22;2026-07-28;2026-07-28;EARLY;G2_PM1;EPA2;planned
413700939;47550487483;2026-07-22;2026-07-28;2026-07-28;EARLY;G2_PM1;EPA2;planned
413700939;47551848868;2026-07-22;2026-07-28;2026-07-28;EARLY;G2_PM1;EPA2;planned
413700939;47552626876;2026-07-24;2026-07-26;2026-07-26;EARLY;G2_PM1;EPA2;planned
413700939;47552731555;2026-07-26;2026-07-28;2026-07-28;EARLY;G2_PM1;EPA2;planned
413700939;47552928465;2026-07-24;2026-07-25;2026-07-25;EARLY;G2_PM1;EPA2;planned
413700939;47553520312;2026-07-24;2026-07-26;2026-07-26;EARLY;G2_PM1;EPA2;planned
413700939;47553569514;2026-07-22;2026-07-28;2026-07-28;EARLY;G2_PM1;EPA2;planned
413700939;47554292206;2026-07-24;2026-07-26;2026-07-26;EARLY;G2_PM1;EPA2;planned
413700939;47554661925;2026-07-24;2026-07-26;2026-07-26;EARLY;G2_PM1;EPA2;planned
413700939;47555810760;2026-07-23;2026-07-24;2026-07-24;ON TIME;G2_PM1;EPA2;planned
413700939;47556501081;2026-07-24;2026-07-28;2026-07-28;EARLY;G2_PM1;EPA2;planned
413700939;47558900773;2026-07-25;2026-07-26;2026-07-26;EARLY;G2_PM1;EPA2;planned
413700939;47559153450;2026-07-25;2026-07-26;2026-07-26;EARLY;G2_PM1;EPA2;planned
413700939;47560165023;2026-07-25;2026-07-26;2026-07-26;EARLY;G2_PM1;EPA2;planned
413700939;47560235013;2026-07-25;2026-07-27;2026-07-27;EARLY;G2_PM1;EPA2;planned
413700939;47560442004;2026-07-25;2026-07-26;2026-07-26;EARLY;G2_PM1;EPA2;planned
413700939;47560807523;2026-07-24;2026-07-26;2026-07-26;EARLY;G2_PM1;EPA2;planned
413700939;47561721050;2026-07-24;2026-07-26;2026-07-26;EARLY;G2_PM1;EPA2;planned
413700939;47562405031;2026-07-25;2026-07-26;2026-07-26;EARLY;G2_PM1;EPA2;planned
413700939;47562640233;2026-07-23;2026-07-29;2026-07-29;EARLY;G2_PM1;EPA2;planned
413700939;47564624049;2026-07-25;2026-07-26;2026-07-26;EARLY;G2_PM1;EPA2;planned
413700939;47564703409;2026-07-23;2026-07-25;2026-07-25;EARLY;G2_PM1;EPA2;planned
413700939;47565083262;2026-07-24;2026-07-26;2026-07-26;EARLY;G2_PM1;EPA2;planned
413700939;47566268568;2026-07-25;2026-07-26;2026-07-26;EARLY;G2_PM1;EPA2;planned
413700939;47566715000;2026-07-25;2026-07-26;2026-07-26;EARLY;G2_PM1;EPA2;planned
413700939;47567943669;2026-07-24;2026-07-25;2026-07-25;EARLY;G2_PM1;EPA2;planned
413700939;47568147979;2026-07-24;2026-07-28;2026-07-28;EARLY;G2_PM1;EPA2;planned
413700939;47568150186;2026-07-25;2026-07-27;2026-07-27;EARLY;G2_PM1;EPA2;planned
413700939;47568466437;2026-07-25;2026-07-26;2026-07-26;EARLY;G2_PM1;EPA2;planned
413700939;47568566601;2026-07-23;2026-07-24;2026-07-24;ON TIME;G2_PM1;EPA2;planned
413700939;47569349475;2026-07-24;2026-07-26;2026-07-26;EARLY;G2_PM1;EPA2;planned
413700939;47569454247;2026-07-25;2026-07-26;2026-07-26;EARLY;G2_PM1;EPA2;planned
413700939;47569530244;2026-07-24;2026-07-25;2026-07-25;EARLY;G2_PM1;EPA2;planned
413700939;47569824282;2026-07-26;2026-07-27;2026-07-27;EARLY;G2_PM1;EPA2;planned
413700939;47570074420;2026-07-23;2026-07-29;2026-07-29;EARLY;G2_PM1;EPA2;planned
413700939;47570471203;2026-07-24;2026-07-26;2026-07-26;EARLY;G2_PM1;EPA2;planned
413700939;47570505867;2026-07-25;2026-07-26;2026-07-26;EARLY;G2_PM1;EPA2;planned
413700939;47570584801;2026-07-23;2026-07-29;2026-07-29;EARLY;G2_PM1;EPA2;planned
413700939;47570918735;2026-07-23;2026-07-24;2026-07-24;ON TIME;G2_PM1;EPA2;planned
413700939;47571549525;2026-07-26;2026-07-27;2026-07-27;EARLY;G2_PM1;EPA2;planned
413700939;47572284777;2026-07-25;;2026-07-25;EARLY;G2_PM1;EPA2;planned
413700939;47573676966;2026-07-24;2026-07-26;2026-07-26;EARLY;G2_PM1;EPA2;planned
413700939;47574234150;2026-07-24;2026-07-25;2026-07-25;EARLY;G2_PM1;EPA2;planned
413700939;47574890581;2026-07-29;2026-07-31;2026-07-31;EARLY;G2_PM1;EPA2;planned
413700939;47575782109;2026-07-25;;2026-07-25;EARLY;G2_PM1;EPA2;planned
413700939;47575782253;2026-07-25;;2026-07-25;EARLY;G2_PM1;EPA2;planned
413700939;47576141522;2026-07-24;2026-07-26;2026-07-26;EARLY;G2_PM1;EPA2;planned
413700939;47576533211;2026-07-25;2026-07-26;2026-07-26;EARLY;G2_PM1;EPA2;planned
413700939;47576561531;2026-07-25;2026-07-26;2026-07-26;EARLY;G2_PM1;EPA2;planned
413700939;47576564521;2026-07-25;;2026-07-25;EARLY;G2_PM1;EPA2;planned
413700939;47577021534;2026-07-24;2026-07-26;2026-07-26;EARLY;G2_PM1;EPA2;planned
413700939;47577570217;2026-07-25;;2026-07-25;EARLY;G2_PM1;EPA2;planned
413700939;47577688312;2026-07-26;2026-07-30;2026-07-30;EARLY;G2_PM1;EPA2;planned
413700939;47578012015;2026-07-24;2026-07-26;2026-07-26;EARLY;G2_PM1;EPA2;planned
413700939;47578241194;2026-07-26;2026-07-30;2026-07-30;EARLY;G2_PM1;EPA2;planned
413700939;47578637031;2026-07-27;2026-07-29;2026-07-29;EARLY;G2_PM1;EPA2;planned
413700939;47579017202;2026-07-25;;2026-07-25;EARLY;G2_PM1;EPA2;planned
413700939;47579649589;2026-07-24;2026-07-26;2026-07-26;EARLY;G2_PM1;EPA2;planned
413700939;47581278165;2026-07-25;;2026-07-25;EARLY;G2_PM1;EPA2;planned
413700939;47581490646;2026-07-25;;2026-07-25;EARLY;G2_PM1;EPA2;planned
413700939;47581544957;2026-07-25;;2026-07-25;EARLY;G2_PM1;EPA2;planned
413700939;47581544977;2026-07-25;;2026-07-25;EARLY;G2_PM1;EPA2;planned
413700939;47581673553;2026-07-25;2026-07-26;2026-07-26;EARLY;G2_PM1;EPA2;planned
413700939;47582223969;2026-07-25;2026-07-26;2026-07-26;EARLY;G2_PM1;EPA2;planned
413700939;47583064405;2026-07-25;;2026-07-25;EARLY;G2_PM1;EPA2;planned
413700939;47583176687;2026-07-25;;2026-07-25;EARLY;G2_PM1;EPA2;planned
413700939;47585769838;2026-07-25;;2026-07-25;EARLY;G2_PM1;EPA2;planned
413795957;47478334190;2026-07-23;2026-07-27;2026-07-27;EARLY;D22_PM1;EPA6;planned
413795957;47481738064;2026-07-15;2026-07-21;2026-07-21;VENCIDO;D22_PM1;EPA6;planned
413795957;47498016764;2026-07-23;2026-07-27;2026-07-27;EARLY;D22_PM1;EPA6;planned
413795957;47518792890;2026-07-18;2026-07-23;2026-07-23;VENCIDO;D22_PM1;EPA6;planned
413795957;47522867120;2026-07-19;2026-07-24;2026-07-24;ON TIME;D22_PM1;EPA6;planned
413795957;47525379628;2026-07-20;2026-07-26;2026-07-26;EARLY;D22_PM1;EPA6;planned
413795957;47526708796;2026-07-21;2026-07-27;2026-07-27;EARLY;D22_PM1;EPA6;planned
413795957;47527235646;2026-07-20;2026-07-26;2026-07-26;EARLY;D22_PM1;EPA6;planned
413795957;47529041104;2026-07-21;2026-07-27;2026-07-27;EARLY;D22_PM1;EPA6;planned
413795957;47531815733;2026-07-23;2026-07-27;2026-07-27;EARLY;D22_PM1;EPA6;planned
413795957;47532617329;2026-07-21;2026-07-27;2026-07-27;EARLY;D22_PM1;EPA6;planned
413795957;47533134678;2026-07-22;2026-07-27;2026-07-27;EARLY;D22_PM1;EPA6;planned
413795957;47536231788;2026-07-20;2026-07-22;2026-07-22;VENCIDO;D22_PM1;EPA6;planned
413795957;47536490051;2026-07-22;2026-07-27;2026-07-27;EARLY;D22_PM1;EPA6;planned
413795957;47536976561;2026-07-21;2026-07-27;2026-07-27;EARLY;D22_PM1;EPA6;planned
413795957;47537325005;2026-07-21;2026-07-27;2026-07-27;EARLY;D22_PM1;EPA6;planned
413795957;47537386869;2026-07-23;2026-07-27;2026-07-27;EARLY;D22_PM1;EPA6;planned
413795957;47538261725;2026-07-22;2026-07-27;2026-07-27;EARLY;D22_PM1;EPA6;planned
413795957;47539185507;2026-07-22;2026-07-25;2026-07-25;EARLY;D22_PM1;EPA6;planned
413795957;47540060176;2026-07-22;2026-07-28;2026-07-28;EARLY;D22_PM1;EPA6;planned
413795957;47540223327;2026-07-21;2026-07-27;2026-07-27;EARLY;D22_PM1;EPA6;planned
413795957;47540417869;2026-07-24;2026-07-27;2026-07-27;EARLY;D22_PM1;EPA6;planned
413795957;47542309234;2026-07-21;2026-07-27;2026-07-27;EARLY;D22_PM1;EPA6;planned
413795957;47542687623;2026-07-23;2026-07-28;2026-07-28;EARLY;D22_PM1;EPA6;planned
413795957;47543135540;2026-07-22;2026-07-26;2026-07-26;EARLY;D22_PM1;EPA6;planned
413795957;47543858237;2026-07-23;2026-07-27;2026-07-27;EARLY;D22_PM1;EPA6;planned
413795957;47544030164;2026-07-23;2026-07-25;2026-07-25;EARLY;D22_PM1;EPA6;planned
413795957;47544539376;2026-07-21;2026-07-27;2026-07-27;EARLY;D22_PM1;EPA6;planned
413795957;47544831727;2026-07-22;2026-07-28;2026-07-28;EARLY;D22_PM1;EPA6;planned
413795957;47544841071;2026-07-21;2026-07-23;2026-07-23;VENCIDO;D22_PM1;EPA6;planned
413795957;47545240754;2026-07-24;2026-07-25;2026-07-25;EARLY;D22_PM1;EPA6;planned
413795957;47545349349;2026-07-24;2026-07-25;2026-07-25;EARLY;D22_PM1;EPA6;planned
413795957;47545701511;2026-07-21;2026-07-23;2026-07-23;VENCIDO;D22_PM1;EPA6;planned
413795957;47545955506;2026-07-22;2026-07-27;2026-07-27;EARLY;D22_PM1;EPA6;planned
413795957;47546274382;2026-07-24;2026-07-25;2026-07-25;EARLY;D22_PM1;EPA6;planned
413795957;47546367954;2026-07-22;2026-07-27;2026-07-27;EARLY;D22_PM1;EPA6;planned
413795957;47546396243;2026-07-24;2026-07-25;2026-07-25;EARLY;D22_PM1;EPA6;planned
413795957;47546755378;2026-07-21;2026-07-27;2026-07-27;EARLY;D22_PM1;EPA6;planned
413795957;47547232836;2026-07-22;2026-07-28;2026-07-28;EARLY;D22_PM1;EPA6;planned
413795957;47547300867;2026-07-24;2026-07-25;2026-07-25;EARLY;D22_PM1;EPA6;planned
413795957;47547572881;2026-07-21;2026-07-27;2026-07-27;EARLY;D22_PM1;EPA6;planned
413795957;47547862151;2026-07-24;2026-07-26;2026-07-26;EARLY;D22_PM1;EPA6;planned
413795957;47547884839;2026-07-22;2026-07-27;2026-07-27;EARLY;D22_PM1;EPA6;planned
413795957;47548180576;2026-07-21;2026-07-27;2026-07-27;EARLY;D22_PM1;EPA6;planned
413795957;47549021424;2026-07-19;2026-07-25;2026-07-25;EARLY;D22_PM1;EPA6;planned
413795957;47549064944;2026-07-24;2026-07-28;2026-07-28;EARLY;D22_PM1;EPA6;planned
413795957;47549931794;2026-07-22;2026-07-28;2026-07-28;EARLY;D22_PM1;EPA6;planned
413795957;47550317926;2026-07-22;2026-07-26;2026-07-26;EARLY;D22_PM1;EPA6;planned
413795957;47550435956;2026-07-22;2026-07-27;2026-07-27;EARLY;D22_PM1;EPA6;planned
413795957;47554903128;2026-07-24;2026-07-26;2026-07-26;EARLY;D22_PM1;EPA6;planned
413795957;47554971416;2026-07-24;2026-07-26;2026-07-26;EARLY;D22_PM1;EPA6;planned
413795957;47555272813;2026-07-24;2026-07-26;2026-07-26;EARLY;D22_PM1;EPA6;planned
413795957;47555281427;2026-07-24;2026-07-25;2026-07-25;EARLY;D22_PM1;EPA6;planned
413795957;47555364498;2026-07-24;2026-07-26;2026-07-26;EARLY;D22_PM1;EPA6;planned
413795957;47555515582;2026-07-24;2026-07-25;2026-07-25;EARLY;D22_PM1;EPA6;planned
413795957;47555726828;2026-07-24;2026-07-26;2026-07-26;EARLY;D22_PM1;EPA6;planned
413795957;47556701403;2026-07-24;2026-07-28;2026-07-28;EARLY;D22_PM1;EPA6;planned
413795957;47556949351;2026-07-24;2026-07-25;2026-07-25;EARLY;D22_PM1;EPA6;planned
413795957;47558888303;2026-07-25;;2026-07-25;EARLY;D22_PM1;EPA6;planned
413795957;47559591226;2026-07-24;2026-07-25;2026-07-25;EARLY;D22_PM1;EPA6;planned
413795957;47560900055;2026-07-24;2026-07-25;2026-07-25;EARLY;D22_PM1;EPA6;planned
413795957;47561120619;2026-07-24;2026-07-25;2026-07-25;EARLY;D22_PM1;EPA6;planned
413795957;47561533165;2026-07-22;2026-07-23;2026-07-23;VENCIDO;D22_PM1;EPA6;planned
413795957;47564541278;2026-07-24;2026-07-25;2026-07-25;EARLY;D22_PM1;EPA6;planned
413795957;47565421925;2026-07-25;;2026-07-25;EARLY;D22_PM1;EPA6;planned
413795957;47565903848;2026-07-25;;2026-07-25;EARLY;D22_PM1;EPA6;planned
413795957;47566541924;2026-07-25;;2026-07-25;EARLY;D22_PM1;EPA6;planned
413795957;47566542328;2026-07-25;;2026-07-25;EARLY;D22_PM1;EPA6;planned
413795957;47566542342;2026-07-25;;2026-07-25;EARLY;D22_PM1;EPA6;planned
413795957;47567457775;2026-07-24;2026-07-25;2026-07-25;EARLY;D22_PM1;EPA6;planned
413795957;47568905495;2026-07-25;;2026-07-25;EARLY;D22_PM1;EPA6;planned
413795957;47569067006;2026-07-25;;2026-07-25;EARLY;D22_PM1;EPA6;planned
413795957;47569460789;2026-07-24;2026-07-25;2026-07-25;EARLY;D22_PM1;EPA6;planned
413795957;47571816460;2026-07-24;2026-07-30;2026-07-30;EARLY;D22_PM1;EPA6;planned
413795957;47572274437;2026-07-24;2026-07-30;2026-07-30;EARLY;D22_PM1;EPA6;planned
413795957;47574245166;2026-07-24;2026-07-26;2026-07-26;EARLY;D22_PM1;EPA6;planned
413795957;47576208295;2026-07-24;2026-07-26;2026-07-26;EARLY;D22_PM1;EPA6;planned
413795957;47576318499;2026-07-27;2026-07-28;2026-07-28;EARLY;D22_PM1;EPA6;planned
413795957;47577378702;2026-07-24;2026-07-26;2026-07-26;EARLY;D22_PM1;EPA6;planned
413795957;47578407245;2026-07-24;2026-07-26;2026-07-26;EARLY;D22_PM1;EPA6;planned
413795957;47578664318;2026-07-24;2026-07-26;2026-07-26;EARLY;D22_PM1;EPA6;planned
413795957;47580154483;2026-07-26;2026-07-28;2026-07-28;EARLY;D22_PM1;EPA6;planned
413795957;47580525504;2026-07-25;2026-07-26;2026-07-26;EARLY;D22_PM1;EPA6;planned
413795957;47580651025;2026-07-25;;2026-07-25;EARLY;D22_PM1;EPA6;planned
413795957;47581012745;2026-07-25;2026-07-26;2026-07-26;EARLY;D22_PM1;EPA6;planned
413795957;47581370279;2026-07-25;2026-07-29;2026-07-29;EARLY;D22_PM1;EPA6;planned
413795957;47581594298;2026-07-25;2026-07-26;2026-07-26;EARLY;D22_PM1;EPA6;planned
413795957;47582018617;2026-07-25;;2026-07-25;EARLY;D22_PM1;EPA6;planned
413795957;47582145839;2026-07-25;;2026-07-25;EARLY;D22_PM1;EPA6;planned
413795957;47582145945;2026-07-25;;2026-07-25;EARLY;D22_PM1;EPA6;planned
413795957;47582359287;2026-07-25;;2026-07-25;EARLY;D22_PM1;EPA6;planned
413795957;47583174317;2026-07-25;2026-07-26;2026-07-26;EARLY;D22_PM1;EPA6;planned
413795957;47583251670;2026-07-25;;2026-07-25;EARLY;D22_PM1;EPA6;planned
413795957;47583763034;2026-07-25;;2026-07-25;EARLY;D22_PM1;EPA6;planned
413795957;47585531745;2026-07-25;;2026-07-25;EARLY;D22_PM1;EPA6;planned
413795957;47585751703;2026-07-25;;2026-07-25;EARLY;D22_PM1;EPA6;planned
413795957;47589051379;2026-07-25;;2026-07-25;EARLY;D22_PM1;EPA6;planned
413796398;47517143858;2026-07-20;2026-07-26;2026-07-26;EARLY;D4_PM1;EPA6;planned
413796398;47520244038;2026-07-24;2026-07-27;2026-07-27;EARLY;D4_PM1;EPA6;planned
413796398;47534650714;2026-07-22;2026-07-28;2026-07-28;EARLY;D4_PM1;EPA6;planned
413796398;47535100794;2026-07-21;2026-07-27;2026-07-27;EARLY;D4_PM1;EPA6;planned
413796398;47538611588;2026-07-21;2026-07-27;2026-07-27;EARLY;D4_PM1;EPA6;planned
413796398;47540215141;2026-07-21;2026-07-27;2026-07-27;EARLY;D4_PM1;EPA6;planned
413796398;47541033373;2026-07-26;2026-07-28;2026-07-28;EARLY;D4_PM1;EPA6;planned
413796398;47541899410;2026-07-22;2026-07-28;2026-07-28;EARLY;D4_PM1;EPA6;planned
413796398;47543641159;2026-07-22;2026-07-25;2026-07-25;EARLY;D4_PM1;EPA6;planned
413796398;47543668301;2026-07-21;2026-07-27;2026-07-27;EARLY;D4_PM1;EPA6;planned
413796398;47544508321;2026-07-24;2026-07-25;2026-07-25;EARLY;D4_PM1;EPA6;planned
413796398;47545265141;2026-07-20;2026-07-25;2026-07-25;EARLY;D4_PM1;EPA6;planned
413796398;47546190913;2026-07-23;2026-07-27;2026-07-27;EARLY;D4_PM1;EPA6;planned
413796398;47546207183;2026-07-22;2026-07-28;2026-07-28;EARLY;D4_PM1;EPA6;planned
413796398;47546581185;2026-07-24;2026-07-25;2026-07-25;EARLY;D4_PM1;EPA6;planned
413796398;47546641208;2026-07-23;2026-07-27;2026-07-27;EARLY;D4_PM1;EPA6;planned
413796398;47548526434;2026-07-21;2026-07-25;2026-07-25;EARLY;D4_PM1;EPA6;planned
413796398;47548526480;2026-07-22;2026-07-28;2026-07-28;EARLY;D4_PM1;EPA6;planned
413796398;47554417540;2026-07-22;2026-07-27;2026-07-27;EARLY;D4_PM1;EPA6;planned
413796398;47557173723;2026-07-24;2026-07-26;2026-07-26;EARLY;D4_PM1;EPA6;planned
413796398;47559079224;2026-07-24;2026-07-25;2026-07-25;EARLY;D4_PM1;EPA6;planned
413796398;47559397827;2026-07-25;;2026-07-25;EARLY;D4_PM1;EPA6;planned
413796398;47559817546;2026-07-23;2026-07-29;2026-07-29;EARLY;D4_PM1;EPA6;planned
413796398;47562891525;2026-07-22;2026-07-23;2026-07-23;VENCIDO;D4_PM1;EPA6;planned
413796398;47565141743;2026-07-25;2026-07-26;2026-07-26;EARLY;D4_PM1;EPA6;planned
413796398;47565728523;2026-07-24;2026-07-25;2026-07-25;EARLY;D4_PM1;EPA6;planned
413796398;47568409341;2026-07-24;2026-07-28;2026-07-28;EARLY;D4_PM1;EPA6;planned
413796398;47570619816;2026-07-24;2026-07-25;2026-07-25;EARLY;D4_PM1;EPA6;planned
413796398;47574808244;2026-07-25;;2026-07-25;EARLY;D4_PM1;EPA6;planned
413796398;47575452362;2026-07-24;2026-07-26;2026-07-26;EARLY;D4_PM1;EPA6;planned
413796398;47578264549;2026-07-24;2026-07-26;2026-07-26;EARLY;D4_PM1;EPA6;planned
413796398;47579386174;2026-07-25;;2026-07-25;EARLY;D4_PM1;EPA6;planned
413796398;47579403580;2026-07-25;2026-07-31;2026-07-31;EARLY;D4_PM1;EPA6;planned
413796398;47581573277;2026-07-25;;2026-07-25;EARLY;D4_PM1;EPA6;planned
413796398;47581744740;2026-07-25;2026-07-26;2026-07-26;EARLY;D4_PM1;EPA6;planned
413796398;47582708071;2026-07-25;;2026-07-25;EARLY;D4_PM1;EPA6;planned
413796398;47582809954;2026-07-25;;2026-07-25;EARLY;D4_PM1;EPA6;planned
413796398;47583628732;2026-07-25;;2026-07-25;EARLY;D4_PM1;EPA6;planned
413796398;47583634106;2026-07-25;;2026-07-25;EARLY;D4_PM1;EPA6;planned
413796398;47583938920;2026-07-25;;2026-07-25;EARLY;D4_PM1;EPA6;planned
413796398;47584231240;2026-07-25;;2026-07-25;EARLY;D4_PM1;EPA6;planned
413796398;47586126045;2026-07-25;;2026-07-25;EARLY;D4_PM1;EPA6;planned
413796447;47477643694;2026-07-23;2026-07-27;2026-07-27;EARLY;D2_PM1;EPA6;planned
413796447;47514248490;2026-07-21;2026-07-27;2026-07-27;EARLY;D2_PM1;EPA6;planned
413796447;47525105638;2026-07-22;2026-07-27;2026-07-27;EARLY;D2_PM1;EPA6;planned
413796447;47525451232;2026-07-20;2026-07-26;2026-07-26;EARLY;D2_PM1;EPA6;planned
413796447;47526162837;2026-07-21;2026-07-27;2026-07-27;EARLY;D2_PM1;EPA6;planned
413796447;47528128536;2026-07-22;2026-07-26;2026-07-26;EARLY;D2_PM1;EPA6;planned
413796447;47530197158;2026-07-21;2026-07-27;2026-07-27;EARLY;D2_PM1;EPA6;planned
413796447;47530274239;2026-07-21;2026-07-22;2026-07-22;VENCIDO;D2_PM1;EPA6;planned
413796447;47531891642;2026-07-21;2026-07-27;2026-07-27;EARLY;D2_PM1;EPA6;planned
413796447;47532752607;2026-07-23;2026-07-27;2026-07-27;EARLY;D2_PM1;EPA6;planned
413796447;47532830103;2026-07-21;2026-07-25;2026-07-25;EARLY;D2_PM1;EPA6;planned
413796447;47532877682;2026-07-21;2026-07-27;2026-07-27;EARLY;D2_PM1;EPA6;planned
413796447;47533960307;2026-07-23;2026-07-27;2026-07-27;EARLY;D2_PM1;EPA6;planned
413796447;47535452726;2026-07-23;2026-07-27;2026-07-27;EARLY;D2_PM1;EPA6;planned
413796447;47535621333;2026-07-23;2026-07-27;2026-07-27;EARLY;D2_PM1;EPA6;planned
413796447;47535639210;2026-07-23;2026-07-27;2026-07-27;EARLY;D2_PM1;EPA6;planned
413796447;47535826506;2026-07-21;2026-07-27;2026-07-27;EARLY;D2_PM1;EPA6;planned
413796447;47537678052;2026-07-22;2026-07-27;2026-07-27;EARLY;D2_PM1;EPA6;planned
413796447;47538436171;2026-07-21;2026-07-27;2026-07-27;EARLY;D2_PM1;EPA6;planned
413796447;47539798155;2026-07-24;2026-07-29;2026-07-29;EARLY;D2_PM1;EPA6;planned
413796447;47540872568;2026-07-21;2026-07-25;2026-07-25;EARLY;D2_PM1;EPA6;planned
413796447;47541508555;2026-07-21;2026-07-27;2026-07-27;EARLY;D2_PM1;EPA6;planned
413796447;47543526006;2026-07-21;2026-07-27;2026-07-27;EARLY;D2_PM1;EPA6;planned
413796447;47543589565;2026-07-21;2026-07-27;2026-07-27;EARLY;D2_PM1;EPA6;planned
413796447;47543975193;2026-07-22;2026-07-28;2026-07-28;EARLY;D2_PM1;EPA6;planned
413796447;47544109242;2026-07-23;2026-07-25;2026-07-25;EARLY;D2_PM1;EPA6;planned
413796447;47544405382;2026-07-23;2026-07-25;2026-07-25;EARLY;D2_PM1;EPA6;planned
413796447;47544419960;2026-07-21;2026-07-27;2026-07-27;EARLY;D2_PM1;EPA6;planned
413796447;47544474437;2026-07-24;2026-07-25;2026-07-25;EARLY;D2_PM1;EPA6;planned
413796447;47544839659;2026-07-22;2026-07-28;2026-07-28;EARLY;D2_PM1;EPA6;planned
413796447;47545446874;2026-07-24;2026-07-25;2026-07-25;EARLY;D2_PM1;EPA6;planned
413796447;47546040861;2026-07-22;2026-07-27;2026-07-27;EARLY;D2_PM1;EPA6;planned
413796447;47546294448;2026-07-22;2026-07-27;2026-07-27;EARLY;D2_PM1;EPA6;planned
413796447;47546391240;2026-07-24;2026-07-26;2026-07-26;EARLY;D2_PM1;EPA6;planned
413796447;47546415806;2026-07-21;2026-07-27;2026-07-27;EARLY;D2_PM1;EPA6;planned
413796447;47546462173;2026-07-24;2026-07-25;2026-07-25;EARLY;D2_PM1;EPA6;planned
413796447;47546641403;2026-07-24;2026-07-25;2026-07-25;EARLY;D2_PM1;EPA6;planned
413796447;47547025900;2026-07-24;2026-07-25;2026-07-25;EARLY;D2_PM1;EPA6;planned
413796447;47547273240;2026-07-24;2026-07-25;2026-07-25;EARLY;D2_PM1;EPA6;planned
413796447;47547325424;2026-07-24;2026-07-25;2026-07-25;EARLY;D2_PM1;EPA6;planned
413796447;47547542131;2026-07-22;2026-07-28;2026-07-28;EARLY;D2_PM1;EPA6;planned
413796447;47547638187;2026-07-24;2026-07-26;2026-07-26;EARLY;D2_PM1;EPA6;planned
413796447;47548578755;2026-07-23;;2026-07-23;VENCIDO;D2_PM1;EPA6;planned
413796447;47549789579;2026-07-22;2026-07-25;2026-07-25;EARLY;D2_PM1;EPA6;planned
413796447;47552565258;2026-07-24;2026-07-26;2026-07-26;EARLY;D2_PM1;EPA6;planned
413796447;47552602403;2026-07-25;2026-07-26;2026-07-26;EARLY;D2_PM1;EPA6;planned
413796447;47552714370;2026-07-24;2026-07-30;2026-07-30;EARLY;D2_PM1;EPA6;planned
413796447;47552957866;2026-07-24;2026-07-26;2026-07-26;EARLY;D2_PM1;EPA6;planned
413796447;47553084145;2026-07-24;2026-07-25;2026-07-25;EARLY;D2_PM1;EPA6;planned
413796447;47553391182;2026-07-24;2026-07-26;2026-07-26;EARLY;D2_PM1;EPA6;planned
413796447;47553626737;2026-07-24;2026-07-25;2026-07-25;EARLY;D2_PM1;EPA6;planned
413796447;47553787486;2026-07-24;2026-07-25;2026-07-25;EARLY;D2_PM1;EPA6;planned
413796447;47554177451;2026-07-22;2026-07-27;2026-07-27;EARLY;D2_PM1;EPA6;planned
413796447;47554195952;2026-07-24;;2026-07-24;ON TIME;D2_PM1;EPA6;planned
413796447;47555076064;2026-07-24;2026-07-25;2026-07-25;EARLY;D2_PM1;EPA6;planned
413796447;47556028854;2026-07-22;2026-07-26;2026-07-26;EARLY;D2_PM1;EPA6;planned
413796447;47556619430;2026-07-22;2026-07-28;2026-07-28;EARLY;D2_PM1;EPA6;planned
413796447;47557528395;2026-07-24;2026-07-25;2026-07-25;EARLY;D2_PM1;EPA6;planned
413796447;47558373481;2026-07-26;2026-08-01;2026-08-01;EARLY;D2_PM1;EPA6;planned
413796447;47559953797;2026-07-23;2026-07-29;2026-07-29;EARLY;D2_PM1;EPA6;planned
413796447;47560299502;2026-07-24;2026-07-25;2026-07-25;EARLY;D2_PM1;EPA6;planned
413796447;47561061376;2026-07-23;2026-07-29;2026-07-29;EARLY;D2_PM1;EPA6;planned
413796447;47563525016;2026-07-24;2026-07-26;2026-07-26;EARLY;D2_PM1;EPA6;planned
413796447;47563964242;2026-07-25;;2026-07-25;EARLY;D2_PM1;EPA6;planned
413796447;47564629406;2026-07-25;2026-07-27;2026-07-27;EARLY;D2_PM1;EPA6;planned
413796447;47567452728;2026-07-24;2026-07-25;2026-07-25;EARLY;D2_PM1;EPA6;planned
413796447;47568108430;2026-07-26;;2026-07-26;EARLY;D2_PM1;EPA6;planned
413796447;47568624269;2026-07-24;2026-07-28;2026-07-28;EARLY;D2_PM1;EPA6;planned
413796447;47568657192;2026-07-26;2026-07-29;2026-07-29;EARLY;D2_PM1;EPA6;planned
413796447;47569066400;2026-07-26;2026-07-29;2026-07-29;EARLY;D2_PM1;EPA6;planned
413796447;47570030213;2026-07-24;2026-07-25;2026-07-25;EARLY;D2_PM1;EPA6;planned
413796447;47570314587;2026-07-24;2026-07-25;2026-07-25;EARLY;D2_PM1;EPA6;planned
413796447;47570393413;2026-07-24;2026-07-25;2026-07-25;EARLY;D2_PM1;EPA6;planned
413796447;47571084517;2026-07-24;2026-07-25;2026-07-25;EARLY;D2_PM1;EPA6;planned
413796447;47571215970;2026-07-25;;2026-07-25;EARLY;D2_PM1;EPA6;planned
413796447;47572750100;2026-07-24;2026-07-30;2026-07-30;EARLY;D2_PM1;EPA6;planned
413796447;47573598624;2026-07-25;2026-07-30;2026-07-30;EARLY;D2_PM1;EPA6;planned
413796447;47576371341;2026-07-25;;2026-07-25;EARLY;D2_PM1;EPA6;planned
413796447;47576371379;2026-07-25;;2026-07-25;EARLY;D2_PM1;EPA6;planned
413796447;47576371427;2026-07-25;;2026-07-25;EARLY;D2_PM1;EPA6;planned
413796447;47576621260;2026-07-25;;2026-07-25;EARLY;D2_PM1;EPA6;planned
413796447;47577604116;2026-07-25;2026-07-27;2026-07-27;EARLY;D2_PM1;EPA6;planned
413796447;47578232948;2026-07-24;2026-07-26;2026-07-26;EARLY;D2_PM1;EPA6;planned
413796447;47578619134;2026-07-26;2026-07-28;2026-07-28;EARLY;D2_PM1;EPA6;planned
413796447;47578728728;2026-07-24;2026-07-26;2026-07-26;EARLY;D2_PM1;EPA6;planned
413796447;47579073981;2026-07-24;2026-07-26;2026-07-26;EARLY;D2_PM1;EPA6;planned
413796447;47579106958;2026-07-24;2026-07-26;2026-07-26;EARLY;D2_PM1;EPA6;planned
413796447;47581620837;2026-07-25;;2026-07-25;EARLY;D2_PM1;EPA6;planned
413796447;47582468088;2026-07-25;2026-07-26;2026-07-26;EARLY;D2_PM1;EPA6;planned
413796447;47582538982;2026-07-25;;2026-07-25;EARLY;D2_PM1;EPA6;planned
413796447;47582539326;2026-07-25;;2026-07-25;EARLY;D2_PM1;EPA6;planned
413796447;47582820297;2026-07-25;2026-07-26;2026-07-26;EARLY;D2_PM1;EPA6;planned
413796447;47583257943;2026-07-27;2026-07-29;2026-07-29;EARLY;D2_PM1;EPA6;planned
413796447;47585765884;2026-07-25;;2026-07-25;EARLY;D2_PM1;EPA6;planned
413796447;47586155866;2026-07-25;;2026-07-25;EARLY;D2_PM1;EPA6;planned
413796447;47586155900;2026-07-25;;2026-07-25;EARLY;D2_PM1;EPA6;planned
413796447;47589097897;2026-07-25;;2026-07-25;EARLY;D2_PM1;EPA6;planned
413796678;47410672384;2026-07-05;2026-07-07;2026-07-07;VENCIDO;D3_PM1;EPA6;planned
413796678;47477581112;2026-07-23;2026-07-27;2026-07-27;EARLY;D3_PM1;EPA6;planned
413796678;47489624130;2026-07-19;2026-07-25;2026-07-25;EARLY;D3_PM1;EPA6;planned
413796678;47505284791;2026-07-23;2026-07-27;2026-07-27;EARLY;D3_PM1;EPA6;planned
413796678;47505491193;2026-07-23;2026-07-27;2026-07-27;EARLY;D3_PM1;EPA6;planned
413796678;47512028734;2026-07-23;2026-07-27;2026-07-27;EARLY;D3_PM1;EPA6;planned
413796678;47517517260;2026-07-21;2026-07-23;2026-07-23;VENCIDO;D3_PM1;EPA6;planned
413796678;47523873444;2026-07-23;2026-07-27;2026-07-27;EARLY;D3_PM1;EPA6;planned
413796678;47525270347;2026-07-26;2026-07-28;2026-07-28;EARLY;D3_PM1;EPA6;planned
413796678;47525753957;2026-07-21;2026-07-27;2026-07-27;EARLY;D3_PM1;EPA6;planned
413796678;47528291065;2026-07-19;2026-07-23;2026-07-23;VENCIDO;D3_PM1;EPA6;planned
413796678;47531051764;2026-07-21;2026-07-27;2026-07-27;EARLY;D3_PM1;EPA6;planned
413796678;47532479954;2026-07-21;2026-07-27;2026-07-27;EARLY;D3_PM1;EPA6;planned
413796678;47533289850;2026-07-21;2026-07-27;2026-07-27;EARLY;D3_PM1;EPA6;planned
413796678;47534073858;2026-07-21;2026-07-27;2026-07-27;EARLY;D3_PM1;EPA6;planned
413796678;47534214414;2026-07-19;2026-07-23;2026-07-23;VENCIDO;D3_PM1;EPA6;planned
413796678;47535396051;2026-07-23;2026-07-28;2026-07-28;EARLY;D3_PM1;EPA6;planned
413796678;47535509655;2026-07-21;2026-07-27;2026-07-27;EARLY;D3_PM1;EPA6;planned
413796678;47535766424;2026-07-21;2026-07-27;2026-07-27;EARLY;D3_PM1;EPA6;planned
413796678;47537093226;2026-07-19;2026-07-25;2026-07-25;EARLY;D3_PM1;EPA6;planned
413796678;47537119308;2026-07-23;2026-07-28;2026-07-28;EARLY;D3_PM1;EPA6;planned
413796678;47537331730;2026-07-22;2026-07-27;2026-07-27;EARLY;D3_PM1;EPA6;planned
413796678;47537471197;2026-07-23;2026-07-28;2026-07-28;EARLY;D3_PM1;EPA6;planned
413796678;47538021658;2026-07-22;2026-07-27;2026-07-27;EARLY;D3_PM1;EPA6;planned
413796678;47538162744;2026-07-21;2026-07-27;2026-07-27;EARLY;D3_PM1;EPA6;planned
413796678;47538607065;2026-07-21;2026-07-27;2026-07-27;EARLY;D3_PM1;EPA6;planned
413796678;47539227893;2026-07-21;2026-07-23;2026-07-23;VENCIDO;D3_PM1;EPA6;planned
413796678;47539382860;2026-07-22;2026-07-28;2026-07-28;EARLY;D3_PM1;EPA6;planned
413796678;47541753268;2026-07-22;2026-07-23;2026-07-23;VENCIDO;D3_PM1;EPA6;planned
413796678;47542395324;2026-07-21;2026-07-27;2026-07-27;EARLY;D3_PM1;EPA6;planned
413796678;47543075403;2026-07-21;2026-07-25;2026-07-25;EARLY;D3_PM1;EPA6;planned
413796678;47543816109;2026-07-22;2026-07-28;2026-07-28;EARLY;D3_PM1;EPA6;planned
413796678;47543908537;2026-07-21;2026-07-27;2026-07-27;EARLY;D3_PM1;EPA6;planned
413796678;47544051080;2026-07-21;2026-07-27;2026-07-27;EARLY;D3_PM1;EPA6;planned
413796678;47544059501;2026-07-23;2026-07-25;2026-07-25;EARLY;D3_PM1;EPA6;planned
413796678;47544776809;2026-07-21;2026-07-26;2026-07-26;EARLY;D3_PM1;EPA6;planned
413796678;47544787729;2026-07-22;2026-07-27;2026-07-27;EARLY;D3_PM1;EPA6;planned
413796678;47544826165;2026-07-21;2026-07-27;2026-07-27;EARLY;D3_PM1;EPA6;planned
413796678;47544932554;2026-07-24;2026-07-25;2026-07-25;EARLY;D3_PM1;EPA6;planned
413796678;47545303988;2026-07-24;2026-07-25;2026-07-25;EARLY;D3_PM1;EPA6;planned
413796678;47545405784;2026-07-21;2026-07-27;2026-07-27;EARLY;D3_PM1;EPA6;planned
413796678;47545524975;2026-07-23;2026-07-27;2026-07-27;EARLY;D3_PM1;EPA6;planned
413796678;47545857123;2026-07-24;2026-07-25;2026-07-25;EARLY;D3_PM1;EPA6;planned
413796678;47546185976;2026-07-21;2026-07-27;2026-07-27;EARLY;D3_PM1;EPA6;planned
413796678;47546186442;2026-07-22;2026-07-28;2026-07-28;EARLY;D3_PM1;EPA6;planned
413796678;47546865217;2026-07-21;2026-07-27;2026-07-27;EARLY;D3_PM1;EPA6;planned
413796678;47547240178;2026-07-22;2026-07-27;2026-07-27;EARLY;D3_PM1;EPA6;planned
413796678;47547735425;2026-07-24;2026-07-26;2026-07-26;EARLY;D3_PM1;EPA6;planned
413796678;47547792633;2026-07-22;2026-07-28;2026-07-28;EARLY;D3_PM1;EPA6;planned
413796678;47547920897;2026-07-22;2026-07-27;2026-07-27;EARLY;D3_PM1;EPA6;planned
413796678;47548433777;2026-07-22;2026-07-28;2026-07-28;EARLY;D3_PM1;EPA6;planned
413796678;47548892139;2026-07-22;2026-07-23;2026-07-23;VENCIDO;D3_PM1;EPA6;planned
413796678;47549701908;2026-07-24;2026-07-26;2026-07-26;EARLY;D3_PM1;EPA6;planned
413796678;47550917521;2026-07-24;2026-07-26;2026-07-26;EARLY;D3_PM1;EPA6;planned
413796678;47550961683;2026-07-24;2026-07-26;2026-07-26;EARLY;D3_PM1;EPA6;planned
413796678;47551350452;2026-07-23;2026-07-28;2026-07-28;EARLY;D3_PM1;EPA6;planned
413796678;47553685221;2026-07-24;2026-07-25;2026-07-25;EARLY;D3_PM1;EPA6;planned
413796678;47556023017;2026-07-24;2026-07-28;2026-07-28;EARLY;D3_PM1;EPA6;planned
413796678;47556023498;2026-07-24;2026-07-25;2026-07-25;EARLY;D3_PM1;EPA6;planned
413796678;47556282751;2026-07-24;2026-07-26;2026-07-26;EARLY;D3_PM1;EPA6;planned
413796678;47556989846;2026-07-23;2026-07-29;2026-07-29;EARLY;D3_PM1;EPA6;planned
413796678;47558015859;2026-07-24;2026-07-25;2026-07-25;EARLY;D3_PM1;EPA6;planned
413796678;47559521145;2026-07-24;;2026-07-24;ON TIME;D3_PM1;EPA6;planned
413796678;47559712371;2026-07-24;2026-07-25;2026-07-25;EARLY;D3_PM1;EPA6;planned
413796678;47559845770;2026-07-24;2026-07-25;2026-07-25;EARLY;D3_PM1;EPA6;planned
413796678;47561121015;2026-07-24;2026-07-25;2026-07-25;EARLY;D3_PM1;EPA6;planned
413796678;47561530516;2026-07-24;2026-07-25;2026-07-25;EARLY;D3_PM1;EPA6;planned
413796678;47562957357;2026-07-24;2026-07-25;2026-07-25;EARLY;D3_PM1;EPA6;planned
413796678;47563860601;2026-07-22;2026-07-23;2026-07-23;VENCIDO;D3_PM1;EPA6;planned
413796678;47564012447;2026-07-24;2026-07-26;2026-07-26;EARLY;D3_PM1;EPA6;planned
413796678;47564899751;2026-07-23;2026-07-24;2026-07-24;ON TIME;D3_PM1;EPA6;planned
413796678;47565192356;2026-07-23;2026-07-29;2026-07-29;EARLY;D3_PM1;EPA6;planned
413796678;47565904157;;;;;D3_PM1;EPA6;planned
413796678;47566164536;2026-07-27;2026-07-28;2026-07-28;EARLY;D3_PM1;EPA6;planned
413796678;47566535330;2026-07-25;;2026-07-25;EARLY;D3_PM1;EPA6;planned
413796678;47567543217;2026-07-25;;2026-07-25;EARLY;D3_PM1;EPA6;planned
413796678;47567621965;2026-07-22;2026-07-23;2026-07-23;VENCIDO;D3_PM1;EPA6;planned
413796678;47567794362;2026-07-23;2026-07-28;2026-07-28;EARLY;D3_PM1;EPA6;planned
413796678;47569448063;2026-07-25;;2026-07-25;EARLY;D3_PM1;EPA6;planned
413796678;47570326779;2026-07-24;2026-07-25;2026-07-25;EARLY;D3_PM1;EPA6;planned
413796678;47570789690;2026-07-25;;2026-07-25;EARLY;D3_PM1;EPA6;planned
413796678;47571040886;2026-07-24;2026-07-25;2026-07-25;EARLY;D3_PM1;EPA6;planned
413796678;47571187848;2026-07-25;;2026-07-25;EARLY;D3_PM1;EPA6;planned
413796678;47572599593;2026-07-26;2026-07-27;2026-07-27;EARLY;D3_PM1;EPA6;planned
413796678;47573296143;2026-07-24;2026-07-26;2026-07-26;EARLY;D3_PM1;EPA6;planned
413796678;47575553160;2026-07-25;;2026-07-25;EARLY;D3_PM1;EPA6;planned
413796678;47575704949;2026-07-25;;2026-07-25;EARLY;D3_PM1;EPA6;planned
413796678;47578398689;2026-07-24;2026-07-30;2026-07-30;EARLY;D3_PM1;EPA6;planned
413796678;47579560362;2026-07-25;2026-07-26;2026-07-26;EARLY;D3_PM1;EPA6;planned
413796678;47580078577;2026-07-25;2026-07-26;2026-07-26;EARLY;D3_PM1;EPA6;planned
413796678;47582349594;2026-07-25;2026-07-26;2026-07-26;EARLY;D3_PM1;EPA6;planned
413796678;47582350010;2026-07-25;;2026-07-25;EARLY;D3_PM1;EPA6;planned
413796678;47582466714;2026-07-25;;2026-07-25;EARLY;D3_PM1;EPA6;planned
413796678;47583490887;2026-07-25;;2026-07-25;EARLY;D3_PM1;EPA6;planned
413796678;47584733374;2026-07-25;;2026-07-25;EARLY;D3_PM1;EPA6;planned
413796678;47586661305;2026-07-25;;2026-07-25;EARLY;D3_PM1;EPA6;planned
413796678;47586720306;2026-07-25;;2026-07-25;EARLY;D3_PM1;EPA6;planned
413796748;47396937027;2026-07-25;2026-07-29;2026-07-29;EARLY;D1_PM1;EPA6;planned
413796748;47460157905;2026-07-19;2026-07-25;2026-07-25;EARLY;D1_PM1;EPA6;planned
413796748;47505389369;2026-07-22;2026-07-28;2026-07-28;EARLY;D1_PM1;EPA6;planned
413796748;47506033092;2026-07-17;2026-07-23;2026-07-23;VENCIDO;D1_PM1;EPA6;planned
413796748;47507917794;2026-07-20;2026-07-26;2026-07-26;EARLY;D1_PM1;EPA6;planned
413796748;47520578662;2026-07-23;2026-07-28;2026-07-28;EARLY;D1_PM1;EPA6;planned
413796748;47528698277;2026-07-24;2026-07-28;2026-07-28;EARLY;D1_PM1;EPA6;planned
413796748;47528944376;2026-07-24;2026-07-28;2026-07-28;EARLY;D1_PM1;EPA6;planned
413796748;47530683552;2026-07-21;2026-07-26;2026-07-26;EARLY;D1_PM1;EPA6;planned
413796748;47531181904;2026-07-25;2026-07-28;2026-07-28;EARLY;D1_PM1;EPA6;planned
413796748;47531308459;2026-07-21;2026-07-27;2026-07-27;EARLY;D1_PM1;EPA6;planned
413796748;47531423123;2026-07-19;2026-07-23;2026-07-23;VENCIDO;D1_PM1;EPA6;planned
413796748;47532687915;2026-07-22;2026-07-27;2026-07-27;EARLY;D1_PM1;EPA6;planned
413796748;47533079700;2026-07-22;2026-07-28;2026-07-28;EARLY;D1_PM1;EPA6;planned
413796748;47533193610;2026-07-23;2026-07-28;2026-07-28;EARLY;D1_PM1;EPA6;planned
413796748;47533982485;2026-07-21;2026-07-27;2026-07-27;EARLY;D1_PM1;EPA6;planned
413796748;47534552192;2026-07-23;2026-07-28;2026-07-28;EARLY;D1_PM1;EPA6;planned
413796748;47535366872;2026-07-21;2026-07-27;2026-07-27;EARLY;D1_PM1;EPA6;planned
413796748;47535373100;2026-07-22;2026-07-27;2026-07-27;EARLY;D1_PM1;EPA6;planned
413796748;47535841713;2026-07-23;2026-07-28;2026-07-28;EARLY;D1_PM1;EPA6;planned
413796748;47535842075;2026-07-23;2026-07-28;2026-07-28;EARLY;D1_PM1;EPA6;planned
413796748;47535935298;2026-07-21;2026-07-27;2026-07-27;EARLY;D1_PM1;EPA6;planned
413796748;47536055452;2026-07-23;2026-07-28;2026-07-28;EARLY;D1_PM1;EPA6;planned
413796748;47536055482;2026-07-18;2026-07-23;2026-07-23;VENCIDO;D1_PM1;EPA6;planned
413796748;47536733873;2026-07-21;2026-07-27;2026-07-27;EARLY;D1_PM1;EPA6;planned
413796748;47538510172;2026-07-24;2026-07-28;2026-07-28;EARLY;D1_PM1;EPA6;planned
413796748;47538712585;2026-07-23;2026-07-27;2026-07-27;EARLY;D1_PM1;EPA6;planned
413796748;47538867465;2026-07-23;2026-07-27;2026-07-27;EARLY;D1_PM1;EPA6;planned
413796748;47539078770;2026-07-23;2026-07-28;2026-07-28;EARLY;D1_PM1;EPA6;planned
413796748;47539079302;2026-07-23;2026-07-28;2026-07-28;EARLY;D1_PM1;EPA6;planned
413796748;47539634171;2026-07-21;2026-07-23;2026-07-23;VENCIDO;D1_PM1;EPA6;planned
413796748;47540810887;2026-07-21;2026-07-22;2026-07-22;VENCIDO;D1_PM1;EPA6;planned
413796748;47543803012;2026-07-23;2026-07-28;2026-07-28;EARLY;D1_PM1;EPA6;planned
413796748;47543803034;2026-07-23;2026-07-28;2026-07-28;EARLY;D1_PM1;EPA6;planned
413796748;47543803064;2026-07-23;2026-07-28;2026-07-28;EARLY;D1_PM1;EPA6;planned
413796748;47544494889;2026-07-24;2026-07-25;2026-07-25;EARLY;D1_PM1;EPA6;planned
413796748;47544728792;2026-07-24;2026-07-28;2026-07-28;EARLY;D1_PM1;EPA6;planned
413796748;47545011346;2026-07-24;2026-07-25;2026-07-25;EARLY;D1_PM1;EPA6;planned
413796748;47545241119;2026-07-21;2026-07-27;2026-07-27;EARLY;D1_PM1;EPA6;planned
413796748;47545430434;2026-07-21;2026-07-25;2026-07-25;EARLY;D1_PM1;EPA6;planned
413796748;47547050444;2026-07-23;2026-07-27;2026-07-27;EARLY;D1_PM1;EPA6;planned
413796748;47547109315;2026-07-22;2026-07-27;2026-07-27;EARLY;D1_PM1;EPA6;planned
413796748;47547243907;2026-07-24;2026-07-28;2026-07-28;EARLY;D1_PM1;EPA6;planned
413796748;47547255495;2026-07-24;2026-07-28;2026-07-28;EARLY;D1_PM1;EPA6;planned
413796748;47547275011;2026-07-24;2026-07-28;2026-07-28;EARLY;D1_PM1;EPA6;planned
413796748;47547699445;2026-07-23;2026-07-27;2026-07-27;EARLY;D1_PM1;EPA6;planned
413796748;47547719730;2026-07-24;2026-07-26;2026-07-26;EARLY;D1_PM1;EPA6;planned
413796748;47547801186;2026-07-22;2026-07-27;2026-07-27;EARLY;D1_PM1;EPA6;planned
413796748;47548727767;2026-07-22;2026-07-28;2026-07-28;EARLY;D1_PM1;EPA6;planned
413796748;47549065332;2026-07-22;2026-07-27;2026-07-27;EARLY;D1_PM1;EPA6;planned
413796748;47549830655;2026-07-25;2026-07-26;2026-07-26;EARLY;D1_PM1;EPA6;planned
413796748;47549830675;2026-07-22;2026-07-28;2026-07-28;EARLY;D1_PM1;EPA6;planned
413796748;47550178187;2026-07-25;2026-07-28;2026-07-28;EARLY;D1_PM1;EPA6;planned
413796748;47550963845;2026-07-23;2026-07-28;2026-07-28;EARLY;D1_PM1;EPA6;planned
413796748;47551838381;2026-07-22;2026-07-28;2026-07-28;EARLY;D1_PM1;EPA6;planned
413796748;47555391124;;;;;D1_PM1;EPA6;planned
413796748;47556746004;2026-07-24;2026-07-26;2026-07-26;EARLY;D1_PM1;EPA6;planned
413796748;47557738038;2026-07-24;2026-07-26;2026-07-26;EARLY;D1_PM1;EPA6;planned
413796748;47558461861;2026-07-22;2026-07-23;2026-07-23;VENCIDO;D1_PM1;EPA6;planned
413796748;47558714760;2026-07-24;2026-07-25;2026-07-25;EARLY;D1_PM1;EPA6;planned
413796748;47559178656;2026-07-26;2026-07-27;2026-07-27;EARLY;D1_PM1;EPA6;planned
413796748;47560037635;2026-07-24;2026-07-25;2026-07-25;EARLY;D1_PM1;EPA6;planned
413796748;47560295329;2026-07-24;2026-07-25;2026-07-25;EARLY;D1_PM1;EPA6;planned
413796748;47560401072;2026-07-25;;2026-07-25;EARLY;D1_PM1;EPA6;planned
413796748;47560878727;2026-07-26;2026-07-27;2026-07-27;EARLY;D1_PM1;EPA6;planned
413796748;47562301829;2026-07-25;;2026-07-25;EARLY;D1_PM1;EPA6;planned
413796748;47562553558;2026-07-24;2026-07-25;2026-07-25;EARLY;D1_PM1;EPA6;planned
413796748;47563737877;2026-07-25;;2026-07-25;EARLY;D1_PM1;EPA6;planned
413796748;47564129635;2026-07-24;2026-07-25;2026-07-25;EARLY;D1_PM1;EPA6;planned
413796748;47565092221;2026-07-24;2026-07-25;2026-07-25;EARLY;D1_PM1;EPA6;planned
413796748;47568689997;2026-07-25;2026-07-26;2026-07-26;EARLY;D1_PM1;EPA6;planned
413796748;47568690258;2026-07-24;2026-07-25;2026-07-25;EARLY;D1_PM1;EPA6;planned
413796748;47568722543;2026-07-26;2026-07-27;2026-07-27;EARLY;D1_PM1;EPA6;planned
413796748;47569019544;2026-07-25;;2026-07-25;EARLY;D1_PM1;EPA6;planned
413796748;47569391855;2026-07-24;2026-07-25;2026-07-25;EARLY;D1_PM1;EPA6;planned
413796748;47569898073;2026-07-25;;2026-07-25;EARLY;D1_PM1;EPA6;planned
413796748;47570709339;2026-07-24;2026-07-25;2026-07-25;EARLY;D1_PM1;EPA6;planned
413796748;47570709387;2026-07-24;2026-07-25;2026-07-25;EARLY;D1_PM1;EPA6;planned
413796748;47570996630;2026-07-23;2026-07-24;2026-07-24;ON TIME;D1_PM1;EPA6;planned
413796748;47571206705;2026-07-24;;2026-07-24;ON TIME;D1_PM1;EPA6;planned
413796748;47572593523;2026-07-25;;2026-07-25;EARLY;D1_PM1;EPA6;planned
413796748;47572980633;2026-07-24;2026-07-26;2026-07-26;EARLY;D1_PM1;EPA6;planned
413796748;47573184103;2026-07-24;2026-07-26;2026-07-26;EARLY;D1_PM1;EPA6;planned
413796748;47573470656;2026-07-24;2026-07-26;2026-07-26;EARLY;D1_PM1;EPA6;planned
413796748;47573729072;2026-07-24;2026-07-30;2026-07-30;EARLY;D1_PM1;EPA6;planned
413796748;47574365138;2026-07-24;2026-07-25;2026-07-25;EARLY;D1_PM1;EPA6;planned
413796748;47575303732;2026-07-24;2026-07-26;2026-07-26;EARLY;D1_PM1;EPA6;planned
413796748;47575799992;2026-07-25;2026-07-27;2026-07-27;EARLY;D1_PM1;EPA6;planned
413796748;47576228478;2026-07-24;2026-07-26;2026-07-26;EARLY;D1_PM1;EPA6;planned
413796748;47577184438;2026-07-25;;2026-07-25;EARLY;D1_PM1;EPA6;planned
413796748;47578006599;2026-07-24;2026-07-26;2026-07-26;EARLY;D1_PM1;EPA6;planned
413796748;47578871913;2026-07-26;2026-07-28;2026-07-28;EARLY;D1_PM1;EPA6;planned
413796748;47578964835;2026-07-25;2026-07-31;2026-07-31;EARLY;D1_PM1;EPA6;planned
413796748;47579507471;2026-07-24;2026-07-26;2026-07-26;EARLY;D1_PM1;EPA6;planned
413796748;47579986750;2026-07-24;2026-07-26;2026-07-26;EARLY;D1_PM1;EPA6;planned
413796748;47581444103;2026-07-25;2026-07-26;2026-07-26;EARLY;D1_PM1;EPA6;planned
413796748;47582224889;2026-07-25;;2026-07-25;EARLY;D1_PM1;EPA6;planned
413796748;47583129103;2026-07-25;2026-07-26;2026-07-26;EARLY;D1_PM1;EPA6;planned
413796748;47584153382;2026-07-25;;2026-07-25;EARLY;D1_PM1;EPA6;planned
413796748;47584631259;;;;;D1_PM1;EPA6;planned
413796748;47584882190;;;;;D1_PM1;EPA6;planned
413796748;47588626695;2026-07-25;;2026-07-25;EARLY;D1_PM1;EPA6;planned
413797329;47437569118;2026-07-21;2026-07-27;2026-07-27;EARLY;D24_PM1;EPA6;planned
413797329;47465517447;2026-07-12;2026-07-18;2026-07-18;VENCIDO;D24_PM1;EPA6;planned
413797329;47473523054;2026-07-19;2026-07-25;2026-07-25;EARLY;D24_PM1;EPA6;planned
413797329;47476682801;2026-07-14;2026-07-20;2026-07-20;VENCIDO;D24_PM1;EPA6;planned
413797329;47479540062;2026-07-23;2026-07-27;2026-07-27;EARLY;D24_PM1;EPA6;planned
413797329;47483762225;2026-07-26;2026-08-01;2026-08-01;EARLY;D24_PM1;EPA6;planned
413797329;47485447700;2026-07-21;2026-07-27;2026-07-27;EARLY;D24_PM1;EPA6;planned
413797329;47495334084;2026-07-18;2026-07-23;2026-07-23;VENCIDO;D24_PM1;EPA6;planned
413797329;47502263832;2026-07-21;2026-07-27;2026-07-27;EARLY;D24_PM1;EPA6;planned
413797329;47506314564;2026-07-23;2026-07-27;2026-07-27;EARLY;D24_PM1;EPA6;planned
413797329;47506817713;2026-07-19;2026-07-25;2026-07-25;EARLY;D24_PM1;EPA6;planned
413797329;47507771011;2026-07-21;2026-07-27;2026-07-27;EARLY;D24_PM1;EPA6;planned
413797329;47518361006;2026-07-21;2026-07-27;2026-07-27;EARLY;D24_PM1;EPA6;planned
413797329;47520303866;2026-07-23;2026-07-27;2026-07-27;EARLY;D24_PM1;EPA6;planned
413797329;47524041452;2026-07-23;2026-07-27;2026-07-27;EARLY;D24_PM1;EPA6;planned
413797329;47524049019;2026-07-21;2026-07-27;2026-07-27;EARLY;D24_PM1;EPA6;planned
413797329;47527259971;2026-07-23;2026-07-27;2026-07-27;EARLY;D24_PM1;EPA6;planned
413797329;47529964532;2026-07-20;2026-07-26;2026-07-26;EARLY;D24_PM1;EPA6;planned
413797329;47531092895;2026-07-19;2026-07-25;2026-07-25;EARLY;D24_PM1;EPA6;planned
413797329;47532256091;2026-07-21;2026-07-27;2026-07-27;EARLY;D24_PM1;EPA6;planned
413797329;47533363678;2026-07-21;2026-07-27;2026-07-27;EARLY;D24_PM1;EPA6;planned
413797329;47534120658;2026-07-21;2026-07-27;2026-07-27;EARLY;D24_PM1;EPA6;planned
413797329;47534596466;2026-07-23;2026-07-28;2026-07-28;EARLY;D24_PM1;EPA6;planned
413797329;47534750027;2026-07-21;2026-07-27;2026-07-27;EARLY;D24_PM1;EPA6;planned
413797329;47534845247;2026-07-23;2026-07-27;2026-07-27;EARLY;D24_PM1;EPA6;planned
413797329;47535126558;2026-07-21;2026-07-27;2026-07-27;EARLY;D24_PM1;EPA6;planned
413797329;47535899887;2026-07-21;2026-07-27;2026-07-27;EARLY;D24_PM1;EPA6;planned
413797329;47536784455;2026-07-23;2026-07-28;2026-07-28;EARLY;D24_PM1;EPA6;planned
413797329;47537040678;2026-07-23;2026-07-28;2026-07-28;EARLY;D24_PM1;EPA6;planned
413797329;47537490705;2026-07-21;2026-07-27;2026-07-27;EARLY;D24_PM1;EPA6;planned
413797329;47537490747;2026-07-23;2026-07-27;2026-07-27;EARLY;D24_PM1;EPA6;planned
413797329;47537490977;2026-07-23;2026-07-27;2026-07-27;EARLY;D24_PM1;EPA6;planned
413797329;47537573558;2026-07-23;2026-07-28;2026-07-28;EARLY;D24_PM1;EPA6;planned
413797329;47538310015;2026-07-21;2026-07-27;2026-07-27;EARLY;D24_PM1;EPA6;planned
413797329;47538543247;2026-07-21;2026-07-27;2026-07-27;EARLY;D24_PM1;EPA6;planned
413797329;47538616841;2026-07-22;2026-07-27;2026-07-27;EARLY;D24_PM1;EPA6;planned
413797329;47539067868;2026-07-21;2026-07-27;2026-07-27;EARLY;D24_PM1;EPA6;planned
413797329;47540579675;2026-07-22;2026-07-27;2026-07-27;EARLY;D24_PM1;EPA6;planned
413797329;47541151348;2026-07-21;2026-07-23;2026-07-23;VENCIDO;D24_PM1;EPA6;planned
413797329;47542163748;2026-07-22;2026-07-28;2026-07-28;EARLY;D24_PM1;EPA6;planned
413797329;47542729136;2026-07-23;2026-07-27;2026-07-27;EARLY;D24_PM1;EPA6;planned
413797329;47543715407;2026-07-23;2026-07-25;2026-07-25;EARLY;D24_PM1;EPA6;planned
413797329;47544543655;2026-07-22;2026-07-28;2026-07-28;EARLY;D24_PM1;EPA6;planned
413797329;47545043134;2026-07-26;2026-07-27;2026-07-27;EARLY;D24_PM1;EPA6;planned
413797329;47545649749;2026-07-24;2026-07-26;2026-07-26;EARLY;D24_PM1;EPA6;planned
413797329;47545806445;2026-07-21;2026-07-27;2026-07-27;EARLY;D24_PM1;EPA6;planned
413797329;47546131170;2026-07-21;2026-07-27;2026-07-27;EARLY;D24_PM1;EPA6;planned
413797329;47546498626;2026-07-22;2026-07-27;2026-07-27;EARLY;D24_PM1;EPA6;planned
413797329;47546584902;2026-07-22;2026-07-27;2026-07-27;EARLY;D24_PM1;EPA6;planned
413797329;47547050843;2026-07-22;2026-07-28;2026-07-28;EARLY;D24_PM1;EPA6;planned
413797329;47547078937;2026-07-26;2026-07-28;2026-07-28;EARLY;D24_PM1;EPA6;planned
413797329;47547659499;2026-07-21;2026-07-27;2026-07-27;EARLY;D24_PM1;EPA6;planned
413797329;47548099530;2026-07-22;2026-07-26;2026-07-26;EARLY;D24_PM1;EPA6;planned
413797329;47548339472;2026-07-22;2026-07-28;2026-07-28;EARLY;D24_PM1;EPA6;planned
413797329;47550084631;2026-07-24;2026-07-28;2026-07-28;EARLY;D24_PM1;EPA6;planned
413797329;47550448939;2026-07-26;2026-07-29;2026-07-29;EARLY;D24_PM1;EPA6;planned
413797329;47551076141;2026-07-24;2026-07-26;2026-07-26;EARLY;D24_PM1;EPA6;planned
413797329;47552314348;2026-07-23;2026-07-24;2026-07-24;ON TIME;D24_PM1;EPA6;planned
413797329;47554135670;2026-07-24;2026-07-29;2026-07-29;EARLY;D24_PM1;EPA6;planned
413797329;47555236432;2026-07-24;2026-07-25;2026-07-25;EARLY;D24_PM1;EPA6;planned
413797329;47555301133;2026-07-24;2026-07-26;2026-07-26;EARLY;D24_PM1;EPA6;planned
413797329;47555521533;2026-07-24;2026-07-26;2026-07-26;EARLY;D24_PM1;EPA6;planned
413797329;47556011887;2026-07-24;2026-07-28;2026-07-28;EARLY;D24_PM1;EPA6;planned
413797329;47558507745;2026-07-24;2026-07-26;2026-07-26;EARLY;D24_PM1;EPA6;planned
413797329;47558717613;2026-07-23;2026-07-24;2026-07-24;ON TIME;D24_PM1;EPA6;planned
413797329;47558833599;2026-07-24;2026-07-25;2026-07-25;EARLY;D24_PM1;EPA6;planned
413797329;47559663551;2026-07-25;;2026-07-25;EARLY;D24_PM1;EPA6;planned
413797329;47560103135;2026-07-24;2026-07-26;2026-07-26;EARLY;D24_PM1;EPA6;planned
413797329;47560172211;2026-07-24;2026-07-26;2026-07-26;EARLY;D24_PM1;EPA6;planned
413797329;47562137850;2026-07-23;2026-07-29;2026-07-29;EARLY;D24_PM1;EPA6;planned
413797329;47562995887;2026-07-25;2026-07-26;2026-07-26;EARLY;D24_PM1;EPA6;planned
413797329;47563743279;2026-07-24;2026-07-25;2026-07-25;EARLY;D24_PM1;EPA6;planned
413797329;47563830064;2026-07-25;;2026-07-25;EARLY;D24_PM1;EPA6;planned
413797329;47564853497;2026-07-24;2026-07-25;2026-07-25;EARLY;D24_PM1;EPA6;planned
413797329;47566095611;2026-07-24;2026-07-25;2026-07-25;EARLY;D24_PM1;EPA6;planned
413797329;47566550407;2026-07-25;;2026-07-25;EARLY;D24_PM1;EPA6;planned
413797329;47568490790;2026-07-24;2026-07-25;2026-07-25;EARLY;D24_PM1;EPA6;planned
413797329;47568699935;2026-07-24;2026-07-28;2026-07-28;EARLY;D24_PM1;EPA6;planned
413797329;47569016083;2026-07-24;2026-07-25;2026-07-25;EARLY;D24_PM1;EPA6;planned
413797329;47569025616;2026-07-25;;2026-07-25;EARLY;D24_PM1;EPA6;planned
413797329;47570757533;2026-07-24;2026-07-25;2026-07-25;EARLY;D24_PM1;EPA6;planned
413797329;47573208846;2026-07-24;2026-07-26;2026-07-26;EARLY;D24_PM1;EPA6;planned
413797329;47574040646;2026-07-24;2026-07-26;2026-07-26;EARLY;D24_PM1;EPA6;planned
413797329;47574311094;2026-07-24;2026-07-26;2026-07-26;EARLY;D24_PM1;EPA6;planned
413797329;47575066245;2026-07-25;;2026-07-25;EARLY;D24_PM1;EPA6;planned
413797329;47576544805;2026-07-24;2026-07-26;2026-07-26;EARLY;D24_PM1;EPA6;planned
413797329;47578290949;2026-07-24;2026-07-30;2026-07-30;EARLY;D24_PM1;EPA6;planned
413797329;47579075733;2026-07-27;2026-07-28;2026-07-28;EARLY;D24_PM1;EPA6;planned
413797329;47580967073;2026-07-25;2026-07-29;2026-07-29;EARLY;D24_PM1;EPA6;planned
413797329;47581128824;2026-07-25;;2026-07-25;EARLY;D24_PM1;EPA6;planned
413797329;47581430734;2026-07-25;2026-07-29;2026-07-29;EARLY;D24_PM1;EPA6;planned
413797329;47582402717;2026-07-25;;2026-07-25;EARLY;D24_PM1;EPA6;planned
413797329;47582964764;2026-07-25;;2026-07-25;EARLY;D24_PM1;EPA6;planned
413797329;47583026850;2026-07-25;;2026-07-25;EARLY;D24_PM1;EPA6;planned
413797329;47584114359;2026-07-25;;2026-07-25;EARLY;D24_PM1;EPA6;planned
413797329;47584260385;2026-07-25;;2026-07-25;EARLY;D24_PM1;EPA6;planned
413797329;47584511370;2026-07-25;;2026-07-25;EARLY;D24_PM1;EPA6;planned
413797329;47584659535;2026-07-25;2026-07-27;2026-07-27;EARLY;D24_PM1;EPA6;planned
413797399;47414838088;2026-07-23;2026-07-28;2026-07-28;EARLY;D23_PM1;EPA6;planned
413797399;47446701446;2026-07-22;2026-07-27;2026-07-27;EARLY;D23_PM1;EPA6;planned
413797399;47489786297;2026-07-19;2026-07-25;2026-07-25;EARLY;D23_PM1;EPA6;planned
413797399;47502299857;2026-07-21;2026-07-27;2026-07-27;EARLY;D23_PM1;EPA6;planned
413797399;47506232585;2026-07-21;2026-07-27;2026-07-27;EARLY;D23_PM1;EPA6;planned
413797399;47512566390;2026-07-20;2026-07-21;2026-07-21;VENCIDO;D23_PM1;EPA6;planned
413797399;47515881830;2026-07-17;2026-07-18;2026-07-18;VENCIDO;D23_PM1;EPA6;planned
413797399;47527633757;2026-07-20;2026-07-26;2026-07-26;EARLY;D23_PM1;EPA6;planned
413797399;47532506952;2026-07-21;2026-07-27;2026-07-27;EARLY;D23_PM1;EPA6;planned
413797399;47532751666;2026-07-19;2026-07-25;2026-07-25;EARLY;D23_PM1;EPA6;planned
413797399;47533188421;2026-07-21;2026-07-27;2026-07-27;EARLY;D23_PM1;EPA6;planned
413797399;47533430923;2026-07-21;2026-07-27;2026-07-27;EARLY;D23_PM1;EPA6;planned
413797399;47533702061;2026-07-21;2026-07-27;2026-07-27;EARLY;D23_PM1;EPA6;planned
413797399;47533804051;2026-07-21;2026-07-25;2026-07-25;EARLY;D23_PM1;EPA6;planned
413797399;47534109545;2026-07-21;2026-07-27;2026-07-27;EARLY;D23_PM1;EPA6;planned
413797399;47534401242;2026-07-21;2026-07-27;2026-07-27;EARLY;D23_PM1;EPA6;planned
413797399;47535044341;2026-07-21;2026-07-27;2026-07-27;EARLY;D23_PM1;EPA6;planned
413797399;47535455359;2026-07-23;2026-07-28;2026-07-28;EARLY;D23_PM1;EPA6;planned
413797399;47535712434;2026-07-23;2026-07-28;2026-07-28;EARLY;D23_PM1;EPA6;planned
413797399;47535894874;2026-07-23;2026-07-28;2026-07-28;EARLY;D23_PM1;EPA6;planned
413797399;47536044383;2026-07-21;2026-07-27;2026-07-27;EARLY;D23_PM1;EPA6;planned
413797399;47536044393;2026-07-23;2026-07-28;2026-07-28;EARLY;D23_PM1;EPA6;planned
413797399;47536661039;2026-07-22;2026-07-27;2026-07-27;EARLY;D23_PM1;EPA6;planned
413797399;47538662236;2026-07-23;2026-07-28;2026-07-28;EARLY;D23_PM1;EPA6;planned
413797399;47539161981;2026-07-21;2026-07-27;2026-07-27;EARLY;D23_PM1;EPA6;planned
413797399;47539811491;2026-07-25;2026-07-29;2026-07-29;EARLY;D23_PM1;EPA6;planned
413797399;47542392784;2026-07-21;2026-07-24;2026-07-24;ON TIME;D23_PM1;EPA6;planned
413797399;47542766933;2026-07-22;2026-07-23;2026-07-23;VENCIDO;D23_PM1;EPA6;planned
413797399;47543856224;2026-07-21;2026-07-27;2026-07-27;EARLY;D23_PM1;EPA6;planned
413797399;47544851071;2026-07-24;2026-07-28;2026-07-28;EARLY;D23_PM1;EPA6;planned
413797399;47545141106;2026-07-24;2026-07-27;2026-07-27;EARLY;D23_PM1;EPA6;planned
413797399;47546142208;2026-07-24;2026-07-25;2026-07-25;EARLY;D23_PM1;EPA6;planned
413797399;47547598302;2026-07-22;2026-07-28;2026-07-28;EARLY;D23_PM1;EPA6;planned
413797399;47548505575;2026-07-21;2026-07-27;2026-07-27;EARLY;D23_PM1;EPA6;planned
413797399;47548939295;2026-07-24;2026-07-26;2026-07-26;EARLY;D23_PM1;EPA6;planned
413797399;47549434195;2026-07-22;2026-07-23;2026-07-23;VENCIDO;D23_PM1;EPA6;planned
413797399;47549681265;2026-07-23;2026-07-28;2026-07-28;EARLY;D23_PM1;EPA6;planned
413797399;47550054118;2026-07-21;2026-07-25;2026-07-25;EARLY;D23_PM1;EPA6;planned
413797399;47550168547;2026-07-22;2026-07-28;2026-07-28;EARLY;D23_PM1;EPA6;planned
413797399;47550520747;2026-07-22;2026-07-23;2026-07-23;VENCIDO;D23_PM1;EPA6;planned
413797399;47550979807;2026-07-24;2026-07-25;2026-07-25;EARLY;D23_PM1;EPA6;planned
413797399;47551723127;2026-07-22;2026-07-27;2026-07-27;EARLY;D23_PM1;EPA6;planned
413797399;47552306572;2026-07-24;2026-07-27;2026-07-27;EARLY;D23_PM1;EPA6;planned
413797399;47552940481;2026-07-25;2026-07-27;2026-07-27;EARLY;D23_PM1;EPA6;planned
413797399;47553220818;2026-07-22;2026-07-27;2026-07-27;EARLY;D23_PM1;EPA6;planned
413797399;47553242877;2026-07-24;2026-07-26;2026-07-26;EARLY;D23_PM1;EPA6;planned
413797399;47554017383;2026-07-24;2026-07-26;2026-07-26;EARLY;D23_PM1;EPA6;planned
413797399;47554212244;2026-07-25;2026-07-27;2026-07-27;EARLY;D23_PM1;EPA6;planned
413797399;47554270410;2026-07-25;2026-07-26;2026-07-26;EARLY;D23_PM1;EPA6;planned
413797399;47555318981;2026-07-24;2026-07-26;2026-07-26;EARLY;D23_PM1;EPA6;planned
413797399;47556178668;2026-07-24;2026-07-25;2026-07-25;EARLY;D23_PM1;EPA6;planned
413797399;47556482235;2026-07-24;2026-07-25;2026-07-25;EARLY;D23_PM1;EPA6;planned
413797399;47556631746;2026-07-25;2026-07-27;2026-07-27;EARLY;D23_PM1;EPA6;planned
413797399;47558003822;2026-07-23;2026-07-28;2026-07-28;EARLY;D23_PM1;EPA6;planned
413797399;47559528730;2026-07-24;2026-07-25;2026-07-25;EARLY;D23_PM1;EPA6;planned
413797399;47559678530;2026-07-24;2026-07-25;2026-07-25;EARLY;D23_PM1;EPA6;planned
413797399;47559951085;2026-07-24;2026-07-25;2026-07-25;EARLY;D23_PM1;EPA6;planned
413797399;47561177909;2026-07-24;2026-07-25;2026-07-25;EARLY;D23_PM1;EPA6;planned
413797399;47561770327;2026-07-25;;2026-07-25;EARLY;D23_PM1;EPA6;planned
413797399;47562022014;2026-07-25;;2026-07-25;EARLY;D23_PM1;EPA6;planned
413797399;47562022048;2026-07-25;;2026-07-25;EARLY;D23_PM1;EPA6;planned
413797399;47562022076;2026-07-25;;2026-07-25;EARLY;D23_PM1;EPA6;planned
413797399;47562125927;2026-07-24;;2026-07-24;ON TIME;D23_PM1;EPA6;planned
413797399;47562279010;2026-07-24;2026-07-29;2026-07-29;EARLY;D23_PM1;EPA6;planned
413797399;47563265129;2026-07-24;2026-07-25;2026-07-25;EARLY;D23_PM1;EPA6;planned
413797399;47564659200;2026-07-25;2026-07-26;2026-07-26;EARLY;D23_PM1;EPA6;planned
413797399;47565904665;;;;;D23_PM1;EPA6;planned
413797399;47565904715;;;;;D23_PM1;EPA6;planned
413797399;47566734160;2026-07-24;2026-07-25;2026-07-25;EARLY;D23_PM1;EPA6;planned
413797399;47567117042;2026-07-24;2026-07-25;2026-07-25;EARLY;D23_PM1;EPA6;planned
413797399;47567300079;2026-07-25;;2026-07-25;EARLY;D23_PM1;EPA6;planned
413797399;47567784765;2026-07-25;;2026-07-25;EARLY;D23_PM1;EPA6;planned
413797399;47569326509;2026-07-24;2026-07-25;2026-07-25;EARLY;D23_PM1;EPA6;planned
413797399;47570075778;2026-07-26;2026-07-27;2026-07-27;EARLY;D23_PM1;EPA6;planned
413797399;47570206261;2026-07-24;2026-07-25;2026-07-25;EARLY;D23_PM1;EPA6;planned
413797399;47570227434;2026-07-25;;2026-07-25;EARLY;D23_PM1;EPA6;planned
413797399;47570987399;2026-07-24;2026-07-25;2026-07-25;EARLY;D23_PM1;EPA6;planned
413797399;47573920617;2026-07-24;2026-07-26;2026-07-26;EARLY;D23_PM1;EPA6;planned
413797399;47573947977;2026-07-24;2026-07-26;2026-07-26;EARLY;D23_PM1;EPA6;planned
413797399;47574506222;2026-07-25;;2026-07-25;EARLY;D23_PM1;EPA6;planned
413797399;47575854483;2026-07-24;2026-07-26;2026-07-26;EARLY;D23_PM1;EPA6;planned
413797399;47576255223;2026-07-24;2026-07-26;2026-07-26;EARLY;D23_PM1;EPA6;planned
413797399;47576330040;2026-07-25;;2026-07-25;EARLY;D23_PM1;EPA6;planned
413797399;47576468679;2026-07-24;2026-07-26;2026-07-26;EARLY;D23_PM1;EPA6;planned
413797399;47576811965;2026-07-24;2026-07-26;2026-07-26;EARLY;D23_PM1;EPA6;planned
413797399;47577222785;2026-07-25;;2026-07-25;EARLY;D23_PM1;EPA6;planned
413797399;47577258010;2026-07-24;2026-07-26;2026-07-26;EARLY;D23_PM1;EPA6;planned
413797399;47578079643;2026-07-26;2026-07-28;2026-07-28;EARLY;D23_PM1;EPA6;planned
413797399;47579898079;2026-07-25;;2026-07-25;EARLY;D23_PM1;EPA6;planned
413797399;47580166354;2026-07-25;;2026-07-25;EARLY;D23_PM1;EPA6;planned
413797399;47581507873;2026-07-25;;2026-07-25;EARLY;D23_PM1;EPA6;planned
413797399;47581535363;2026-07-25;;2026-07-25;EARLY;D23_PM1;EPA6;planned
413797399;47581578594;2026-07-25;;2026-07-25;EARLY;D23_PM1;EPA6;planned
413797399;47581704747;2026-07-25;;2026-07-25;EARLY;D23_PM1;EPA6;planned
413797399;47582324066;2026-07-25;;2026-07-25;EARLY;D23_PM1;EPA6;planned
413797399;47582620057;2026-07-25;;2026-07-25;EARLY;D23_PM1;EPA6;planned
413797399;47583631163;2026-07-25;;2026-07-25;EARLY;D23_PM1;EPA6;planned
413797399;47584746172;2026-07-25;;2026-07-25;EARLY;D23_PM1;EPA6;planned
413797399;47586442410;2026-07-25;;2026-07-25;EARLY;D23_PM1;EPA6;planned
413798183;47463768270;2026-07-16;2026-07-22;2026-07-22;VENCIDO;D25_PM1;EPA6;planned
413798183;47502345573;2026-07-18;2026-07-24;2026-07-24;ON TIME;D25_PM1;EPA6;planned
413798183;47502789056;2026-07-24;2026-07-28;2026-07-28;EARLY;D25_PM1;EPA6;planned
413798183;47516257236;2026-07-21;2026-07-27;2026-07-27;EARLY;D25_PM1;EPA6;planned
413798183;47519547857;2026-07-22;2026-07-26;2026-07-26;EARLY;D25_PM1;EPA6;planned
413798183;47521141006;2026-07-23;2026-07-25;2026-07-25;EARLY;D25_PM1;EPA6;planned
413798183;47524055505;2026-07-21;2026-07-27;2026-07-27;EARLY;D25_PM1;EPA6;planned
413798183;47524116990;2026-07-20;2026-07-26;2026-07-26;EARLY;D25_PM1;EPA6;planned
413798183;47526492456;2026-07-19;2026-07-21;2026-07-21;VENCIDO;D25_PM1;EPA6;planned
413798183;47526649039;2026-07-21;2026-07-27;2026-07-27;EARLY;D25_PM1;EPA6;planned
413798183;47526886152;2026-07-20;2026-07-26;2026-07-26;EARLY;D25_PM1;EPA6;planned
413798183;47530623465;2026-07-22;2026-07-27;2026-07-27;EARLY;D25_PM1;EPA6;planned
413798183;47532233677;2026-07-23;2026-07-28;2026-07-28;EARLY;D25_PM1;EPA6;planned
413798183;47532492383;2026-07-21;2026-07-25;2026-07-25;EARLY;D25_PM1;EPA6;planned
413798183;47532681752;2026-07-21;2026-07-27;2026-07-27;EARLY;D25_PM1;EPA6;planned
413798183;47533134482;2026-07-23;2026-07-27;2026-07-27;EARLY;D25_PM1;EPA6;planned
413798183;47535786994;2026-07-21;2026-07-27;2026-07-27;EARLY;D25_PM1;EPA6;planned
413798183;47537496084;2026-07-21;2026-07-27;2026-07-27;EARLY;D25_PM1;EPA6;planned
413798183;47537959881;2026-07-22;2026-07-27;2026-07-27;EARLY;D25_PM1;EPA6;planned
413798183;47538341899;2026-07-21;2026-07-27;2026-07-27;EARLY;D25_PM1;EPA6;planned
413798183;47539358092;2026-07-21;2026-07-27;2026-07-27;EARLY;D25_PM1;EPA6;planned
413798183;47539835270;2026-07-21;2026-07-25;2026-07-25;EARLY;D25_PM1;EPA6;planned
413798183;47540511769;2026-07-21;2026-07-27;2026-07-27;EARLY;D25_PM1;EPA6;planned
413798183;47540757563;2026-07-21;2026-07-27;2026-07-27;EARLY;D25_PM1;EPA6;planned
413798183;47541819749;2026-07-21;2026-07-27;2026-07-27;EARLY;D25_PM1;EPA6;planned
413798183;47542117652;2026-07-21;2026-07-23;2026-07-23;VENCIDO;D25_PM1;EPA6;planned
413798183;47542178653;2026-07-19;2026-07-23;2026-07-23;VENCIDO;D25_PM1;EPA6;planned
413798183;47542487859;2026-07-21;2026-07-27;2026-07-27;EARLY;D25_PM1;EPA6;planned
413798183;47542761206;2026-07-21;2026-07-27;2026-07-27;EARLY;D25_PM1;EPA6;planned
413798183;47542784465;2026-07-22;2026-07-28;2026-07-28;EARLY;D25_PM1;EPA6;planned
413798183;47543600666;2026-07-19;2026-07-25;2026-07-25;EARLY;D25_PM1;EPA6;planned
413798183;47545534276;2026-07-22;2026-07-28;2026-07-28;EARLY;D25_PM1;EPA6;planned
413798183;47545702380;2026-07-21;2026-07-27;2026-07-27;EARLY;D25_PM1;EPA6;planned
413798183;47546515063;2026-07-20;2026-07-21;2026-07-21;VENCIDO;D25_PM1;EPA6;planned
413798183;47546638300;2026-07-23;2026-07-28;2026-07-28;EARLY;D25_PM1;EPA6;planned
413798183;47547256515;2026-07-24;2026-07-25;2026-07-25;EARLY;D25_PM1;EPA6;planned
413798183;47547354734;2026-07-24;2026-07-25;2026-07-25;EARLY;D25_PM1;EPA6;planned
413798183;47547440513;2026-07-24;2026-07-26;2026-07-26;EARLY;D25_PM1;EPA6;planned
413798183;47547680528;2026-07-22;2026-07-28;2026-07-28;EARLY;D25_PM1;EPA6;planned
413798183;47547828134;2026-07-22;2026-07-26;2026-07-26;EARLY;D25_PM1;EPA6;planned
413798183;47548513008;2026-08-01;2026-08-04;2026-08-04;EARLY;D25_PM1;EPA6;planned
413798183;47548685217;2026-07-26;2026-07-28;2026-07-28;EARLY;D25_PM1;EPA6;planned
413798183;47548784603;2026-07-22;2026-07-27;2026-07-27;EARLY;D25_PM1;EPA6;planned
413798183;47548873660;2026-07-24;2026-07-27;2026-07-27;EARLY;D25_PM1;EPA6;planned
413798183;47550094590;2026-07-22;2026-07-26;2026-07-26;EARLY;D25_PM1;EPA6;planned
413798183;47550418404;2026-07-23;2026-07-28;2026-07-28;EARLY;D25_PM1;EPA6;planned
413798183;47551733384;2026-07-24;2026-07-26;2026-07-26;EARLY;D25_PM1;EPA6;planned
413798183;47552405358;2026-07-22;2026-07-27;2026-07-27;EARLY;D25_PM1;EPA6;planned
413798183;47552876790;2026-07-24;2026-07-25;2026-07-25;EARLY;D25_PM1;EPA6;planned
413798183;47554527076;2026-07-24;2026-07-28;2026-07-28;EARLY;D25_PM1;EPA6;planned
413798183;47557871318;2026-07-24;2026-07-25;2026-07-25;EARLY;D25_PM1;EPA6;planned
413798183;47557871326;2026-07-25;;2026-07-25;EARLY;D25_PM1;EPA6;planned
413798183;47559508401;2026-07-25;;2026-07-25;EARLY;D25_PM1;EPA6;planned
413798183;47560379466;2026-07-24;2026-07-25;2026-07-25;EARLY;D25_PM1;EPA6;planned
413798183;47560427002;2026-07-24;2026-07-25;2026-07-25;EARLY;D25_PM1;EPA6;planned
413798183;47560864604;2026-07-25;;2026-07-25;EARLY;D25_PM1;EPA6;planned
413798183;47562554113;2026-07-25;;2026-07-25;EARLY;D25_PM1;EPA6;planned
413798183;47562705403;2026-07-25;;2026-07-25;EARLY;D25_PM1;EPA6;planned
413798183;47562705469;2026-07-25;;2026-07-25;EARLY;D25_PM1;EPA6;planned
413798183;47562806072;2026-07-24;2026-07-27;2026-07-27;EARLY;D25_PM1;EPA6;planned
413798183;47565265415;2026-07-25;;2026-07-25;EARLY;D25_PM1;EPA6;planned
413798183;47565516982;2026-07-24;2026-07-25;2026-07-25;EARLY;D25_PM1;EPA6;planned
413798183;47565667138;2026-07-24;2026-07-28;2026-07-28;EARLY;D25_PM1;EPA6;planned
413798183;47565668669;2026-07-24;2026-07-26;2026-07-26;EARLY;D25_PM1;EPA6;planned
413798183;47565777407;2026-07-24;2026-07-26;2026-07-26;EARLY;D25_PM1;EPA6;planned
413798183;47565896015;2026-07-25;;2026-07-25;EARLY;D25_PM1;EPA6;planned
413798183;47567653598;2026-07-25;2026-07-26;2026-07-26;EARLY;D25_PM1;EPA6;planned
413798183;47569388000;2026-07-25;;2026-07-25;EARLY;D25_PM1;EPA6;planned
413798183;47569573009;2026-07-23;2026-07-28;2026-07-28;EARLY;D25_PM1;EPA6;planned
413798183;47571070018;2026-07-24;2026-07-25;2026-07-25;EARLY;D25_PM1;EPA6;planned
413798183;47571133347;2026-07-25;;2026-07-25;EARLY;D25_PM1;EPA6;planned
413798183;47571383334;2026-07-25;;2026-07-25;EARLY;D25_PM1;EPA6;planned
413798183;47572555427;2026-07-24;2026-07-30;2026-07-30;EARLY;D25_PM1;EPA6;planned
413798183;47572622343;2026-07-24;2026-07-25;2026-07-25;EARLY;D25_PM1;EPA6;planned
413798183;47572875024;2026-07-25;2026-07-27;2026-07-27;EARLY;D25_PM1;EPA6;planned
413798183;47573197026;2026-07-23;2026-07-25;2026-07-25;EARLY;D25_PM1;EPA6;planned
413798183;47573853551;2026-07-24;2026-07-26;2026-07-26;EARLY;D25_PM1;EPA6;planned
413798183;47574244658;2026-07-24;2026-07-26;2026-07-26;EARLY;D25_PM1;EPA6;planned
413798183;47574847656;2026-07-25;;2026-07-25;EARLY;D25_PM1;EPA6;planned
413798183;47575319455;2026-07-24;2026-07-28;2026-07-28;EARLY;D25_PM1;EPA6;planned
413798183;47575404351;2026-07-24;2026-07-28;2026-07-28;EARLY;D25_PM1;EPA6;planned
413798183;47576537349;2026-07-24;2026-07-26;2026-07-26;EARLY;D25_PM1;EPA6;planned
413798183;47576818332;2026-07-24;2026-07-26;2026-07-26;EARLY;D25_PM1;EPA6;planned
413798183;47576848954;2026-07-25;;2026-07-25;EARLY;D25_PM1;EPA6;planned
413798183;47577320354;2026-07-26;2026-07-28;2026-07-28;EARLY;D25_PM1;EPA6;planned
413798183;47578186960;2026-07-25;;2026-07-25;EARLY;D25_PM1;EPA6;planned
413798183;47578186984;2026-07-25;;2026-07-25;EARLY;D25_PM1;EPA6;planned
413798183;47578219602;2026-07-24;2026-07-26;2026-07-26;EARLY;D25_PM1;EPA6;planned
413798183;47579832337;2026-07-24;2026-07-26;2026-07-26;EARLY;D25_PM1;EPA6;planned
413798183;47581163753;2026-07-25;;2026-07-25;EARLY;D25_PM1;EPA6;planned
413798183;47581556063;2026-07-25;2026-07-26;2026-07-26;EARLY;D25_PM1;EPA6;planned
413798183;47581715122;2026-07-25;;2026-07-25;EARLY;D25_PM1;EPA6;planned
413798183;47581993258;2026-07-25;;2026-07-25;EARLY;D25_PM1;EPA6;planned
413798183;47582568123;2026-07-25;2026-07-26;2026-07-26;EARLY;D25_PM1;EPA6;planned
413798183;47583099437;2026-07-25;;2026-07-25;EARLY;D25_PM1;EPA6;planned
413798183;47583350252;2026-07-26;2026-07-28;2026-07-28;EARLY;D25_PM1;EPA6;planned
413798183;47583725271;2026-07-25;;2026-07-25;EARLY;D25_PM1;EPA6;planned
